ｅＭＡＸＩＳ Ｓｌｉｍ 全世界株式（オール・カントリー）,,,,
基準日,基準価額(円),基準価額（分配金再投資）(円),分配金（税引前）(円),純資産総額（億円）
2018/10/31,10000,10000,,0.1
2018/11/1,10077,10077,,0.1
2018/11/2,10209,10209,,0.11
2018/11/5,10228,10228,,0.35
2018/11/6,10259,10259,,0.86
2018/11/7,10293,10293,,1.14
2018/11/8,10494,10494,,1.25
2018/11/9,10493,10493,,1.35
2018/11/12,10388,10388,,1.55
2018/11/13,10187,10187,,1.65
2018/11/14,10232,10232,,1.65
2018/11/15,10156,10156,,2.12
2018/11/16,10217,10217,,2.21
2018/11/19,10176,10176,,2.28
2018/11/20,10059,10059,,2.34
2018/11/21,9907,9907,,2.45
2018/11/22,9987,9987,,2.55
2018/11/26,9925,9925,,2.68
2018/11/27,10087,10087,,2.72
2018/11/28,10122,10122,,3.08
2018/11/29,10277,10277,,3.22
2018/11/30,10271,10271,,3.67
2018/12/3,10325,10325,,3.79
2018/12/4,10426,10426,,3.95
2018/12/5,10143,10143,,4.14
2018/12/6,10096,10096,,4.39
2018/12/7,9995,9995,,4.34
2018/12/10,9842,9842,,4.5
2018/12/11,9824,9824,,4.73
2018/12/12,9897,9897,,5.05
2018/12/13,9983,9983,,5.24
2018/12/14,9992,9992,,5.34
2018/12/17,9835,9835,,5.38
2018/12/18,9633,9633,,5.37
2018/12/19,9588,9588,,5.55
2018/12/20,9501,9501,,5.84
2018/12/21,9283,9283,,5.97
2018/12/25,8878,8878,,5.85
2018/12/26,8929,8929,,5.98
2018/12/27,9230,9230,,6.18
2018/12/28,9254,9254,,6.19
2019/1/4,8926,8926,,6.59
2019/1/7,9261,9261,,7.18
2019/1/8,9346,9346,,7.88
2019/1/9,9414,9414,,8.29
2019/1/10,9448,9448,,8.57
2019/1/11,9504,9504,,8.7
2019/1/15,9456,9456,,9.02
2019/1/16,9531,9531,,9.29
2019/1/17,9600,9600,,9.74
2019/1/18,9685,9685,,10.28
2019/1/21,9820,9820,,10.55
2019/1/22,9816,9816,,10.49
2019/1/23,9694,9694,,10.36
2019/1/24,9718,9718,,11.22
2019/1/25,9756,9756,,11.37
2019/1/28,9814,9814,,11.51
2019/1/29,9735,9735,,11.61
2019/1/30,9759,9759,,11.84
2019/1/31,9848,9848,,12.06
2019/2/1,9905,9905,,12.2
2019/2/4,9973,9973,,12.5
2019/2/5,10047,10047,,13.08
2019/2/6,10098,10098,,13.64
2019/2/7,10070,10070,,13.6
2019/2/8,9958,9958,,13.45
2019/2/12,10029,10029,,13.54
2019/2/13,10140,10140,,14.72
2019/2/14,10192,10192,,15.21
2019/2/15,10128,10128,,15.23
2019/2/18,10232,10232,,15.93
2019/2/19,10243,10243,,16.21
2019/2/20,10286,10286,,16.28
2019/2/21,10321,10321,,16.7
2019/2/22,10301,10301,,16.85
2019/2/25,10368,10368,,17.13
2019/2/26,10413,10413,,17.9
2019/2/27,10380,10380,,18.33
2019/2/28,10387,10387,,18.52
2019/3/1,10418,10418,,18.74
2019/3/4,10513,10513,,19.15
2019/3/5,10477,10477,,19.97
2019/3/6,10452,10452,,20.4
2019/3/7,10402,10402,,20.52
2019/3/8,10292,10292,,20.49
2019/3/11,10200,10200,,20.48
2019/3/12,10382,10382,,20.96
2019/3/13,10390,10390,,21.28
2019/3/14,10452,10452,,21.82
2019/3/15,10516,10516,,22.08
2019/3/18,10550,10550,,22.27
2019/3/19,10577,10577,,22.64
2019/3/20,10616,10616,,22.95
2019/3/22,10570,10570,,23.12
2019/3/25,10309,10309,,22.7
2019/3/26,10330,10330,,23.14
2019/3/27,10415,10415,,23.5
2019/3/28,10348,10348,,23.52
2019/3/29,10429,10429,,24.04
2019/4/1,10519,10519,,24.35
2019/4/2,10656,10656,,25.21
2019/4/3,10684,10684,,26.43
2019/4/4,10734,10734,,26.74
2019/4/5,10763,10763,,27.11
2019/4/8,10765,10765,,27.24
2019/4/9,10781,10781,,27.28
2019/4/10,10715,10715,,27.66
2019/4/11,10742,10742,,27.92
2019/4/12,10791,10791,,28.31
2019/4/15,10879,10879,,28.72
2019/4/16,10874,10874,,29.2
2019/4/17,10904,10904,,29.87
2019/4/18,10882,10882,,30.01
2019/4/19,10880,10880,,30.32
2019/4/22,10880,10880,,30.55
2019/4/23,10870,10870,,30.52
2019/4/24,10934,10934,,30.7
2019/4/25,10927,10927,0,31.56
2019/4/26,10868,10868,,31.52
2019/5/7,10755,10755,,31.51
2019/5/8,10560,10560,,31.07
2019/5/9,10520,10520,,32.77
2019/5/10,10437,10437,,32.85
2019/5/13,10460,10460,,33.25
2019/5/14,10237,10237,,33.05
2019/5/15,10318,10318,,33.31
2019/5/16,10356,10356,,34.21
2019/5/17,10476,10476,,35.09
2019/5/20,10435,10435,,35.1
2019/5/21,10376,10376,,35.12
2019/5/22,10471,10471,,35.86
2019/5/23,10424,10424,,35.87
2019/5/24,10263,10263,,35.52
2019/5/27,10278,10278,,35.7
2019/5/28,10291,10291,,35.9
2019/5/29,10201,10201,,35.59
2019/5/30,10151,10151,,36.1
2019/5/31,10142,10142,,36.16
2019/6/3,9976,9976,,35.73
2019/6/4,9954,9954,,36.01
2019/6/5,10119,10119,,38.05
2019/6/6,10187,10187,,38.6
2019/6/7,10247,10247,,39.55
2019/6/10,10354,10354,,40.25
2019/6/11,10409,10409,,40.47
2019/6/12,10443,10443,,40.22
2019/6/13,10392,10392,,40.15
2019/6/14,10410,10410,,40.45
2019/6/17,10387,10387,,40.64
2019/6/18,10379,10379,,40.55
2019/6/19,10497,10497,,41.45
2019/6/20,10494,10494,,41.56
2019/6/21,10544,10544,,41.87
2019/6/24,10540,10540,,42.08
2019/6/25,10516,10516,,42.14
2019/6/26,10438,10438,,41.99
2019/6/27,10476,10476,,42.48
2019/6/28,10521,10521,,42.77
2019/7/1,10623,10623,,43.36
2019/7/2,10703,10703,,44.29
2019/7/3,10660,10660,,44.11
2019/7/4,10739,10739,,46.11
2019/7/5,10757,10757,,46.32
2019/7/8,10766,10766,,46.35
2019/7/9,10739,10739,,46.86
2019/7/10,10744,10744,,47.33
2019/7/11,10720,10720,,47.35
2019/7/12,10766,10766,,47.93
2019/7/16,10750,10750,,48.07
2019/7/17,10760,10760,,48.37
2019/7/18,10656,10656,,48.78
2019/7/19,10668,10668,,49.08
2019/7/22,10664,10664,,49.58
2019/7/23,10688,10688,,49.87
2019/7/24,10759,10759,,50.75
2019/7/25,10791,10791,,51.21
2019/7/26,10788,10788,,51.73
2019/7/29,10802,10802,,52.19
2019/7/30,10831,10831,,52.6
2019/7/31,10758,10758,,52.55
2019/8/1,10716,10716,,52.51
2019/8/2,10458,10458,,51.72
2019/8/5,10258,10258,,52.42
2019/8/6,9961,9961,,51.3
2019/8/7,10044,10044,,52.6
2019/8/8,10050,10050,,53.25
2019/8/9,10210,10210,,55.13
2019/8/13,10002,10002,,54.69
2019/8/14,10178,10178,,56.02
2019/8/15,9919,9919,,55.96
2019/8/16,9927,9927,,56.36
2019/8/19,10074,10074,,58.07
2019/8/20,10201,10201,,59.25
2019/8/21,10122,10122,,59.32
2019/8/22,10219,10219,,60.18
2019/8/23,10200,10200,,60.35
2019/8/26,9885,9885,,58.81
2019/8/27,10000,10000,,59.72
2019/8/28,9987,9987,,59.64
2019/8/29,10048,10048,,60.88
2019/8/30,10194,10194,,62.04
2019/9/2,10186,10186,,61.86
2019/9/3,10202,10202,,62.07
2019/9/4,10116,10116,,61.55
2019/9/5,10295,10295,,65.06
2019/9/6,10463,10463,,66.3
2019/9/9,10477,10477,,66.62
2019/9/10,10527,10527,,67.14
2019/9/11,10562,10562,,67.69
2019/9/12,10674,10674,,69.01
2019/9/13,10734,10734,,69.63
2019/9/17,10702,10702,,69.61
2019/9/18,10717,10717,,69.88
2019/9/19,10731,10731,,70.32
2019/9/20,10712,10712,,70.33
2019/9/24,10629,10629,,69.95
2019/9/25,10519,10519,,69.39
2019/9/26,10580,10580,,70.04
2019/9/27,10584,10584,,70.44
2019/9/30,10556,10556,,70.41
2019/10/1,10615,10615,,71.02
2019/10/2,10474,10474,,70.51
2019/10/3,10231,10231,,68.87
2019/10/4,10266,10266,,71.67
2019/10/7,10359,10359,,73.08
2019/10/8,10403,10403,,73.59
2019/10/9,10258,10258,,72.56
2019/10/10,10345,10345,,74.12
2019/10/11,10491,10491,,75.45
2019/10/15,10652,10652,,77.12
2019/10/16,10769,10769,,78.31
2019/10/17,10773,10773,,79.15
2019/10/18,10800,10800,,79.47
2019/10/21,10754,10754,,79.2
2019/10/23,10788,10788,,79.47
2019/10/24,10835,10835,,80.48
2019/10/25,10870,10870,,81.02
2019/10/28,10906,10906,,81.72
2019/10/29,10982,10982,,82.89
2019/10/30,10964,10964,,83.5
2019/10/31,10999,10999,,83.85
2019/11/1,10884,10884,,82.94
2019/11/5,11116,11116,,84.99
2019/11/6,11140,11140,,88.07
2019/11/7,11132,11132,,88.92
2019/11/8,11213,11213,,89.75
2019/11/11,11183,11183,,90.8
2019/11/12,11166,11166,,90.81
2019/11/13,11153,11153,,90.71
2019/11/14,11115,11115,,91.57
2019/11/15,11103,11103,,91.37
2019/11/18,11202,11202,,92.12
2019/11/19,11181,11181,,92.44
2019/11/20,11190,11190,,93.26
2019/11/21,11129,11129,,93.25
2019/11/22,11128,11128,,93.87
2019/11/25,11165,11165,,94.55
2019/11/26,11267,11267,,95.91
2019/11/27,11291,11291,,96.93
2019/11/28,11354,11354,,97.71
2019/11/29,11361,11361,,98.03
2019/12/2,11328,11328,,97.74
2019/12/3,11198,11198,,96.59
2019/12/4,11075,11075,,98.87
2019/12/5,11169,11169,,100.11
2019/12/6,11184,11184,,100.82
2019/12/9,11252,11252,,101.87
2019/12/10,11233,11233,,102.84
2019/12/11,11231,11231,,104.02
2019/12/12,11256,11256,,105.38
2019/12/13,11466,11466,,107.67
2019/12/16,11478,11478,,108.23
2019/12/17,11577,11577,,110.49
2019/12/18,11580,11580,,111.69
2019/12/19,11599,11599,,112.88
2019/12/20,11597,11597,,112.99
2019/12/23,11635,11635,,113.99
2019/12/24,11654,11654,,114.2
2019/12/25,11639,11639,,115.13
2019/12/26,11669,11669,,115.59
2019/12/27,11723,11723,,116.13
2019/12/30,11736,11736,,116.25
2020/1/6,11569,11569,,116.41
2020/1/7,11624,11624,,117.58
2020/1/8,11539,11539,,121.92
2020/1/9,11717,11717,,124.9
2020/1/10,11828,11828,,127
2020/1/14,11947,11947,,130.21
2020/1/15,11916,11916,,131.48
2020/1/16,11930,11930,,134.96
2020/1/17,12036,12036,,138.47
2020/1/20,12071,12071,,139.98
2020/1/21,12067,12067,,141.1
2020/1/22,11985,11985,,140.15
2020/1/23,11974,11974,,143.21
2020/1/24,11932,11932,,147.77
2020/1/27,11811,11811,,147.23
2020/1/28,11603,11603,,145.7
2020/1/29,11711,11711,,147.06
2020/1/30,11685,11685,,146.73
2020/1/31,11667,11667,,150.48
2020/2/3,11453,11453,,148.56
2020/2/4,11514,11514,,150.79
2020/2/5,11779,11779,,160
2020/2/6,11933,11933,,163.27
2020/2/7,11987,11987,,165.15
2020/2/10,11888,11888,,165.38
2020/2/12,12003,12003,,167.43
2020/2/13,12074,12074,,170.96
2020/2/14,12049,12049,,172.52
2020/2/17,12048,12048,,173.46
2020/2/18,12048,12048,,174.65
2020/2/19,12010,12010,,174.09
2020/2/20,12216,12216,,179.84
2020/2/21,12241,12241,,180.78
2020/2/25,11638,11638,,172.66
2020/2/26,11328,11328,,168.66
2020/2/27,11261,11261,,169.97
2020/2/28,10793,10793,,165.1
2020/3/2,10476,10476,,161.86
2020/3/3,10831,10831,,168.75
2020/3/4,10621,10621,,173.8
2020/3/5,10931,10931,,181.8
2020/3/6,10569,10569,,177.41
2020/3/9,9933,9933,,168.57
2020/3/10,9362,9362,,160.15
2020/3/11,9751,9751,,168.69
2020/3/12,9356,9356,,164.42
2020/3/13,8521,8521,,151.43
2020/3/16,9140,9140,,164.85
2020/3/17,8294,8294,,152.44
2020/3/18,8645,8645,,162.85
2020/3/19,8320,8320,,159.44
2020/3/23,8339,8339,,162.15
2020/3/24,8102,8102,,159.44
2020/3/25,8832,8832,,173.46
2020/3/26,8993,8993,,178.92
2020/3/27,9286,9286,,187.5
2020/3/30,8923,8923,,182.11
2020/3/31,9170,9170,,188.59
2020/4/1,9029,9029,,187.11
2020/4/2,8684,8684,,181.49
2020/4/3,8852,8852,,192.3
2020/4/6,8827,8827,,196.6
2020/4/7,9319,9319,,208.47
2020/4/8,9365,9365,,211.88
2020/4/9,9581,9581,,216.88
2020/4/10,9693,9693,,220.76
2020/4/13,9652,9652,,221.79
2020/4/14,9562,9562,,219.71
2020/4/15,9738,9738,,223.76
2020/4/16,9552,9552,,223.72
2020/4/17,9621,9621,,227.11
2020/4/20,9839,9839,,233.41
2020/4/21,9718,9718,,231.27
2020/4/22,9442,9442,,226.26
2020/4/23,9620,9620,,231.34
2020/4/24,9621,9621,,231.88
2020/4/27,9685,9685,0,234.25
2020/4/28,9813,9813,,238.06
2020/4/30,10020,10020,,245.04
2020/5/1,9951,9951,,244.32
2020/5/7,9654,9654,,237.02
2020/5/8,9785,9785,,240.24
2020/5/11,9979,9979,,257.62
2020/5/12,10017,10017,,258.59
2020/5/13,9863,9863,,258.01
2020/5/14,9685,9685,,254.5
2020/5/15,9750,9750,,257.13
2020/5/18,9763,9763,,258.33
2020/5/19,10078,10078,,268.34
2020/5/20,10098,10098,,270.26
2020/5/21,10207,10207,,274.1
2020/5/22,10132,10132,,273
2020/5/25,10103,10103,,273.22
2020/5/26,10171,10171,,276.11
2020/5/27,10292,10292,,279.39
2020/5/28,10450,10450,,287.03
2020/5/29,10431,10431,,287.89
2020/6/1,10471,10471,,290.61
2020/6/2,10554,10554,,293.36
2020/6/3,10789,10789,,310.35
2020/6/4,10970,10970,,316.41
2020/6/5,10982,10982,,317.43
2020/6/8,11261,11261,,326.06
2020/6/9,11214,11214,,325.95
2020/6/10,11118,11118,,324.8
2020/6/11,11000,11000,,318
2020/6/12,10443,10443,,302.76
2020/6/15,10541,10541,,305.64
2020/6/16,10625,10625,,308.65
2020/6/17,10816,10816,,316.79
2020/6/18,10760,10760,,316.71
2020/6/19,10760,10760,,317.63
2020/6/22,10722,10722,,317.28
2020/6/23,10798,10798,,320.25
2020/6/24,10833,10833,,323.25
2020/6/25,10633,10633,,317.61
2020/6/26,10715,10715,,320.7
2020/6/29,10549,10549,,315.73
2020/6/30,10691,10691,,321.74
2020/7/1,10827,10827,,326.91
2020/7/2,10821,10821,,327.88
2020/7/3,10934,10934,,331.31
2020/7/6,10960,10960,,342.89
2020/7/7,11112,11112,,347.63
2020/7/8,11036,11036,,346.54
2020/7/9,11083,11083,,348.91
2020/7/10,11005,11005,,347.86
2020/7/13,11072,11072,,350.87
2020/7/14,11065,11065,,352.18
2020/7/15,11160,11160,,357.23
2020/7/16,11229,11229,,365.01
2020/7/17,11190,11190,,365.63
2020/7/20,11258,11258,,368.79
2020/7/21,11334,11334,,372.12
2020/7/22,11357,11357,,375.19
2020/7/27,11092,11092,,367.35
2020/7/28,11127,11127,,369.65
2020/7/29,11060,11060,,371.13
2020/7/30,11155,11155,,375.45
2020/7/31,11032,11032,,372.32
2020/8/3,11191,11191,,378.44
2020/8/4,11296,11296,,382.77
2020/8/5,11303,11303,,395.89
2020/8/6,11374,11374,,399.33
2020/8/7,11410,11410,,402.22
2020/8/11,11459,11459,,404.88
2020/8/12,11496,11496,,407.71
2020/8/13,11664,11664,,416.56
2020/8/14,11674,11674,,417.69
2020/8/17,11599,11599,,416.25
2020/8/18,11581,11581,,416.84
2020/8/19,11545,11545,,420
2020/8/20,11583,11583,,423.62
2020/8/21,11536,11536,,423.65
2020/8/24,11564,11564,,427.45
2020/8/25,11715,11715,,433.92
2020/8/26,11799,11799,,439.07
2020/8/27,11840,11840,,442.28
2020/8/28,11902,11902,,445.13
2020/8/31,11836,11836,,443.63
2020/9/1,11847,11847,,445.4
2020/9/2,11933,11933,,448.63
2020/9/3,12083,12083,,471.73
2020/9/4,11764,11764,,460.1
2020/9/7,11671,11671,,457.5
2020/9/8,11692,11692,,459.08
2020/9/9,11406,11406,,447.88
2020/9/10,11623,11623,,460.35
2020/9/11,11491,11491,,456.45
2020/9/14,11514,11514,,459.27
2020/9/15,11589,11589,,463.58
2020/9/16,11617,11617,,468.48
2020/9/17,11553,11553,,468.93
2020/9/18,11462,11462,,466.19
2020/9/23,11276,11276,,459.82
2020/9/24,11135,11135,,455.11
2020/9/25,11124,11124,,458.49
2020/9/28,11225,11225,,463.26
2020/9/29,11403,11403,,472.69
2020/9/30,11401,11401,,475.3
2020/10/1,11436,11436,,477.85
2020/10/2,11488,11488,,481.7
2020/10/5,11434,11434,,479.41
2020/10/6,11621,11621,,487.25
2020/10/7,11525,11525,,504.37
2020/10/8,11713,11713,,514.65
2020/10/9,11788,11788,,519.7
2020/10/12,11845,11845,,523.32
2020/10/13,11956,11956,,529.13
2020/10/14,11903,11903,,526.8
2020/10/15,11830,11830,,528.72
2020/10/16,11753,11753,,526.57
2020/10/19,11796,11796,,531.27
2020/10/20,11706,11706,,528.94
2020/10/21,11734,11734,,532.64
2020/10/22,11609,11609,,529.36
2020/10/23,11643,11643,,532.15
2020/10/26,11686,11686,,535.63
2020/10/27,11520,11520,,529.35
2020/10/28,11438,11438,,525.6
2020/10/29,11110,11110,,516.28
2020/10/30,11175,11175,,521.85
2020/11/2,11082,11082,,519.73
2020/11/4,11397,11397,,536.86
2020/11/5,11600,11600,,572.11
2020/11/6,11769,11769,,583.78
2020/11/9,11771,11771,,586.08
2020/11/10,12129,12129,,605.14
2020/11/11,12136,12136,,608.17
2020/11/12,12248,12248,,616.32
2020/11/13,12104,12104,,609.07
2020/11/16,12201,12201,,615.51
2020/11/17,12315,12315,,622.7
2020/11/18,12237,12237,,624.14
2020/11/19,12156,12156,,621.93
2020/11/20,12178,12178,,625.34
2020/11/24,12304,12304,,634.16
2020/11/25,12460,12460,,644.87
2020/11/26,12443,12443,,648.71
2020/11/27,12430,12430,,650.23
2020/11/30,12431,12431,,650.32
2020/12/1,12379,12379,,650.73
2020/12/2,12536,12536,,664.02
2020/12/3,12576,12576,,693.21
2020/12/4,12534,12534,,694.7
2020/12/7,12650,12650,,702.86
2020/12/8,12638,12638,,704.88
2020/12/9,12688,12688,,715.31
2020/12/10,12632,12632,,715.53
2020/12/11,12616,12616,,718.64
2020/12/14,12595,12595,,722.63
2020/12/15,12579,12579,,725.14
2020/12/16,12638,12638,,736.52
2020/12/17,12666,12666,,744.31
2020/12/18,12730,12730,,751.64
2020/12/21,12700,12700,,752.83
2020/12/22,12593,12593,,749.99
2020/12/23,12621,12621,,758.5
2020/12/24,12671,12671,,762.11
2020/12/25,12672,12672,,766.28
2020/12/28,12698,12698,,770.49
2020/12/29,12809,12809,,777.22
2020/12/30,12788,12788,,775.94
2021/1/4,12803,12803,,787.57
2021/1/5,12738,12738,,788.1
2021/1/6,12781,12781,,823.22
2021/1/7,12895,12895,,834.94
2021/1/8,13142,13142,,853.58
2021/1/12,13200,13200,,860.55
2021/1/13,13170,13170,,861.68
2021/1/14,13223,13223,,873.35
2021/1/15,13203,13203,,875.81
2021/1/18,13080,13080,,872.11
2021/1/19,13085,13085,,878.65
2021/1/20,13208,13208,,886.87
2021/1/21,13323,13323,,906.13
2021/1/22,13329,13329,,910.88
2021/1/25,13311,13311,,913.47
2021/1/26,13322,13322,,918.1
2021/1/27,13284,13284,,926.21
2021/1/28,13057,13057,,914.6
2021/1/29,13130,13130,,924.35
2021/2/1,12946,12946,,914.77
2021/2/2,13167,13167,,933.09
2021/2/3,13368,13368,,983.9
2021/2/4,13391,13391,,989.49
2021/2/5,13546,13546,,1004.83
2021/2/8,13630,13630,,1013.19
2021/2/9,13672,13672,,1020.04
2021/2/10,13628,13628,,1025.17
2021/2/12,13697,13697,,1035.96
2021/2/15,13812,13812,,1052.06
2021/2/16,13912,13912,,1059.67
2021/2/17,13975,13975,,1064.5
2021/2/18,13890,13890,,1082.18
2021/2/19,13811,13811,,1082.16
2021/2/22,13807,13807,,1088.94
2021/2/24,13654,13654,,1081.69
2021/2/25,13813,13813,,1105.19
2021/2/26,13583,13583,,1094.43
2021/3/1,13483,13483,,1092.42
2021/3/2,13788,13788,,1121.73
2021/3/3,13723,13723,,1166.41
2021/3/4,13634,13634,,1162.82
2021/3/5,13556,13556,,1160.25
2021/3/8,13731,13731,,1179.19
2021/3/9,13754,13754,,1185.1
2021/3/10,13875,13875,,1204.68
2021/3/11,13940,13940,,1213.62
2021/3/12,14145,14145,,1238.05
2021/3/15,14185,14185,,1247.63
2021/3/16,14261,14261,,1259.85
2021/3/17,14256,14256,,1270.82
2021/3/18,14286,14286,,1279.73
2021/3/19,14148,14148,,1273.92
2021/3/22,14075,14075,,1273.3
2021/3/23,14137,14137,,1284.63
2021/3/24,13975,13975,,1282.29
2021/3/25,13918,13918,,1281.69
2021/3/26,14008,14008,,1294.81
2021/3/29,14233,14233,,1322.42
2021/3/30,14255,14255,,1328.88
2021/3/31,14347,14347,,1346.58
2021/4/1,14398,14398,,1354.53
2021/4/2,14544,14544,,1374.27
2021/4/5,14548,14548,,1428.96
2021/4/6,14621,14621,,1436.14
2021/4/7,14606,14606,,1434.68
2021/4/8,14593,14593,,1433.36
2021/4/9,14624,14624,,1465.89
2021/4/12,14713,14713,,1480.69
2021/4/13,14669,14669,,1481.27
2021/4/14,14631,14631,,1490.6
2021/4/15,14640,14640,,1498.66
2021/4/16,14734,14734,,1514.54
2021/4/19,14784,14784,,1528.12
2021/4/20,14674,14674,,1523.34
2021/4/21,14521,14521,,1517.95
2021/4/22,14625,14625,,1537.59
2021/4/23,14554,14554,,1535.51
2021/4/26,14681,14681,0,1553.41
2021/4/27,14745,14745,,1564.45
2021/4/28,14839,14839,,1585.66
2021/4/30,14899,14899,,1596.56
2021/5/6,14792,14792,,1590.93
2021/5/7,14860,14860,,1608.52
2021/5/10,14955,14955,,1697.73
2021/5/11,14852,14852,,1693.25
2021/5/12,14671,14671,,1687.11
2021/5/13,14534,14534,,1678.13
2021/5/14,14615,14615,,1693.65
2021/5/17,14797,14797,,1718.43
2021/5/18,14774,14774,,1721.22
2021/5/19,14729,14729,,1730.53
2021/5/20,14670,14670,,1728.58
2021/5/21,14789,14789,,1742.61
2021/5/24,14793,14793,,1753.87
2021/5/25,14884,14884,,1768.08
2021/5/26,14889,14889,,1778.8
2021/5/27,14957,14957,,1793.83
2021/5/28,15102,15102,,1816.18
2021/5/31,15100,15100,,1822.03
2021/6/1,15071,15071,,1824.5
2021/6/2,15147,15147,,1833.76
2021/6/3,15170,15170,,1921.37
2021/6/4,15184,15184,,1929.28
2021/6/7,15201,15201,,1937.21
2021/6/8,15192,15192,,1941.91
2021/6/9,15187,15187,,1956.06
2021/6/10,15187,15187,,1963.58
2021/6/11,15229,15229,,1976.1
2021/6/14,15299,15299,,1994.36
2021/6/15,15381,15381,,2011.68
2021/6/16,15364,15364,,2009.43
2021/6/17,15346,15346,,2034.86
2021/6/18,15258,15258,,2033.62
2021/6/21,15054,15054,,2014.66
2021/6/22,15218,15218,,2042.16
2021/6/23,15338,15338,,2070.75
2021/6/24,15375,15375,,2082.77
2021/6/25,15465,15465,,2100.01
2021/6/28,15476,15476,,2107.12
2021/6/29,15453,15453,,2111.47
2021/6/30,15458,15458,,2128.39
2021/7/1,15492,15492,,2138.78
2021/7/2,15619,15619,,2165.43
2021/7/5,15620,15620,,2165.59
2021/7/6,15593,15593,,2254.48
2021/7/7,15475,15475,,2237.42
2021/7/8,15520,15520,,2266.65
2021/7/9,15272,15272,,2237.48
2021/7/12,15480,15480,,2274.63
2021/7/13,15574,15574,,2293.93
2021/7/14,15566,15566,,2308.07
2021/7/15,15468,15468,,2298.59
2021/7/16,15414,15414,,2294.47
2021/7/19,15304,15304,,2288.73
2021/7/20,15017,15017,,2251.92
2021/7/21,15225,15225,,2289.16
2021/7/26,15594,15594,,2352.23
2021/7/27,15544,15544,,2350.05
2021/7/28,15376,15376,,2336.91
2021/7/29,15424,15424,,2345.63
2021/7/30,15483,15483,,2359.3
2021/8/2,15423,15423,,2353.55
2021/8/3,15408,15408,,2353.64
2021/8/4,15448,15448,,2453.13
2021/8/5,15519,15519,,2468.22
2021/8/6,15611,15611,,2486.06
2021/8/10,15656,15656,,2497.38
2021/8/11,15728,15728,,2511.53
2021/8/12,15721,15721,,2528.68
2021/8/13,15754,15754,,2538.4
2021/8/16,15635,15635,,2524.66
2021/8/17,15572,15572,,2519.94
2021/8/18,15510,15510,,2523.61
2021/8/19,15458,15458,,2519.97
2021/8/20,15354,15354,,2507.61
2021/8/23,15441,15441,,2525.8
2021/8/24,15584,15584,,2554.4
2021/8/25,15669,15669,,2575.86
2021/8/26,15736,15736,,2587.4
2021/8/27,15629,15629,,2574.48
2021/8/30,15733,15733,,2595.04
2021/8/31,15819,15819,,2613.93
2021/9/1,15873,15873,,2622.79
2021/9/2,15891,15891,,2638.21
2021/9/3,15949,15949,,2740.99
2021/9/6,15939,15939,,2743.06
2021/9/7,15978,15978,,2754.35
2021/9/8,15995,15995,,2757.21
2021/9/9,15906,15906,,2761.23
2021/9/10,15795,15795,,2757.03
2021/9/13,15750,15750,,2755.23
2021/9/14,15786,15786,,2770.71
2021/9/15,15657,15657,,2758.93
2021/9/16,15678,15678,,2770.17
2021/9/17,15698,15698,,2785.15
2021/9/21,15279,15279,,2716.79
2021/9/22,15258,15258,,2718.91
2021/9/24,15723,15723,,2812.52
2021/9/27,15735,15735,,2814.63
2021/9/28,15732,15732,,2829.46
2021/9/29,15520,15520,,2801.37
2021/9/30,15544,15544,,2809.61
2021/10/1,15360,15360,,2780.55
2021/10/4,15387,15387,,2791.45
2021/10/5,15212,15212,,2759.82
2021/10/6,15431,15431,,2900.42
2021/10/7,15396,15396,,2897.65
2021/10/8,15619,15619,,2942.62
2021/10/11,15698,15698,,2962.16
2021/10/12,15790,15790,,2997.72
2021/10/13,15753,15753,,2990.71
2021/10/14,15839,15839,,3022.67
2021/10/15,16128,16128,,3081.5
2021/10/18,16295,16295,,3113.35
2021/10/19,16325,16325,,3129.21
2021/10/20,16499,16499,,3170.71
2021/10/21,16499,16499,,3174.43
2021/10/22,16470,16470,,3177.17
2021/10/25,16428,16428,,3172.61
2021/10/26,16502,16502,,3193.17
2021/10/27,16569,16569,,3219.44
2021/10/28,16433,16433,,3199.4
2021/10/29,16530,16530,,3224.37
2021/11/1,16567,16567,,3238.13
2021/11/2,16625,16625,,3255.35
2021/11/4,16754,16754,,3385.18
2021/11/5,16739,16739,,3384.17
2021/11/8,16750,16750,,3397.59
2021/11/9,16724,16724,,3401.32
2021/11/10,16632,16632,,3416.01
2021/11/11,16669,16669,,3430.48
2021/11/12,16742,16742,,3457.29
2021/11/15,16814,16814,,3472.31
2021/11/16,16844,16844,,3491.32
2021/11/17,16966,16966,,3538.13
2021/11/18,16832,16832,,3517.34
2021/11/19,16869,16869,,3532.91
2021/11/22,16767,16767,,3519.52
2021/11/24,16810,16810,,3535.03
2021/11/25,16852,16852,,3561.71
2021/11/26,16787,16787,,3560.01
2021/11/29,16237,16237,,3443.28
2021/11/30,16366,16366,,3486.44
2021/12/1,16069,16069,,3434.94
2021/12/2,15944,15944,,3419.2
2021/12/3,16108,16108,,3565.83
2021/12/6,15963,15963,,3543.27
2021/12/7,16175,16175,,3600.62
2021/12/8,16517,16517,,3694.66
2021/12/9,16601,16601,,3725.83
2021/12/10,16447,16447,,3720.77
2021/12/13,16529,16529,,3745.61
2021/12/14,16406,16406,,3729.74
2021/12/15,16310,16310,,3722.41
2021/12/16,16551,16551,,3786.02
2021/12/17,16445,16445,,3777.43
2021/12/20,16247,16247,,3742.48
2021/12/21,16080,16080,,3712.3
2021/12/22,16409,16409,,3810.05
2021/12/23,16580,16580,,3859.72
2021/12/24,16726,16726,,3902.16
2021/12/27,16706,16706,,3905.31
2021/12/28,16954,16954,,3963.14
2021/12/29,16944,16944,,3960.78
2021/12/30,16971,16971,,3967.22
2022/1/4,17073,17073,,4018.97
2022/1/5,17194,17194,,4051.98
2022/1/6,16908,16908,,4079.15
2022/1/7,16839,16839,,4079.18
2022/1/11,16687,16687,,4050.69
2022/1/12,16863,16863,,4103.42
2022/1/13,16869,16869,,4145.14
2022/1/14,16615,16615,,4089.73
2022/1/17,16610,16610,,4096.1
2022/1/18,16661,16661,,4115.99
2022/1/19,16388,16388,,4048.59
2022/1/20,16255,16255,,4038.91
2022/1/21,16099,16099,,4004.09
2022/1/24,15838,15838,,3947.8
2022/1/25,15733,15733,,3926.22
2022/1/26,15571,15571,,3893.01
2022/1/27,15651,15651,,3919.31
2022/1/28,15676,15676,,3931.86
2022/1/31,15900,15900,,3993.4
2022/2/1,16138,16138,,4060.78
2022/2/2,16231,16231,,4096.09
2022/2/3,16288,16288,,4110.36
2022/2/4,16093,16093,,4061.12
2022/2/7,16181,16181,,4083.47
2022/2/8,16175,16175,,4191.39
2022/2/9,16304,16304,,4234.92
2022/2/10,16558,16558,,4329.98
2022/2/14,16102,16102,,4215.23
2022/2/15,15968,15968,,4187.74
2022/2/16,16247,16247,,4273.33
2022/2/17,16248,16248,,4286.18
2022/2/18,15929,15929,,4208.08
2022/2/21,15809,15809,,4182.18
2022/2/22,15705,15705,,4159.87
2022/2/24,15393,15393,,4077.29
2022/2/25,15445,15445,,4108.92
2022/2/28,15771,15771,,4203.32
2022/3/1,15730,15730,,4201.73
2022/3/2,15445,15445,,4144.47
2022/3/3,15725,15725,,4316.54
2022/3/4,15547,15547,,4275.47
2022/3/7,15233,15233,,4195.31
2022/3/8,14891,14891,,4106.54
2022/3/9,14851,14851,,4106.4
2022/3/10,15313,15313,,4269.44
2022/3/11,15269,15269,,4262.76
2022/3/14,15260,15260,,4268.23
2022/3/15,15239,15239,,4267.09
2022/3/16,15424,15424,,4327.11
2022/3/17,15959,15959,,4486.83
2022/3/18,16163,16163,,4549.88
2022/3/22,16458,16458,,4641.61
2022/3/23,16824,16824,,4751.33
2022/3/24,16669,16669,,4724.99
2022/3/25,16946,16946,,4807.65
2022/3/28,16979,16979,,4821.39
2022/3/29,17336,17336,,4929.95
2022/3/30,17348,17348,,4941.05
2022/3/31,17283,17283,,4923.85
2022/4/1,17021,17021,,4852.3
2022/4/4,17110,17110,,4881.85
2022/4/5,17263,17263,,5019.33
2022/4/6,17265,17265,,5030
2022/4/7,17024,17024,,4960
2022/4/8,17045,17045,,4976.85
2022/4/11,17158,17158,,5014.21
2022/4/12,17038,17038,,5016.17
2022/4/13,16994,16994,,5014.09
2022/4/14,17167,17167,,5070.76
2022/4/15,17117,17117,,5060.92
2022/4/18,17136,17136,,5071.56
2022/4/19,17204,17204,,5091.75
2022/4/20,17637,17637,,5219.9
2022/4/21,17519,17519,,5215.81
2022/4/22,17356,17356,,5177.94
2022/4/25,16958,16958,0,5064.87
2022/4/26,16756,16756,,5010.71
2022/4/27,16390,16390,,4920.09
2022/4/28,16561,16561,,4979.93
2022/5/2,16678,16678,,5025.77
2022/5/6,16668,16668,,5032.32
2022/5/9,16492,16492,,4979.19
2022/5/10,15930,15930,,4938.32
2022/5/11,15981,15981,,4954.09
2022/5/12,15774,15774,,4950.29
2022/5/13,15596,15596,,4906.53
2022/5/16,16047,16047,,5059.53
2022/5/17,15978,15978,,5048.79
2022/5/18,16305,16305,,5179.02
2022/5/19,15724,15724,,5001.97
2022/5/20,15584,15584,,4966.64
2022/5/23,15651,15651,,4998.93
2022/5/24,15873,15873,,5085.53
2022/5/25,15635,15635,,5024.83
2022/5/26,15818,15818,,5094.75
2022/5/27,15999,15999,,5164.01
2022/5/30,16345,16345,,5282.9
2022/5/31,16553,16553,,5357.85
2022/6/1,16574,16574,,5364.81
2022/6/2,16572,16572,,5383.64
2022/6/3,16799,16799,,5561.13
2022/6/6,16716,16716,,5533.62
2022/6/7,16955,16955,,5612.75
2022/6/8,17122,17122,,5694.23
2022/6/9,17214,17214,,5731.5
2022/6/10,16825,16825,,5641.99
2022/6/13,16436,16436,,5516.02
2022/6/14,15773,15773,,5302.8
2022/6/15,15778,15778,,5317.6
2022/6/16,15919,15919,,5373.32
2022/6/17,15367,15367,,5206.09
2022/6/20,15577,15577,,5289.79
2022/6/21,15630,15630,,5317.64
2022/6/22,16040,16040,,5457.25
2022/6/23,15935,15935,,5449.49
2022/6/24,15900,15900,,5445.1
2022/6/27,16266,16266,,5575.7
2022/6/28,16407,16407,,5633.71
2022/6/29,16264,16264,,5599.82
2022/6/30,16241,16241,,5597.44
2022/7/1,15995,15995,,5515.61
2022/7/4,15973,15973,,5514.6
2022/7/5,16132,16132,,5569.59
2022/7/6,15993,15993,,5521.34
2022/7/7,16054,16054,,5667.21
2022/7/8,16323,16323,,5766.16
2022/7/11,16386,16386,,5795.07
2022/7/12,16242,16242,,5790.09
2022/7/13,16106,16106,,5755.77
2022/7/14,16152,16152,,5777.65
2022/7/15,16158,16158,,5784.62
2022/7/19,16339,16339,,5855.69
2022/7/20,16714,16714,,6002.39
2022/7/21,16823,16823,,6057.44
2022/7/22,16824,16824,,6068.04
2022/7/25,16619,16619,,5997.04
2022/7/26,16635,16635,,6001.84
2022/7/27,16550,16550,,5988.8
2022/7/28,16783,16783,,6079.18
2022/7/29,16758,16758,,6079.18
2022/8/1,16746,16746,,6082.11
2022/8/2,16479,16479,,5990.47
2022/8/3,16688,16688,,6179.98
2022/8/4,16877,16877,,6259.48
2022/8/5,16846,16846,,6254.74
2022/8/8,17085,17085,,6347.36
2022/8/9,17047,17047,,6340.44
2022/8/10,17018,17018,,6384.51
2022/8/12,17133,17133,,6433.67
2022/8/15,17295,17295,,6508.39
2022/8/16,17325,17325,,6528.02
2022/8/17,17515,17515,,6628.87
2022/8/18,17465,17465,,6615.72
2022/8/19,17630,17630,,6685.1
2022/8/22,17532,17532,,6653.84
2022/8/23,17230,17230,,6544.23
2022/8/24,17145,17145,,6529.51
2022/8/25,17199,17199,,6556.5
2022/8/26,17379,17379,,6636.45
2022/8/29,17112,17112,,6546.67
2022/8/30,17046,17046,,6528.86
2022/8/31,16909,16909,,6476.41
2022/9/1,16878,16878,,6483.55
2022/9/2,16862,16862,,6486.07
2022/9/5,16819,16819,,6581.69
2022/9/6,16805,16805,,6586.54
2022/9/7,17034,17034,,6676.25
2022/9/8,17407,17407,,6839.25
2022/9/9,17456,17456,,6865.79
2022/9/12,17616,17616,,6977.15
2022/9/13,17802,17802,,7053.52
2022/9/14,17412,17412,,6899.29
2022/9/15,17262,17262,,6856.59
2022/9/16,17083,17083,,6791.65
2022/9/20,17019,17019,,6783.39
2022/9/21,16897,16897,,6742.34
2022/9/22,16731,16731,,6697.77
2022/9/26,16135,16135,,6465.13
2022/9/27,16037,16037,,6433.35
2022/9/28,16013,16013,,6449.41
2022/9/29,16209,16209,,6540.13
2022/9/30,16016,16016,,6474.28
2022/10/3,15885,15885,,6431.99
2022/10/4,16205,16205,,6574.29
2022/10/5,16619,16619,,6872.48
2022/10/6,16682,16682,,6898.61
2022/10/7,16529,16529,,6865.82
2022/10/11,16091,16091,,6689.03
2022/10/12,15985,15985,,6652.43
2022/10/13,16026,16026,,6732.99
2022/10/14,16373,16373,,6888.34
2022/10/17,16243,16243,,6842.6
2022/10/18,16643,16643,,7019.58
2022/10/19,16860,16860,,7133.66
2022/10/20,16784,16784,,7107
2022/10/21,16730,16730,,7088.44
2022/10/24,16872,16872,,7159.5
2022/10/25,16992,16992,,7215.97
2022/10/26,17157,17157,,7301.69
2022/10/27,16921,16921,,7211.41
2022/10/28,16905,16905,,7209.53
2022/10/31,17321,17321,,7391.76
2022/11/1,17298,17298,,7389.7
2022/11/2,17199,17199,,7356.24
2022/11/4,16772,16772,,7285.98
2022/11/7,16952,16952,,7375.09
2022/11/8,17079,17079,,7439.27
2022/11/9,17093,17093,,7464.98
2022/11/10,16891,16891,,7429.37
2022/11/11,17131,17131,,7540.59
2022/11/14,17120,17120,,7550.9
2022/11/15,17124,17124,,7552.38
2022/11/16,17189,17189,,7600.97
2022/11/17,17058,17058,,7558.2
2022/11/18,17081,17081,,7575.23
2022/11/21,17144,17144,,7610.67
2022/11/22,17265,17265,,7672.59
2022/11/24,17259,17259,,7693.91
2022/11/25,17275,17275,,7709.73
2022/11/28,17245,17245,,7696.23
2022/11/29,16998,16998,,7609.52
2022/11/30,17017,17017,,7638.36
2022/12/1,17248,17248,,7754.04
2022/12/2,17102,17102,,7701.66
2022/12/5,16978,16978,,7776.21
2022/12/6,16980,16980,,7792.45
2022/12/7,16855,16855,,7767.78
2022/12/8,16712,16712,,7713.92
2022/12/9,16885,16885,,7808.15
2022/12/12,16807,16807,,7832.65
2022/12/13,17056,17056,,7962.35
2022/12/14,16936,16936,,7949.1
2022/12/15,16899,16899,,7946.5
2022/12/16,16746,16746,,7886.88
2022/12/19,16401,16401,,7751.47
2022/12/20,16105,16105,,7627.09
2022/12/21,15785,15785,,7502.31
2022/12/22,16047,16047,,7652.99
2022/12/23,15935,15935,,7622.1
2022/12/26,15934,15934,,7645.54
2022/12/27,16055,16055,,7727.48
2022/12/28,16102,16102,,7750.25
2022/12/29,15992,15992,,7697.38
2022/12/30,16024,16024,,7763.61
2023/1/4,15757,15757,,7642.82
2023/1/5,16068,16068,,7801.61
2023/1/6,16121,16121,,7948.18
2023/1/10,16304,16304,,8087.7
2023/1/11,16436,16436,,8165.06
2023/1/12,16552,16552,,8299.54
2023/1/13,16321,16321,,8195.13
2023/1/16,16231,16231,,8159.45
2023/1/17,16315,16315,,8211.46
2023/1/18,16623,16623,,8366.43
2023/1/19,16154,16154,,8166.79
2023/1/20,16083,16083,,8139.6
2023/1/23,16400,16400,,8308.84
2023/1/24,16691,16691,,8471.24
2023/1/25,16682,16682,,8467.09
2023/1/26,16552,16552,,8401.13
2023/1/27,16738,16738,,8495.44
2023/1/30,16833,16833,,8588.13
2023/1/31,16696,16696,,8527.01
2023/2/1,16760,16760,,8573.28
2023/2/2,16766,16766,,8584.65
2023/2/3,16947,16947,,8802.81
2023/2/6,17249,17249,,8974.08
2023/2/7,17125,17125,,8916.85
2023/2/8,17068,17068,,8902.42
2023/2/9,17047,17047,,8894.95
2023/2/10,16990,16990,,8914.48
2023/2/13,16954,16954,,8901.67
2023/2/14,17193,17193,,9042.55
2023/2/15,17257,17257,,9092.63
2023/2/16,17441,17441,,9198.96
2023/2/17,17325,17325,,9152.3
2023/2/20,17275,17275,,9133.19
2023/2/21,17273,17273,,9137.59
2023/2/22,17074,17074,,9031.83
2023/2/24,16995,16995,,9015.31
2023/2/27,17045,17045,,9050.47
2023/2/28,17131,17131,,9115.82
2023/3/1,17072,17072,,9108.72
2023/3/2,17056,17056,,9114.22
2023/3/3,17208,17208,,9328.16
2023/3/6,17352,17352,,9420.86
2023/3/7,17403,17403,,9456.54
2023/3/8,17300,17300,,9417.44
2023/3/9,17277,17277,,9412.84
2023/3/10,16918,16918,,9267.06
2023/3/13,16501,16501,,9043.95
2023/3/14,16285,16285,,8942.79
2023/3/15,16636,16636,,9156.18
2023/3/16,16269,16269,,8978.3
2023/3/17,16522,16522,,9147.54
2023/3/20,16305,16305,,9044.22
2023/3/22,16617,16617,,9229.68
2023/3/23,16309,16309,,9080.8
2023/3/24,16312,16312,,9099.89
2023/3/27,16302,16302,,9105.24
2023/3/28,16363,16363,,9154.2
2023/3/29,16457,16457,,9233.47
2023/3/30,16813,16813,,9445.26
2023/3/31,17078,17078,,9602.32
2023/4/3,17191,17191,,9673.51
2023/4/4,17205,17205,,9686.92
2023/4/5,17008,17008,,9712.15
2023/4/6,16892,16892,,9650.22
2023/4/7,17016,17016,,9721.16
2023/4/10,17125,17125,,9794.61
2023/4/11,17247,17247,,9864.62
2023/4/12,17346,17346,,9920.98
2023/4/13,17272,17272,,9954.73
2023/4/14,17375,17375,,10017.49
2023/4/17,17514,17514,,10102.61
2023/4/18,17620,17620,,10166.67
2023/4/19,17611,17611,,10182.12
2023/4/20,17671,17671,,10217.1
2023/4/21,17532,17532,,10137.17
2023/4/24,17508,17508,,10133.1
2023/4/25,17562,17562,0,10169.65
2023/4/26,17239,17239,,10001.18
2023/4/27,17192,17192,,9986.89
2023/4/28,17474,17474,,10158.59
2023/5/1,17929,17929,,10434.68
2023/5/2,18019,18019,,10496.68
2023/5/8,17652,17652,,10283.43
2023/5/9,17721,17721,,10481.46
2023/5/10,17619,17619,,10421.23
2023/5/11,17539,17539,,10446.88
2023/5/12,17549,17549,,10469.91
2023/5/15,17691,17691,,10562.76
2023/5/16,17777,17777,,10619.84
2023/5/17,17730,17730,,10615.44
2023/5/18,17998,17998,,10783.92
2023/5/19,18207,18207,,10916
2023/5/22,18147,18147,,10889.04
2023/5/23,18257,18257,,10958.51
2023/5/24,18092,18092,,10878.82
2023/5/25,18031,18031,,10851.21
2023/5/26,18116,18116,,10913.88
2023/5/29,18445,18445,,11127.56
2023/5/30,18383,18383,,11090.19
2023/5/31,18280,18280,,11027.73
2023/6/1,18074,18074,,10937.34
2023/6/2,18242,18242,,11050.4
2023/6/5,18660,18660,,11459.11
2023/6/6,18579,18579,,11430.52
2023/6/7,18599,18599,,11470.5
2023/6/8,18606,18606,,11483.78
2023/6/9,18616,18616,,11504.64
2023/6/12,18670,18670,,11594.73
2023/6/13,18843,18843,,11714.13
2023/6/14,19044,19044,,11877.78
2023/6/15,19123,19123,,11940.71
2023/6/16,19325,19325,,12081.84
2023/6/19,19511,19511,,12227.83
2023/6/20,19497,19497,,12235.71
2023/6/21,19322,19322,,12126.15
2023/6/22,19285,19285,,12152.54
2023/6/23,19427,19427,,12258.04
2023/6/26,19308,19308,,12183.38
2023/6/27,19265,19265,,12180.03
2023/6/28,19494,19494,,12366.31
2023/6/29,19559,19559,,12421
2023/6/30,19676,19676,,12511.01
2023/7/3,19841,19841,,12629.95
2023/7/4,19891,19891,,12679.78
2023/7/5,19898,19898,,12870.42
2023/7/6,19783,19783,,12796.45
2023/7/7,19513,19513,,12667.89
2023/7/10,19294,19294,,12539.32
2023/7/11,19207,19207,,12500.14
2023/7/12,19151,19151,,12548.27
2023/7/13,19203,19203,,12597.2
2023/7/14,19324,19324,,12689.24
2023/7/18,19473,19473,,12803.84
2023/7/19,19595,19595,,12900.13
2023/7/20,19714,19714,,13034.57
2023/7/21,19656,19656,,13013.2
2023/7/24,19900,19900,,13196.49
2023/7/25,19898,19898,,13208.33
2023/7/26,19923,19923,,13257.26
2023/7/27,19827,19827,,13213.03
2023/7/28,19645,19645,,13105.88
2023/7/31,20006,20006,,13363.12
2023/8/1,20247,20247,,13545.31
2023/8/2,20254,20254,,13582.56
2023/8/3,19958,19958,,13550.1
2023/8/4,19827,19827,,13479.82
2023/8/7,19642,19642,,13367.65
2023/8/8,19926,19926,,13582.09
2023/8/9,19864,19864,,13578.87
2023/8/10,19882,19882,,13663.67
2023/8/14,19968,19968,,13736.31
2023/8/15,20071,20071,,13830.91
2023/8/16,19865,19865,,13720.74
2023/8/17,19833,19833,,13729.72
2023/8/18,19606,19606,,13589.55
2023/8/21,19520,19520,,13547.03
2023/8/22,19729,19729,,13706.97
2023/8/23,19647,19647,,13685.96
2023/8/24,19726,19726,,13758.24
2023/8/25,19695,19695,,13753.35
2023/8/28,19817,19817,,13861.46
2023/8/29,19947,19947,,13974.85
2023/8/30,20163,20163,,14126.25
2023/8/31,20264,20264,,14242.14
2023/9/1,20149,20149,,14174.51
2023/9/4,20257,20257,,14264.23
2023/9/5,20320,20320,,14487.83
2023/9/6,20381,20381,,14531.37
2023/9/7,20266,20266,,14511.25
2023/9/8,20068,20068,,14385.99
2023/9/11,20087,20087,,14421.37
2023/9/12,20191,20191,,14577.95
2023/9/13,20192,20192,,14627.99
2023/9/14,20184,20184,,14644.96
2023/9/15,20405,20405,,14824.58
2023/9/19,20250,20250,,14729.38
2023/9/20,20209,20209,,14732.17
2023/9/21,20155,20155,,14740.7
2023/9/22,19758,19758,,14484.01
2023/9/25,19851,19851,,14572.61
2023/9/26,19897,19897,,14627.5
2023/9/27,19668,19668,,14521.52
2023/9/28,19724,19724,,14586.33
2023/9/29,19813,19813,,14677.12
2023/10/2,19832,19832,,14717.1
2023/10/3,19747,19747,,14673.23
2023/10/4,19393,19393,,14410.3
2023/10/5,19452,19452,,14692.11
2023/10/6,19447,19447,,14705.83
2023/10/10,19735,19735,,14950.9
2023/10/11,19916,19916,,15106.19
2023/10/12,20099,20099,,15368.02
2023/10/13,20062,20062,,15367.43
2023/10/16,19872,19872,,15244.43
2023/10/17,20033,20033,,15386.71
2023/10/18,20074,20074,,15470.06
2023/10/19,19817,19817,,15297.4
2023/10/20,19653,19653,,15189.69
2023/10/23,19415,19415,,15017.19
2023/10/24,19379,19379,,15023.91
2023/10/25,19504,19504,,15120.19
2023/10/26,19316,19316,,15041.91
2023/10/27,19163,19163,,14957.81
2023/10/30,19026,19026,,14872.14
2023/10/31,19168,19168,,15006.16
2023/11/1,19499,19499,,15303.11
2023/11/2,19582,19582,,15392.7
2023/11/6,20050,20050,,15965.75
2023/11/7,20137,20137,,16065.91
2023/11/8,20202,20202,,16168.89
2023/11/9,20279,20279,,16244.82
2023/11/10,20226,20226,,16286.8
2023/11/13,20421,20421,,16449.47
2023/11/14,20466,20466,,16508.06
2023/11/15,20732,20732,,16749.47
2023/11/16,20906,20906,,16896.32
2023/11/17,20828,20828,,16864.32
2023/11/20,20772,20772,,16831.86
2023/11/21,20683,20683,,16770.81
2023/11/22,20673,20673,,16797.81
2023/11/24,20919,20919,,17015.13
2023/11/27,20909,20909,,17022.33
2023/11/28,20693,20693,,16874.51
2023/11/29,20569,20569,,16815.11
2023/11/30,20589,20589,,16854.1
2023/12/1,20760,20760,,17014.03
2023/12/4,20667,20667,,16963.67
2023/12/5,20663,20663,,17171.04
2023/12/6,20663,20663,,17217.39
2023/12/7,20601,20601,,17188.26
2023/12/8,20165,20165,,16846.31
2023/12/11,20543,20543,,17194.15
2023/12/12,20664,20664,,17414.55
2023/12/13,20702,20702,,17523.47
2023/12/14,20496,20496,,17374.61
2023/12/15,20649,20649,,17526.76
2023/12/18,20590,20590,,17499.88
2023/12/19,20720,20720,,17662.85
2023/12/20,21037,21037,,17987.25
2023/12/21,20741,20741,,17767.96
2023/12/22,20749,20749,,17820.03
2023/12/25,20750,20750,,17846.58
2023/12/26,20768,20768,,17904.55
2023/12/27,20930,20930,,18043.93
2023/12/28,20885,20885,,18005.27
2023/12/29,20899,20899,,18205.66
2024/1/4,20756,20756,,18138.04
2024/1/5,20972,20972,,18390.34
2024/1/9,21046,21046,,19468.93
2024/1/10,21111,21111,,19740.71
2024/1/11,21339,21339,,20310.43
2024/1/12,21283,21283,,20412.71
2024/1/15,21305,21305,,20548.16
2024/1/16,21366,21366,,20711.14
2024/1/17,21446,21446,,20788.6
2024/1/18,21387,21387,,21083.03
2024/1/19,21536,21536,,21337.07
2024/1/22,21759,21759,,21681.7
2024/1/23,21791,21791,,21794.79
2024/1/24,21830,21830,,22029
2024/1/25,21865,21865,,22155.12
2024/1/26,21916,21916,,22280.75
2024/1/29,22034,22034,,22502.08
2024/1/30,22054,22054,,22599.25
2024/1/31,22062,22062,,22768.59
2024/2/1,21699,21699,,22467.52
2024/2/2,21849,21849,,22705.46
2024/2/5,22294,22294,,23632.55
2024/2/6,22200,22200,,23677.49
2024/2/7,22202,22202,,23827.19
2024/2/8,22370,22370,,24075.72
2024/2/9,22561,22561,,24354.11
2024/2/13,22665,22665,,24651.26
2024/2/14,22557,22557,,24593.18
2024/2/15,22726,22726,,24777.58
2024/2/16,22869,22869,,25206.46
2024/2/19,22828,22828,,25279.27
2024/2/20,22868,22868,,25349.4
2024/2/21,22758,22758,,25226.69
2024/2/22,22850,22850,,25559.47
2024/2/26,23206,23206,,26018.34
2024/2/27,23189,23189,,26061.88
2024/2/28,23206,23206,,26241.44
2024/2/29,23162,23162,,26248.2
2024/3/1,23208,23208,,26358.52
2024/3/4,23353,23353,,26578.1
2024/3/5,23403,23403,,27102.59
2024/3/6,23159,23159,,26989.02
2024/3/7,23144,23144,,27054.92
2024/3/8,23211,23211,,27186.58
2024/3/11,22942,22942,,26936.74
2024/3/12,22902,22902,,27081.82
2024/3/13,23222,23222,,27578.95
2024/3/14,23241,23241,,27634.9
2024/3/15,23297,23297,,27738.58
2024/3/18,23291,23291,,27759.79
2024/3/19,23385,23385,,27964.62
2024/3/21,23894,23894,,28661.82
2024/3/22,24117,24117,,28963.67
2024/3/25,23998,23998,,28908.19
2024/3/26,23956,23956,,28898.29
2024/3/27,23970,23970,,29029.32
2024/3/28,24080,24080,,29220.83
2024/3/29,24097,24097,,29290.99
2024/4/1,24090,24090,,29335.02
2024/4/2,24075,24075,,29317.07
2024/4/3,23936,23936,,29147.12
2024/4/4,24014,24014,,29909.04
2024/4/5,23715,23715,,29590.5
2024/4/8,23968,23968,,29905.75
2024/4/9,24049,24049,,30119.6
2024/4/10,24044,24044,,30387.82
2024/4/11,24023,24023,,30396.92
2024/4/12,24134,24134,,30607.75
2024/4/15,23884,23884,,30329.03
2024/4/16,23767,23767,,30218.86
2024/4/17,23657,23657,,30181.94
2024/4/18,23549,23549,,30071.2
2024/4/19,23546,23546,,30138.68
2024/4/22,23410,23410,,29994.68
2024/4/23,23611,23611,,30273.81
2024/4/24,23916,23916,,30750.83
2024/4/25,24005,24005,0,30901.92
2024/4/26,23961,23961,,30887.33
2024/4/30,24470,24470,,31595.87
2024/5/1,24294,24294,,31398.93
2024/5/2,23996,23996,,31104.21
2024/5/7,24348,24348,,31560.38
2024/5/8,24501,24501,,32379.89
2024/5/9,24616,24616,,32648.27
2024/5/10,24737,24737,,33032.41
2024/5/13,24846,24846,,33214.79
2024/5/14,24932,24932,,33394.35
2024/5/15,25066,25066,,33650.1
2024/5/16,24948,24948,,33526.52
2024/5/17,25178,25178,,33835.76
2024/5/20,25276,25276,,34115.96
2024/5/21,25389,25389,,34334.09
2024/5/22,25358,25358,,34398.15
2024/5/23,25384,25384,,34484.14
2024/5/24,25269,25269,,34377.37
2024/5/27,25336,25336,,34519.71
2024/5/28,25396,25396,,34654.21
2024/5/29,25409,25409,,34671.14
2024/5/30,25187,25187,,34525.25
2024/5/31,24994,24994,,34300.11
2024/6/3,25213,25213,,34638.8
2024/6/4,25189,25189,,34649.27
2024/6/5,24934,24934,,34930.97
2024/6/6,25281,25281,,35470.24
2024/6/7,25339,25339,,35599.11
2024/6/10,25450,25450,,35792.4
2024/6/11,25524,25524,,35949.6
2024/6/12,25473,25473,,35877.64
2024/6/13,25637,25637,,36474.3
2024/6/14,25673,25673,,36563.98
2024/6/17,25626,25626,,36532.45
2024/6/18,25805,25805,,36821.71
2024/6/19,25940,25940,,37173.88
2024/6/20,26000,26000,,37299.21
2024/6/21,26120,26120,,37471.44
2024/6/24,26172,26172,,37656.19
2024/6/25,26141,26141,,37659.27
2024/6/26,26236,26236,,37894.13
2024/6/27,26379,26379,,38176.27
2024/6/28,26442,26442,,38320.5
2024/7/1,26424,26424,,38345.48
2024/7/2,26569,26569,,38619.05
2024/7/3,26654,26654,,38742.06
2024/7/4,26832,26832,,39743.51
2024/7/5,26847,26847,,39834.6
2024/7/8,26859,26859,,39853.08
2024/7/9,26921,26921,,40077.73
2024/7/10,27008,27008,,40560.16
2024/7/11,27282,27282,,41031.11
2024/7/12,26778,26778,,40362.37
2024/7/16,26836,26836,,40509.29
2024/7/17,26961,26961,,40759.78
2024/7/18,26228,26228,,39822.73
2024/7/19,26292,26292,,40005.12
2024/7/22,26098,26098,,39745.78
2024/7/23,26181,26181,,39908.9
2024/7/24,25991,25991,,39696.31
2024/7/25,25109,25109,,38383.91
2024/7/26,25094,25094,,38382.75
2024/7/29,25297,25297,,38692.44
2024/7/30,25342,25342,,38785.28
2024/7/31,25027,25027,,38374.63
2024/8/1,24883,24883,,38184.1
2024/8/2,24475,24475,,37592.28
2024/8/5,23268,23268,,36210.35
2024/8/6,22688,22688,,35338.04
2024/8/7,23195,23195,,36048.82
2024/8/8,23037,23037,,35802.69
2024/8/9,23627,23627,,36783.62
2024/8/13,23769,23769,,37291.25
2024/8/14,24074,24074,,37812.85
2024/8/15,24220,24220,,38170.2
2024/8/16,24841,24841,,39198.25
2024/8/19,24754,24754,,39164.37
2024/8/20,24759,24759,,39230.89
2024/8/21,24587,24587,,39043.68
2024/8/22,24645,24645,,39187.99
2024/8/23,24643,24643,,39204.27
2024/8/26,24452,24452,,38913.92
2024/8/27,24611,24611,,39184.56
2024/8/28,24554,24554,,39094.39
2024/8/29,24482,24482,,39065.24
2024/8/30,24551,24551,,39200.7
2024/9/2,24955,24955,,39867.84
2024/9/3,25103,25103,,40114.78
2024/9/4,24353,24353,,38915.96
2024/9/5,23992,23992,,38955.36
2024/9/6,23856,23856,,38745.97
2024/9/9,23437,23437,,38118.39
2024/9/10,23725,23725,,38608.29
2024/9/11,23527,23527,,38581.71
2024/9/12,23833,23833,,39148.9
2024/9/13,23849,23849,,39197.61
2024/9/17,23890,23890,,39285.8
2024/9/18,24062,24062,,39585.69
2024/9/19,24324,24324,,40133.83
2024/9/20,24590,24590,,40572.45
2024/9/24,24748,24748,,40866.08
2024/9/25,24832,24832,,41049.97
2024/9/26,25023,25023,,41412.54
2024/9/27,25400,25400,,42087.24
2024/9/30,24913,24913,,41299.86
2024/10/1,25171,25171,,41750.04
2024/10/2,24941,24941,,41408.47
2024/10/3,25521,25521,,42370.31
2024/10/4,25360,25360,,42660.56
2024/10/7,25829,25829,,43522.47
2024/10/8,25586,25586,,43123.01
2024/10/9,25705,25705,,43400.77
2024/10/10,26010,26010,,44176.95
2024/10/11,25870,25870,,43968.4
2024/10/15,26330,26330,,44800.34
2024/10/16,26045,26045,,44315.08
2024/10/17,26159,26159,,44608.71
2024/10/18,26250,26250,,44785.15
2024/10/21,26268,26268,,44853.68
2024/10/22,26376,26376,,45056.83
2024/10/23,26428,26428,,45201.12
2024/10/24,26479,26479,,45303.01
2024/10/25,26404,26404,,45186.36
2024/10/28,26615,26615,,45557.05
2024/10/29,26624,26624,,45613.14
2024/10/30,26700,26700,,45798.53
2024/10/31,26623,26623,,45675.46
2024/11/1,25962,25962,,44546.21
2024/11/5,26115,26115,,44827.33
2024/11/6,26452,26452,,45885.84
2024/11/7,27128,27128,,47290.98
2024/11/8,27109,27109,,47286.14
2024/11/11,27107,27107,,47326.29
2024/11/12,27255,27255,,47826.16
2024/11/13,27235,27235,,47790.56
2024/11/14,27321,27321,,48049.72
2024/11/15,27389,27389,,48187.17
2024/11/18,26709,26709,,46998.62
2024/11/19,26854,26854,,47334.01
2024/11/20,27011,27011,,47682.01
2024/11/21,27019,27019,,47725.91
2024/11/22,27016,27016,,47778.49
2024/11/25,27115,27115,,47981.64
2024/11/26,27136,27136,,48036.52
2024/11/27,26978,26978,,47830.48
2024/11/28,26760,26760,,47468.95
2024/11/29,26586,26586,,47180.86
2024/12/2,26624,26624,,47247.29
2024/12/3,26673,26673,,47397.39
