ｅＭＡＸＩＳ Ｓｌｉｍ 全世界株式（除く日本）,,,,
基準日,基準価額(円),基準価額（分配金再投資）(円),分配金（税引前）(円),純資産総額（億円）
2018/3/19,9973,9973,,0.1
2018/3/20,9887,9887,,0.1
2018/3/22,9870,9870,,0.1
2018/3/23,9600,9600,,0.11
2018/3/26,9444,9444,,0.18
2018/3/27,9654,9654,,0.37
2018/3/28,9570,9570,,0.54
2018/3/29,9643,9643,,0.62
2018/3/30,9680,9680,,0.75
2018/4/2,9694,9694,,0.83
2018/4/3,9517,9517,,0.82
2018/4/4,9636,9636,,0.83
2018/4/5,9704,9704,,1.14
2018/4/6,9836,9836,,1.55
2018/4/9,9676,9676,,1.52
2018/4/10,9702,9702,,1.75
2018/4/11,9874,9874,,2.24
2018/4/12,9819,9819,,2.25
2018/4/13,9914,9914,,2.4
2018/4/16,9903,9903,,2.5
2018/4/17,9907,9907,,2.69
2018/4/18,9993,9993,,2.98
2018/4/19,10052,10052,,3.11
2018/4/20,10015,10015,,3.24
2018/4/23,9972,9972,,3.31
2018/4/24,10037,10037,,3.59
2018/4/25,9979,9979,,3.75
2018/4/26,9997,9997,,3.91
2018/4/27,10062,10062,,4.04
2018/5/1,10057,10057,,4.13
2018/5/2,10096,10096,,4.19
2018/5/7,10015,10015,,4.15
2018/5/8,10046,10046,,4.43
2018/5/9,10074,10074,,4.45
2018/5/10,10208,10208,,5.14
2018/5/11,10257,10257,,5.14
2018/5/14,10273,10273,,5.35
2018/5/15,10323,10323,,5.69
2018/5/16,10296,10296,,6.07
2018/5/17,10331,10331,,6.33
2018/5/18,10382,10382,,6.43
2018/5/21,10358,10358,,6.61
2018/5/22,10417,10417,,6.7
2018/5/23,10396,10396,,7.51
2018/5/24,10250,10250,,7.41
2018/5/25,10218,10218,,7.61
2018/5/28,10193,10193,,7.67
2018/5/29,10147,10147,,7.75
2018/5/30,9941,9941,,7.59
2018/5/31,10062,10062,,8.17
2018/6/1,10046,10046,,8.51
2018/6/4,10208,10208,,9.04
2018/6/5,10293,10293,,9.53
2018/6/6,10284,10284,,9.64
2018/6/7,10391,10391,,9.84
2018/6/8,10358,10358,,9.86
2018/6/11,10311,10311,,9.87
2018/6/12,10419,10419,,10.18
2018/6/13,10439,10439,,10.55
2018/6/14,10401,10401,,10.65
2018/6/15,10416,10416,,10.76
2018/6/18,10373,10373,,10.89
2018/6/19,10302,10302,,11.13
2018/6/20,10213,10213,,11.04
2018/6/21,10278,10278,,11.72
2018/6/22,10176,10176,,11.81
2018/6/25,10196,10196,,11.96
2018/6/26,10042,10042,,11.85
2018/6/27,10072,10072,,12.09
2018/6/28,10010,10010,,12.18
2018/6/29,10078,10078,,12.38
2018/7/2,10180,10180,,12.64
2018/7/3,10164,10164,,12.79
2018/7/4,10110,10110,,12.73
2018/7/5,10110,10110,,13.04
2018/7/6,10206,10206,,13.16
2018/7/9,10271,10271,,13.51
2018/7/10,10416,10416,,13.75
2018/7/11,10424,10424,,13.89
2018/7/12,10433,10433,,14.03
2018/7/13,10577,10577,,14.67
2018/7/17,10551,10551,,14.64
2018/7/18,10619,10619,,14.83
2018/7/19,10623,10623,,15.09
2018/7/20,10567,10567,,15.11
2018/7/23,10441,10441,,15.17
2018/7/24,10457,10457,,15.34
2018/7/25,10526,10526,,15.69
2018/7/26,10545,10545,,15.92
2018/7/27,10557,10557,,16.06
2018/7/30,10533,10533,,16.12
2018/7/31,10487,10487,,16.24
2018/8/1,10600,10600,,16.57
2018/8/2,10564,10564,,16.77
2018/8/3,10542,10542,,16.92
2018/8/6,10534,10534,,17.03
2018/8/7,10559,10559,,17.15
2018/8/8,10619,10619,,17.47
2018/8/9,10564,10564,,16.72
2018/8/10,10549,10549,,16.85
2018/8/13,10390,10390,,16.7
2018/8/14,10357,10357,,16.89
2018/8/15,10447,10447,,17.5
2018/8/16,10266,10266,,17.56
2018/8/17,10361,10361,,17.97
2018/8/20,10370,10370,,18.15
2018/8/21,10368,10368,,18.21
2018/8/22,10434,10434,,18.58
2018/8/23,10496,10496,,18.82
2018/8/24,10533,10533,,18.95
2018/8/27,10571,10571,,19.05
2018/8/28,10673,10673,,19.41
2018/8/29,10677,10677,,19.42
2018/8/30,10780,10780,,19.98
2018/8/31,10648,10648,,19.83
2018/9/3,10596,10596,,19.8
2018/9/4,10598,10598,,19.86
2018/9/5,10596,10596,,19.86
2018/9/6,10509,10509,,20.09
2018/9/7,10397,10397,,20.03
2018/9/10,10411,10411,,20.18
2018/9/11,10473,10473,,20.57
2018/9/12,10504,10504,,21.08
2018/9/13,10515,10515,,21.23
2018/9/14,10640,10640,,21.6
2018/9/18,10585,10585,,21.58
2018/9/19,10678,10678,,21.78
2018/9/20,10721,10721,,22.11
2018/9/21,10843,10843,,22.4
2018/9/25,10849,10849,,22.56
2018/9/26,10848,10848,,22.71
2018/9/27,10833,10833,,22.67
2018/9/28,10906,10906,,23.38
2018/10/1,10913,10913,,23.54
2018/10/2,10939,10939,,23.79
2018/10/3,10857,10857,,23.61
2018/10/4,10933,10933,,24.13
2018/10/5,10805,10805,,23.97
2018/10/9,10578,10578,,23.64
2018/10/10,10588,10588,,23.84
2018/10/11,10255,10255,,23.37
2018/10/12,10037,10037,,23.13
2018/10/15,10127,10127,,23.68
2018/10/16,10082,10082,,23.98
2018/10/17,10309,10309,,24.98
2018/10/18,10307,10307,,25.3
2018/10/19,10145,10145,,24.91
2018/10/22,10163,10163,,25.36
2018/10/23,10159,10159,,25.54
2018/10/24,10039,10039,,25.55
2018/10/25,9769,9769,,25.07
2018/10/26,9914,9914,,25.69
2018/10/29,9743,9743,,25.56
2018/10/30,9754,9754,,25.75
2018/10/31,9918,9918,,26.57
2018/11/1,10008,10008,,27.14
2018/11/2,10137,10137,,27.71
2018/11/5,10167,10167,,28.17
2018/11/6,10190,10190,,28.43
2018/11/7,10231,10231,,28.75
2018/11/8,10432,10432,,29.44
2018/11/9,10436,10436,,29.58
2018/11/12,10324,10324,,29.37
2018/11/13,10124,10124,,28.86
2018/11/14,10170,10170,,28.99
2018/11/15,10089,10089,,29.16
2018/11/16,10159,10159,,29.47
2018/11/19,10110,10110,,29.56
2018/11/20,9991,9991,,29.31
2018/11/21,9832,9832,,28.95
2018/11/22,9912,9912,,29.48
2018/11/26,9844,9844,,29.4
2018/11/27,10012,10012,,29.9
2018/11/28,10045,10045,,30.43
2018/11/29,10209,10209,,31.09
2018/11/30,10198,10198,,31.2
2018/12/3,10246,10246,,31.45
2018/12/4,10373,10373,,31.86
2018/12/5,10074,10074,,31.3
2018/12/6,10038,10038,,31.27
2018/12/7,9924,9924,,30.92
2018/12/10,9774,9774,,30.79
2018/12/11,9760,9760,,30.9
2018/12/12,9822,9822,,31.52
2018/12/13,9910,9910,,32.09
2018/12/14,9932,9932,,32.4
2018/12/17,9760,9760,,31.97
2018/12/18,9558,9558,,31.41
2018/12/19,9514,9514,,31.61
2018/12/20,9439,9439,,31.39
2018/12/21,9218,9218,,31.15
2018/12/25,8818,8818,,30.15
2018/12/26,8865,8865,,30.49
2018/12/27,9156,9156,,31.48
2018/12/28,9184,9184,,31.58
2019/1/4,8845,8845,,31.08
2019/1/7,9184,9184,,32.45
2019/1/8,9271,9271,,33.4
2019/1/9,9336,9336,,34.09
2019/1/10,9379,9379,,34.36
2019/1/11,9433,9433,,34.85
2019/1/15,9376,9376,,34.89
2019/1/16,9459,9459,,35.48
2019/1/17,9531,9531,,36.1
2019/1/18,9615,9615,,36.56
2019/1/21,9756,9756,,37.22
2019/1/22,9756,9756,,37.33
2019/1/23,9630,9630,,36.84
2019/1/24,9653,9653,,37.21
2019/1/25,9687,9687,,37.61
2019/1/28,9754,9754,,37.97
2019/1/29,9669,9669,,37.74
2019/1/30,9697,9697,,38.04
2019/1/31,9786,9786,,38.46
2019/2/1,9848,9848,,38.78
2019/2/4,9914,9914,,39.17
2019/2/5,9994,9994,,39.95
2019/2/6,10048,10048,,40.31
2019/2/7,10025,10025,,40.22
2019/2/8,9919,9919,,39.8
2019/2/12,9979,9979,,40.03
2019/2/13,10089,10089,,40.51
2019/2/14,10145,10145,,41.02
2019/2/15,10083,10083,,40.79
2019/2/18,10183,10183,,41.26
2019/2/19,10192,10192,,41.65
2019/2/20,10235,10235,,41.82
2019/2/21,10272,10272,,42.16
2019/2/22,10252,10252,,42.26
2019/2/25,10318,10318,,42.54
2019/2/26,10369,10369,,43.06
2019/2/27,10331,10331,,43.18
2019/2/28,10346,10346,,43.52
2019/3/1,10376,10376,,44.16
2019/3/4,10472,10472,,45.01
2019/3/5,10437,10437,,45.49
2019/3/6,10413,10413,,46.06
2019/3/7,10366,10366,,46.04
2019/3/8,10261,10261,,45.46
2019/3/11,10158,10158,,45.09
2019/3/12,10342,10342,,45.87
2019/3/13,10357,10357,,46.14
2019/3/14,10424,10424,,46.68
2019/3/15,10486,10486,,47.1
2019/3/18,10518,10518,,47.22
2019/3/19,10548,10548,,47.67
2019/3/20,10588,10588,,48.01
2019/3/22,10537,10537,,48.08
2019/3/25,10277,10277,,47.11
2019/3/26,10281,10281,,47.44
2019/3/27,10367,10367,,47.99
2019/3/28,10308,10308,,47.9
2019/3/29,10391,10391,,48.46
2019/4/1,10476,10476,,48.91
2019/4/2,10624,10624,,49.68
2019/4/3,10649,10649,,50.44
2019/4/4,10704,10704,,50.75
2019/4/5,10732,10732,,50.87
2019/4/8,10737,10737,,50.97
2019/4/9,10754,10754,,51.05
2019/4/10,10689,10689,,50.98
2019/4/11,10718,10718,,51.39
2019/4/12,10771,10771,,51.79
2019/4/15,10855,10855,,52.33
2019/4/16,10849,10849,,53.06
2019/4/17,10880,10880,,53.17
2019/4/18,10862,10862,,53.6
2019/4/19,10860,10860,,53.62
2019/4/22,10858,10858,,53.67
2019/4/23,10845,10845,,53.61
2019/4/24,10919,10919,,53.97
2019/4/25,10908,10908,0,54.34
2019/4/26,10845,10845,,53.95
2019/5/7,10733,10733,,53.47
2019/5/8,10537,10537,,52.59
2019/5/9,10504,10504,,53.58
2019/5/10,10416,10416,,53.45
2019/5/13,10444,10444,,53.73
2019/5/14,10208,10208,,52.74
2019/5/15,10291,10291,,53.17
2019/5/16,10334,10334,,53.88
2019/5/17,10456,10456,,54.41
2019/5/20,10411,10411,,54.63
2019/5/21,10349,10349,,54.2
2019/5/22,10454,10454,,55.04
2019/5/23,10406,10406,,55
2019/5/24,10233,10233,,54.55
2019/5/27,10246,10246,,55.42
2019/5/28,10258,10258,,55.85
2019/5/29,10169,10169,,55.37
2019/5/30,10117,10117,,55.68
2019/5/31,10118,10118,,55.9
2019/6/3,9946,9946,,55.1
2019/6/4,9923,9923,,55.19
2019/6/5,10086,10086,,57.06
2019/6/6,10161,10161,,57.71
2019/6/7,10221,10221,,58.39
2019/6/10,10325,10325,,59.25
2019/6/11,10380,10380,,59.57
2019/6/12,10421,10421,,60.21
2019/6/13,10372,10372,,60.26
2019/6/14,10389,10389,,60.64
2019/6/17,10367,10367,,61.04
2019/6/18,10363,10363,,61.13
2019/6/19,10477,10477,,62.1
2019/6/20,10471,10471,,62.13
2019/6/21,10532,10532,,62.64
2019/6/24,10527,10527,,62.87
2019/6/25,10503,10503,,62.86
2019/6/26,10422,10422,,63.06
2019/6/27,10454,10454,,63.41
2019/6/28,10502,10502,,63.82
2019/7/1,10595,10595,,64.35
2019/7/2,10680,10680,,65.32
2019/7/3,10639,10639,,65.07
2019/7/4,10719,10719,,66.98
2019/7/5,10737,10737,,66.93
2019/7/8,10753,10753,,67.03
2019/7/9,10726,10726,,67.11
2019/7/10,10733,10733,,67.43
2019/7/11,10704,10704,,67.33
2019/7/12,10755,10755,,68.14
2019/7/16,10741,10741,,68.09
2019/7/17,10752,10752,,68.84
2019/7/18,10656,10656,,68.95
2019/7/19,10654,10654,,69.11
2019/7/22,10654,10654,,69.29
2019/7/23,10673,10673,,69.58
2019/7/24,10746,10746,,70.42
2019/7/25,10779,10779,,70.84
2019/7/26,10779,10779,,71.31
2019/7/29,10795,10795,,71.56
2019/7/30,10824,10824,,71.81
2019/7/31,10750,10750,,71.4
2019/8/1,10704,10704,,71.59
2019/8/2,10442,10442,,69.98
2019/8/5,10242,10242,,69.78
2019/8/6,9926,9926,,67.84
2019/8/7,10015,10015,,68.8
2019/8/8,10023,10023,,69.35
2019/8/9,10192,10192,,70.97
2019/8/13,9976,9976,,70.1
2019/8/14,10159,10159,,71.67
2019/8/15,9889,9889,,70.56
2019/8/16,9896,9896,,70.85
2019/8/19,10050,10050,,73.17
2019/8/20,10181,10181,,74.61
2019/8/21,10100,10100,,74.43
2019/8/22,10204,10204,,75.58
2019/8/23,10181,10181,,75.65
2019/8/26,9855,9855,,73.31
2019/8/27,9973,9973,,74.28
2019/8/28,9957,9957,,74.17
2019/8/29,10023,10023,,75.44
2019/8/30,10169,10169,,76.76
2019/9/2,10164,10164,,76.92
2019/9/3,10178,10178,,77.2
2019/9/4,10088,10088,,76.52
2019/9/5,10266,10266,,79.43
2019/9/6,10444,10444,,80.96
2019/9/9,10452,10452,,81.23
2019/9/10,10502,10502,,81.75
2019/9/11,10526,10526,,82.05
2019/9/12,10641,10641,,83.29
2019/9/13,10697,10697,,84.06
2019/9/17,10661,10661,,84.28
2019/9/18,10681,10681,,84.59
2019/9/19,10693,10693,,85.09
2019/9/20,10671,10671,,85.22
2019/9/24,10580,10580,,84.58
2019/9/25,10463,10463,,83.88
2019/9/26,10528,10528,,84.9
2019/9/27,10533,10533,,85.17
2019/9/30,10512,10512,,85.21
2019/10/1,10568,10568,,85.8
2019/10/2,10421,10421,,84.92
2019/10/3,10173,10173,,82.9
2019/10/4,10208,10208,,84.83
2019/10/7,10308,10308,,85.76
2019/10/8,10349,10349,,86.57
2019/10/9,10196,10196,,85.29
2019/10/10,10289,10289,,86.68
2019/10/11,10438,10438,,88.27
2019/10/15,10598,10598,,90.08
2019/10/16,10718,10718,,91.3
2019/10/17,10725,10725,,91.78
2019/10/18,10756,10756,,92.94
2019/10/21,10703,10703,,92.92
2019/10/23,10735,10735,,93.12
2019/10/24,10782,10782,,93.96
2019/10/25,10818,10818,,94.31
2019/10/28,10856,10856,,94.8
2019/10/29,10931,10931,,95.62
2019/10/30,10910,10910,,95.48
2019/10/31,10947,10947,,95.91
2019/11/1,10823,10823,,94.88
2019/11/5,11058,11058,,97.3
2019/11/6,11084,11084,,99.03
2019/11/7,11073,11073,,99.14
2019/11/8,11158,11158,,99.96
2019/11/11,11126,11126,,99.65
2019/11/12,11105,11105,,99.77
2019/11/13,11096,11096,,99.7
2019/11/14,11063,11063,,99.65
2019/11/15,11045,11045,,99.91
2019/11/18,11148,11148,,100.93
2019/11/19,11128,11128,,101.96
2019/11/20,11141,11141,,102.51
2019/11/21,11077,11077,,102.04
2019/11/22,11074,11074,,102.68
2019/11/25,11108,11108,,103.22
2019/11/26,11215,11215,,104.49
2019/11/27,11239,11239,,105.52
2019/11/28,11308,11308,,106.36
2019/11/29,11320,11320,,106.6
2019/12/2,11276,11276,,106.19
2019/12/3,11141,11141,,105.17
2019/12/4,11011,11011,,105.47
2019/12/5,11108,11108,,106.61
2019/12/6,11124,11124,,107.09
2019/12/9,11193,11193,,107.94
2019/12/10,11174,11174,,107.93
2019/12/11,11174,11174,,108.22
2019/12/12,11201,11201,,109.28
2019/12/13,11412,11412,,112.03
2019/12/16,11427,11427,,112.46
2019/12/17,11528,11528,,114.64
2019/12/18,11535,11535,,115.37
2019/12/19,11557,11557,,115.92
2019/12/20,11558,11558,,116.09
2019/12/23,11600,11600,,116.87
2019/12/24,11621,11621,,117.57
2019/12/25,11607,11607,,117.84
2019/12/26,11634,11634,,118.74
2019/12/27,11691,11691,,119.32
2019/12/30,11711,11711,,119.52
2020/1/6,11544,11544,,118.71
2020/1/7,11589,11589,,119.5
2020/1/8,11509,11509,,121.41
2020/1/9,11686,11686,,123.1
2020/1/10,11801,11801,,124.52
2020/1/14,11925,11925,,126.3
2020/1/15,11897,11897,,126.44
2020/1/16,11913,11913,,127.48
2020/1/17,12023,12023,,129.29
2020/1/20,12056,12056,,130.55
2020/1/21,12058,12058,,130.9
2020/1/22,11965,11965,,129.89
2020/1/23,11961,11961,,131.96
2020/1/24,11914,11914,,132.9
2020/1/27,11798,11798,,132.02
2020/1/28,11580,11580,,130.1
2020/1/29,11692,11692,,131.36
2020/1/30,11677,11677,,131.19
2020/1/31,11652,11652,,133.02
2020/2/3,11428,11428,,131.14
2020/2/4,11488,11488,,131.85
2020/2/5,11765,11765,,137.4
2020/2/6,11911,11911,,139.47
2020/2/7,11971,11971,,140.72
2020/2/10,11871,11871,,139.95
2020/2/12,11994,11994,,141.61
2020/2/13,12074,12074,,142.78
2020/2/14,12052,12052,,143.35
2020/2/17,12057,12057,,144.12
2020/2/18,12069,12069,,145.74
2020/2/19,12024,12024,,145.2
2020/2/20,12244,12244,,148.82
2020/2/21,12270,12270,,149.43
2020/2/25,11651,11651,,142.31
2020/2/26,11324,11324,,138.69
2020/2/27,11271,11271,,139.2
2020/2/28,10799,10799,,134.48
2020/3/2,10452,10452,,130.21
2020/3/3,10843,10843,,135.98
2020/3/4,10619,10619,,136.4
2020/3/5,10944,10944,,141.8
2020/3/6,10578,10578,,137.98
2020/3/9,9937,9937,,130.21
2020/3/10,9314,9314,,122.59
2020/3/11,9745,9745,,128.6
2020/3/12,9351,9351,,124.68
2020/3/13,8487,8487,,114.16
2020/3/16,9169,9169,,124.22
2020/3/17,8245,8245,,112.68
2020/3/18,8623,8623,,120.41
2020/3/19,8271,8271,,116.49
2020/3/23,8287,8287,,118.07
2020/3/24,8007,8007,,114.79
2020/3/25,8740,8740,,126.59
2020/3/26,8930,8930,,130.52
2020/3/27,9214,9214,,136.14
2020/3/30,8828,8828,,131.01
2020/3/31,9110,9110,,135.68
2020/4/1,8986,8986,,134.56
2020/4/2,8625,8625,,129.61
2020/4/3,8807,8807,,135.41
2020/4/6,8753,8753,,135.02
2020/4/7,9266,9266,,143.3
2020/4/8,9305,9305,,144.77
2020/4/9,9542,9542,,148.91
2020/4/10,9656,9656,,151.58
2020/4/13,9625,9625,,151.61
2020/4/14,9512,9512,,149.82
2020/4/15,9700,9700,,152.78
2020/4/16,9509,9509,,153.24
2020/4/17,9571,9571,,155.2
2020/4/20,9811,9811,,159.75
2020/4/21,9692,9692,,158.57
2020/4/22,9399,9399,,154.62
2020/4/23,9581,9581,,158.13
2020/4/24,9586,9586,,158.43
2020/4/27,9639,9639,0,159.62
2020/4/28,9776,9776,,162.39
2020/4/30,9991,9991,,166.8
2020/5/1,9935,9935,,166.32
2020/5/7,9618,9618,,161.02
2020/5/8,9742,9742,,163.09
2020/5/11,9940,9940,,170.78
2020/5/12,9983,9983,,171.52
2020/5/13,9819,9819,,170.4
2020/5/14,9642,9642,,167.68
2020/5/15,9708,9708,,169.32
2020/5/18,9720,9720,,170.06
2020/5/19,10044,10044,,176.63
2020/5/20,10061,10061,,177.67
2020/5/21,10180,10180,,180.53
2020/5/22,10107,10107,,181.49
2020/5/25,10063,10063,,180.8
2020/5/26,10119,10119,,182.21
2020/5/27,10241,10241,,184.4
2020/5/28,10394,10394,,188.61
2020/5/29,10381,10381,,188.81
2020/6/1,10421,10421,,189.76
2020/6/2,10501,10501,,191.72
2020/6/3,10745,10745,,199.48
2020/6/4,10937,10937,,203.39
2020/6/5,10945,10945,,203.61
2020/6/8,11235,11235,,209.08
2020/6/9,11186,11186,,208.2
2020/6/10,11085,11085,,206.56
2020/6/11,10977,10977,,204.65
2020/6/12,10387,10387,,194.15
2020/6/15,10514,10514,,196.63
2020/6/16,10571,10571,,199.52
2020/6/17,10780,10780,,204.27
2020/6/18,10723,10723,,203.61
2020/6/19,10723,10723,,203.96
2020/6/22,10684,10684,,203.78
2020/6/23,10762,10762,,205.78
2020/6/24,10802,10802,,207.1
2020/6/25,10596,10596,,203.43
2020/6/26,10676,10676,,205.33
2020/6/29,10513,10513,,202.18
2020/6/30,10660,10660,,205.42
2020/7/1,10815,10815,,208.77
2020/7/2,10805,10805,,208.86
2020/7/3,10922,10922,,211.11
2020/7/6,10937,10937,,214.85
2020/7/7,11102,11102,,218.1
2020/7/8,11028,11028,,217.4
2020/7/9,11077,11077,,218.65
2020/7/10,11005,11005,,217.28
2020/7/13,11059,11059,,218.62
2020/7/14,11056,11056,,219.34
2020/7/15,11144,11144,,221.62
2020/7/16,11225,11225,,223.6
2020/7/17,11185,11185,,225.02
2020/7/20,11257,11257,,226.59
2020/7/21,11336,11336,,228.49
2020/7/22,11364,11364,,229.65
2020/7/27,11079,11079,,224.21
2020/7/28,11120,11120,,225.31
2020/7/29,11059,11059,,225.04
2020/7/30,11165,11165,,227.79
2020/7/31,11055,11055,,225.79
2020/8/3,11212,11212,,229.48
2020/8/4,11308,11308,,231.56
2020/8/5,11316,11316,,235.44
2020/8/6,11395,11395,,237.48
2020/8/7,11434,11434,,238.62
2020/8/11,11468,11468,,239.58
2020/8/12,11498,11498,,240.32
2020/8/13,11668,11668,,244.73
2020/8/14,11678,11678,,245.33
2020/8/17,11605,11605,,244.48
2020/8/18,11585,11585,,246.16
2020/8/19,11545,11545,,246.04
2020/8/20,11594,11594,,247.65
2020/8/21,11541,11541,,247.3
2020/8/24,11569,11569,,248.26
2020/8/25,11722,11722,,252.08
2020/8/26,11812,11812,,254.52
2020/8/27,11861,11861,,256.23
2020/8/28,11932,11932,,258.15
2020/8/31,11855,11855,,256.81
2020/9/1,11869,11869,,257.54
2020/9/2,11957,11957,,259.46
2020/9/3,12113,12113,,267.65
2020/9/4,11779,11779,,260.66
2020/9/7,11683,11683,,258.72
2020/9/8,11701,11701,,259.65
2020/9/9,11403,11403,,253.04
2020/9/10,11626,11626,,259.47
2020/9/11,11479,11479,,256.57
2020/9/14,11496,11496,,258.07
2020/9/15,11581,11581,,260.59
2020/9/16,11611,11611,,264.27
2020/9/17,11546,11546,,263.75
2020/9/18,11446,11446,,262.15
2020/9/23,11246,11246,,258.24
2020/9/24,11103,11103,,255.53
2020/9/25,11089,11089,,256.23
2020/9/28,11184,11184,,258.98
2020/9/29,11369,11369,,264.28
2020/9/30,11384,11384,,265.41
2020/10/1,11421,11421,,266.89
2020/10/2,11485,11485,,268.71
2020/10/5,11413,11413,,267.02
2020/10/6,11608,11608,,271.59
2020/10/7,11505,11505,,273.99
2020/10/8,11702,11702,,279.14
2020/10/9,11786,11786,,281.62
2020/10/12,11850,11850,,283.48
2020/10/13,11965,11965,,286.96
2020/10/14,11911,11911,,285.66
2020/10/15,11839,11839,,285.25
2020/10/16,11763,11763,,283.49
2020/10/19,11800,11800,,287.55
2020/10/20,11708,11708,,286.39
2020/10/21,11733,11733,,288.4
2020/10/22,11608,11608,,286.01
2020/10/23,11642,11642,,287.19
2020/10/26,11691,11691,,289.16
2020/10/27,11513,11513,,285.33
2020/10/28,11428,11428,,283.22
2020/10/29,11076,11076,,275.82
2020/10/30,11163,11163,,278.7
2020/11/2,11048,11048,,276.7
2020/11/4,11375,11375,,285.54
2020/11/5,11581,11581,,296.26
2020/11/6,11758,11758,,301.76
2020/11/9,11747,11747,,302.43
2020/11/10,12121,12121,,312.72
2020/11/11,12112,12112,,313.11
2020/11/12,12234,12234,,317.13
2020/11/13,12091,12091,,313.42
2020/11/16,12179,12179,,316.17
2020/11/17,12298,12298,,321.52
2020/11/18,12223,12223,,320.59
2020/11/19,12132,12132,,319.2
2020/11/20,12156,12156,,320.27
2020/11/24,12272,12272,,323.69
2020/11/25,12436,12436,,328.83
2020/11/26,12412,12412,,329.32
2020/11/27,12394,12394,,329.41
2020/11/30,12410,12410,,329.84
2020/12/1,12347,12347,,328.99
2020/12/2,12513,12513,,334.55
2020/12/3,12555,12555,,340.95
2020/12/4,12510,12510,,340.6
2020/12/7,12642,12642,,345
2020/12/8,12630,12630,,345.07
2020/12/9,12674,12674,,347.09
2020/12/10,12615,12615,,345.89
2020/12/11,12596,12596,,345.84
2020/12/14,12569,12569,,346.7
2020/12/15,12556,12556,,346.86
2020/12/16,12617,12617,,349.9
2020/12/17,12643,12643,,354.38
2020/12/18,12712,12712,,356.88
2020/12/21,12682,12682,,357.1
2020/12/22,12580,12580,,355.01
2020/12/23,12608,12608,,357.34
2020/12/24,12657,12657,,360.59
2020/12/25,12658,12658,,361.41
2020/12/28,12678,12678,,362.47
2020/12/29,12779,12779,,365.35
2020/12/30,12764,12764,,364.91
2021/1/4,12784,12784,,367.49
2021/1/5,12717,12717,,366.1
2021/1/6,12761,12761,,373.41
2021/1/7,12868,12868,,377.6
2021/1/8,13116,13116,,385.55
2021/1/12,13176,13176,,388.09
2021/1/13,13142,13142,,387.84
2021/1/14,13193,13193,,390.27
2021/1/15,13180,13180,,390.84
2021/1/18,13054,13054,,388.24
2021/1/19,13053,13053,,389.47
2021/1/20,13188,13188,,393.52
2021/1/21,13306,13306,,402.8
2021/1/22,13313,13313,,404.17
2021/1/25,13292,13292,,403.4
2021/1/26,13311,13311,,405
2021/1/27,13265,13265,,405.78
2021/1/28,13034,13034,,399.78
2021/1/29,13127,13127,,403.23
2021/2/1,12920,12920,,397.35
2021/2/2,13149,13149,,405.3
2021/2/3,13352,13352,,417.96
2021/2/4,13379,13379,,419.54
2021/2/5,13532,13532,,424.76
2021/2/8,13605,13605,,427.26
2021/2/9,13648,13648,,429.47
2021/2/10,13598,13598,,428.26
2021/2/12,13670,13670,,431.18
2021/2/15,13781,13781,,435.77
2021/2/16,13881,13881,,438.92
2021/2/17,13952,13952,,441.17
2021/2/18,13870,13870,,445.68
2021/2/19,13791,13791,,443.94
2021/2/22,13782,13782,,444.9
2021/2/24,13638,13638,,441.37
2021/2/25,13795,13795,,448.46
2021/2/26,13582,13582,,442.85
2021/3/1,13456,13456,,439.76
2021/3/2,13787,13787,,451.64
2021/3/3,13714,13714,,456.45
2021/3/4,13630,13630,,454.49
2021/3/5,13541,13541,,452.85
2021/3/8,13731,13731,,459.69
2021/3/9,13744,13744,,461.01
2021/3/10,13872,13872,,466.58
2021/3/11,13940,13940,,469.64
2021/3/12,14144,14144,,478.1
2021/3/15,14181,14181,,480.08
2021/3/16,14256,14256,,483.47
2021/3/17,14250,14250,,485.34
2021/3/18,14268,14268,,486.71
2021/3/19,14121,14121,,486.32
2021/3/22,14056,14056,,485.64
2021/3/23,14130,14130,,489.33
2021/3/24,13977,13977,,486.26
2021/3/25,13904,13904,,484.68
2021/3/26,13985,13985,,488.5
2021/3/29,14221,14221,,497.92
2021/3/30,14242,14242,,499.56
2021/3/31,14352,14352,,504.6
2021/4/1,14404,14404,,507.11
2021/4/2,14552,14552,,513.22
2021/4/5,14550,14550,,520.75
2021/4/6,14644,14644,,524.1
2021/4/7,14623,14623,,523.34
2021/4/8,14614,14614,,523.03
2021/4/9,14644,14644,,529.46
2021/4/12,14743,14743,,534.07
2021/4/13,14693,14693,,533.33
2021/4/14,14656,14656,,534.65
2021/4/15,14662,14662,,535.75
2021/4/16,14761,14761,,544.42
2021/4/19,14817,14817,,548.67
2021/4/20,14715,14715,,546.2
2021/4/21,14571,14571,,542.93
2021/4/22,14664,14664,,548.23
2021/4/23,14591,14591,,546.73
2021/4/26,14725,14725,0,552.82
2021/4/27,14802,14802,,556.3
2021/4/28,14899,14899,,561.77
2021/4/30,14969,14969,,565.42
2021/5/6,14839,14839,,562.74
2021/5/7,14911,14911,,567.21
2021/5/10,15002,15002,,582.94
2021/5/11,14916,14916,,581.58
2021/5/12,14736,14736,,577.43
2021/5/13,14606,14606,,573.92
2021/5/14,14674,14674,,578.47
2021/5/17,14872,14872,,587.71
2021/5/18,14831,14831,,587.64
2021/5/19,14789,14789,,588.1
2021/5/20,14726,14726,,586.92
2021/5/21,14848,14848,,591.8
2021/5/24,14849,14849,,599.5
2021/5/25,14942,14942,,604.29
2021/5/26,14946,14946,,606.86
2021/5/27,15022,15022,,611.33
2021/5/28,15159,15159,,618.12
2021/5/31,15169,15169,,619.6
2021/6/1,15136,15136,,619.45
2021/6/2,15210,15210,,622.46
2021/6/3,15226,15226,,634.91
2021/6/4,15241,15241,,636.97
2021/6/7,15258,15258,,638.8
2021/6/8,15248,15248,,640.08
2021/6/9,15247,15247,,643.52
2021/6/10,15247,15247,,645.23
2021/6/11,15293,15293,,649.17
2021/6/14,15363,15363,,654.41
2021/6/15,15443,15443,,659.81
2021/6/16,15425,15425,,659.06
2021/6/17,15412,15412,,669.19
2021/6/18,15326,15326,,668.27
2021/6/21,15132,15132,,661.89
2021/6/22,15276,15276,,670.29
2021/6/23,15411,15411,,678.86
2021/6/24,15451,15451,,681.94
2021/6/25,15539,15539,,687.38
2021/6/28,15551,15551,,689.46
2021/6/29,15531,15531,,690.57
2021/6/30,15540,15540,,694.33
2021/7/1,15578,15578,,697.86
2021/7/2,15706,15706,,705.8
2021/7/5,15710,15710,,706.01
2021/7/6,15679,15679,,718.82
2021/7/7,15561,15561,,713.4
2021/7/8,15617,15617,,722.16
2021/7/9,15357,15357,,711.94
2021/7/12,15558,15558,,723.09
2021/7/13,15653,15653,,728.79
2021/7/14,15647,15647,,732.91
2021/7/15,15553,15553,,730.14
2021/7/16,15501,15501,,729.81
2021/7/19,15395,15395,,732.11
2021/7/20,15097,15097,,718.96
2021/7/21,15312,15312,,730.93
2021/7/26,15697,15697,,750.87
2021/7/27,15637,15637,,749.77
2021/7/28,15467,15467,,744.48
2021/7/29,15514,15514,,747.64
2021/7/30,15590,15590,,752.27
2021/8/2,15508,15508,,748.89
2021/8/3,15495,15495,,749.14
2021/8/4,15542,15542,,764.69
2021/8/5,15612,15612,,769.26
2021/8/6,15711,15711,,774.81
2021/8/10,15757,15757,,778.09
2021/8/11,15824,15824,,782.22
2021/8/12,15817,15817,,785.46
2021/8/13,15851,15851,,788.06
2021/8/16,15739,15739,,784.19
2021/8/17,15676,15676,,787.92
2021/8/18,15606,15606,,787.89
2021/8/19,15564,15564,,787.18
2021/8/20,15461,15461,,783.47
2021/8/23,15536,15536,,788.93
2021/8/24,15680,15680,,798.57
2021/8/25,15770,15770,,805.68
2021/8/26,15843,15843,,810.39
2021/8/27,15731,15731,,805.82
2021/8/30,15833,15833,,812.05
2021/8/31,15919,15919,,817.32
2021/9/1,15966,15966,,819.71
2021/9/2,15983,15983,,823.31
2021/9/3,16028,16028,,838.43
2021/9/6,16004,16004,,838.64
2021/9/7,16035,16035,,841.1
2021/9/8,16045,16045,,841.64
2021/9/9,15958,15958,,840.66
2021/9/10,15827,15827,,836.31
2021/9/13,15777,15777,,834.37
2021/9/14,15806,15806,,838.64
2021/9/15,15677,15677,,834.53
2021/9/16,15703,15703,,844.11
2021/9/17,15719,15719,,847.07
2021/9/21,15289,15289,,825.1
2021/9/22,15276,15276,,825.5
2021/9/24,15751,15751,,853.74
2021/9/27,15764,15764,,854.45
2021/9/28,15764,15764,,857.89
2021/9/29,15552,15552,,848.06
2021/9/30,15581,15581,,850.79
2021/10/1,15408,15408,,842.29
2021/10/4,15444,15444,,845.54
2021/10/5,15271,15271,,836.07
2021/10/6,15508,15508,,863.74
2021/10/7,15471,15471,,862.11
2021/10/8,15698,15698,,875.56
2021/10/11,15765,15765,,881.13
2021/10/12,15869,15869,,889.7
2021/10/13,15834,15834,,887.73
2021/10/14,15917,15917,,896.54
2021/10/15,16208,16208,,914.18
2021/10/18,16388,16388,,924.35
2021/10/19,16416,16416,,935.07
2021/10/20,16601,16601,,947.69
2021/10/21,16616,16616,,949.7
2021/10/22,16584,16584,,950.29
2021/10/25,16542,16542,,949.06
2021/10/26,16609,16609,,953.68
2021/10/27,16682,16682,,960.46
2021/10/28,16545,16545,,954.07
2021/10/29,16648,16648,,961.39
2021/11/1,16665,16665,,964.2
2021/11/2,16733,16733,,969.63
2021/11/4,16859,16859,,991.9
2021/11/5,16849,16849,,993.31
2021/11/8,16864,16864,,996.23
2021/11/9,16845,16845,,997.41
2021/11/10,16751,16751,,997.56
2021/11/11,16787,16787,,1001.65
2021/11/12,16851,16851,,1007.39
2021/11/15,16924,16924,,1011.73
2021/11/16,16953,16953,,1017.62
2021/11/17,17089,17089,,1036.26
2021/11/18,16946,16946,,1029.96
2021/11/19,16981,16981,,1034.12
2021/11/22,16873,16873,,1029.41
2021/11/24,16931,16931,,1035.01
2021/11/25,16972,16972,,1041.24
2021/11/26,16923,16923,,1041.34
2021/11/29,16352,16352,,1006.2
2021/11/30,16503,16503,,1019.16
2021/12/1,16180,16180,,1002.17
2021/12/2,16051,16051,,996.92
2021/12/3,16213,16213,,1023.03
2021/12/6,16064,16064,,1016.23
2021/12/7,16270,16270,,1031.61
2021/12/8,16628,16628,,1057.82
2021/12/9,16723,16723,,1067.2
2021/12/10,16567,16567,,1061.18
2021/12/13,16652,16652,,1068.2
2021/12/14,16523,16523,,1062.66
2021/12/15,16415,16415,,1058.49
2021/12/16,16656,16656,,1075.4
2021/12/17,16558,16558,,1079.61
2021/12/20,16367,16367,,1069.26
2021/12/21,16174,16174,,1058.37
2021/12/22,16525,16525,,1085.81
2021/12/23,16698,16698,,1098.43
2021/12/24,16856,16856,,1110.92
2021/12/27,16839,16839,,1111.2
2021/12/28,17090,17090,,1127.75
2021/12/29,17083,17083,,1127.29
2021/12/30,17116,17116,,1129.44
2022/1/4,17203,17203,,1140.35
2022/1/5,17328,17328,,1149.78
2022/1/6,17044,17044,,1144.33
2022/1/7,16971,16971,,1142.56
2022/1/11,16815,16815,,1134.11
2022/1/12,16986,16986,,1147.54
2022/1/13,17000,17000,,1155.1
2022/1/14,16743,16743,,1139.53
2022/1/17,16732,16732,,1140.73
2022/1/18,16790,16790,,1146.8
2022/1/19,16529,16529,,1128.93
2022/1/20,16377,16377,,1131.79
2022/1/21,16217,16217,,1122.2
2022/1/24,15938,15938,,1104.98
2022/1/25,15843,15843,,1099.65
2022/1/26,15672,15672,,1089.91
2022/1/27,15782,15782,,1099
2022/1/28,15792,15792,,1101.3
2022/1/31,16022,16022,,1118.93
2022/2/1,16276,16276,,1138.15
2022/2/2,16357,16357,,1146.29
2022/2/3,16426,16426,,1151.14
2022/2/4,16213,16213,,1136.22
2022/2/7,16310,16310,,1142.99
2022/2/8,16300,16300,,1159.5
2022/2/9,16429,16429,,1170.66
2022/2/10,16695,16695,,1194.26
2022/2/14,16226,16226,,1161.74
2022/2/15,16092,16092,,1154.63
2022/2/16,16374,16374,,1176.55
2022/2/17,16382,16382,,1187.69
2022/2/18,16045,16045,,1164.6
2022/2/21,15924,15924,,1157.34
2022/2/22,15828,15828,,1152.36
2022/2/24,15508,15508,,1129.03
2022/2/25,15552,15552,,1136.35
2022/2/28,15896,15896,,1163.57
2022/3/1,15848,15848,,1161.79
2022/3/2,15562,15562,,1144.67
2022/3/3,15851,15851,,1179.7
2022/3/4,15680,15680,,1168.88
2022/3/7,15368,15368,,1147.06
2022/3/8,15018,15018,,1122.13
2022/3/9,14975,14975,,1121.44
2022/3/10,15432,15432,,1161.15
2022/3/11,15402,15402,,1159.89
2022/3/14,15387,15387,,1161.91
2022/3/15,15358,15358,,1160.85
2022/3/16,15540,15540,,1176.34
2022/3/17,16087,16087,,1220.38
2022/3/18,16298,16298,,1237.85
2022/3/22,16599,16599,,1270.94
2022/3/23,16967,16967,,1301.16
2022/3/24,16799,16799,,1291.12
2022/3/25,17095,17095,,1315.3
2022/3/28,17135,17135,,1318.92
2022/3/29,17506,17506,,1349.21
2022/3/30,17521,17521,,1351.47
2022/3/31,17461,17461,,1347.77
2022/4/1,17182,17182,,1326.92
2022/4/4,17273,17273,,1335.38
2022/4/5,17439,17439,,1361.46
2022/4/6,17454,17454,,1365.04
2022/4/7,17212,17212,,1346.13
2022/4/8,17232,17232,,1350.21
2022/4/11,17357,17357,,1360.82
2022/4/12,17243,17243,,1357.39
2022/4/13,17182,17182,,1355.37
2022/4/14,17357,17357,,1370.85
2022/4/15,17309,17309,,1368.57
2022/4/18,17337,17337,,1380.18
2022/4/19,17403,17403,,1385.38
2022/4/20,17855,17855,,1421.36
2022/4/21,17722,17722,,1418.45
2022/4/22,17560,17560,,1407.7
2022/4/25,17149,17149,0,1375.76
2022/4/26,16933,16933,,1359.55
2022/4/27,16551,16551,,1332.3
2022/4/28,16715,16715,,1346.7
2022/5/2,16840,16840,,1358.33
2022/5/6,16820,16820,,1358.75
2022/5/9,16652,16652,,1345.17
2022/5/10,16062,16062,,1317.04
2022/5/11,16122,16122,,1321.96
2022/5/12,15913,15913,,1315.76
2022/5/13,15705,15705,,1301.73
2022/5/16,16185,16185,,1344.01
2022/5/17,16110,16110,,1340.28
2022/5/18,16450,16450,,1374.13
2022/5/19,15843,15843,,1325.53
2022/5/20,15685,15685,,1314.11
2022/5/23,15749,15749,,1330.75
2022/5/24,15994,15994,,1354.92
2022/5/25,15741,15741,,1336.01
2022/5/26,15936,15936,,1354.82
2022/5/27,16125,16125,,1373.25
2022/5/30,16477,16477,,1404.76
2022/5/31,16702,16702,,1425.05
2022/6/1,16713,16713,,1426.03
2022/6/2,16717,16717,,1429.52
2022/6/3,16955,16955,,1464.18
2022/6/6,16864,16864,,1456.29
2022/6/7,17115,17115,,1477.99
2022/6/8,17283,17283,,1496.99
2022/6/9,17380,17380,,1507.5
2022/6/10,16979,16979,,1478.8
2022/6/13,16587,16587,,1445.55
2022/6/14,15889,15889,,1388.13
2022/6/15,15906,15906,,1392.23
2022/6/16,16050,16050,,1416.08
2022/6/17,15478,15478,,1369.33
2022/6/20,15709,15709,,1392.41
2022/6/21,15747,15747,,1397.57
2022/6/22,16188,16188,,1436.75
2022/6/23,16078,16078,,1433.3
2022/6/24,16034,16034,,1430.67
2022/6/27,16412,16412,,1465.31
2022/6/28,16554,16554,,1479.97
2022/6/29,16408,16408,,1469.32
2022/6/30,16395,16395,,1469.52
2022/7/1,16145,16145,,1447.62
2022/7/4,16109,16109,,1445.89
2022/7/5,16273,16273,,1460.66
2022/7/6,16136,16136,,1448.31
2022/7/7,16186,16186,,1471.3
2022/7/8,16473,16473,,1498.83
2022/7/11,16527,16527,,1504.98
2022/7/12,16388,16388,,1500.65
2022/7/13,16240,16240,,1488.39
2022/7/14,16288,16288,,1494.91
2022/7/15,16294,16294,,1497.63
2022/7/19,16481,16481,,1526.17
2022/7/20,16858,16858,,1563.66
2022/7/21,16973,16973,,1577.57
2022/7/22,16971,16971,,1578.92
2022/7/25,16760,16760,,1560.03
2022/7/26,16778,16778,,1561.94
2022/7/27,16685,16685,,1556.55
2022/7/28,16932,16932,,1581.17
2022/7/29,16909,16909,,1580.18
2022/8/1,16887,16887,,1579.44
2022/8/2,16619,16619,,1555.14
2022/8/3,16838,16838,,1590.9
2022/8/4,17041,17041,,1612.13
2022/8/5,17000,17000,,1609.86
2022/8/8,17253,17253,,1634.96
2022/8/9,17220,17220,,1632.75
2022/8/10,17190,17190,,1638.42
2022/8/12,17292,17292,,1648.56
2022/8/15,17458,17458,,1668.08
2022/8/16,17491,17491,,1672.87
2022/8/17,17681,17681,,1705.04
2022/8/18,17637,17637,,1702.53
2022/8/19,17812,17812,,1719.68
2022/8/22,17707,17707,,1710.77
2022/8/23,17397,17397,,1681.42
2022/8/24,17309,17309,,1674.32
2022/8/25,17362,17362,,1679.68
2022/8/26,17552,17552,,1700.41
2022/8/29,17286,17286,,1676.8
2022/8/30,17203,17203,,1670.15
2022/8/31,17060,17060,,1656.26
2022/9/1,17041,17041,,1656.97
2022/9/2,17027,17027,,1656.76
2022/9/5,16981,16981,,1667.48
2022/9/6,16967,16967,,1668.24
2022/9/7,17216,17216,,1692.75
2022/9/8,17592,17592,,1733.84
2022/9/9,17642,17642,,1740.56
2022/9/12,17805,17805,,1764.75
2022/9/13,18000,18000,,1784.04
2022/9/14,17606,17606,,1744.93
2022/9/15,17444,17444,,1735.38
2022/9/16,17258,17258,,1728.96
2022/9/20,17186,17186,,1724.88
2022/9/21,17070,17070,,1715.14
2022/9/22,16896,16896,,1701.2
2022/9/26,16287,16287,,1641.7
2022/9/27,16179,16179,,1632.37
2022/9/28,16164,16164,,1635.79
2022/9/29,16357,16357,,1657.09
2022/9/30,16168,16168,,1639.8
2022/10/3,16022,16022,,1626.8
2022/10/4,16334,16334,,1660.76
2022/10/5,16772,16772,,1723.8
2022/10/6,16835,16835,,1730.3
2022/10/7,16681,16681,,1719.51
2022/10/11,16233,16233,,1674.67
2022/10/12,16120,16120,,1665.05
2022/10/13,16171,16171,,1681.07
2022/10/14,16519,16519,,1719.71
2022/10/17,16390,16390,,1709.87
2022/10/18,16806,16806,,1766.24
2022/10/19,17037,17037,,1793.71
2022/10/20,16960,16960,,1787.88
2022/10/21,16909,16909,,1782.8
2022/10/24,17058,17058,,1800.23
2022/10/25,17175,17175,,1814.3
2022/10/26,17344,17344,,1835.33
2022/10/27,17099,17099,,1811.17
2022/10/28,17085,17085,,1810.81
2022/10/31,17513,17513,,1857.09
2022/11/1,17483,17483,,1855.35
2022/11/2,17377,17377,,1845.4
2022/11/4,16934,16934,,1813.45
2022/11/7,17116,17116,,1834.44
2022/11/8,17239,17239,,1848.97
2022/11/9,17259,17259,,1854.41
2022/11/10,17050,17050,,1840.65
2022/11/11,17282,17282,,1866.7
2022/11/14,17281,17281,,1868.79
2022/11/15,17280,17280,,1868.77
2022/11/16,17352,17352,,1881.52
2022/11/17,17212,17212,,1881.26
2022/11/18,17236,17236,,1885.43
2022/11/21,17301,17301,,1893.7
2022/11/22,17420,17420,,1908.21
2022/11/24,17401,17401,,1909.67
2022/11/25,17420,17420,,1913.21
2022/11/28,17394,17394,,1910.39
2022/11/29,17136,17136,,1887.43
2022/11/30,17159,17159,,1894.19
2022/12/1,17405,17405,,1922.93
2022/12/2,17265,17265,,1909.71
2022/12/5,17136,17136,,1914.49
2022/12/6,17136,17136,,1917.49
2022/12/7,17005,17005,,1906.75
2022/12/8,16857,16857,,1891.9
2022/12/9,17030,17030,,1914.44
2022/12/12,16949,16949,,1915.25
2022/12/13,17211,17211,,1946.89
2022/12/14,17077,17077,,1938.26
2022/12/15,17039,17039,,1936.46
2022/12/16,16888,16888,,1921.01
2022/12/19,16530,16530,,1896.71
2022/12/20,16230,16230,,1864.19
2022/12/21,15893,15893,,1828.69
2022/12/22,16166,16166,,1864.23
2022/12/23,16052,16052,,1855.35
2022/12/26,16049,16049,,1859.14
2022/12/27,16176,16176,,1877.02
2022/12/28,16227,16227,,1882.95
2022/12/29,16116,16116,,1870.04
2022/12/30,16151,16151,,1884.44
2023/1/4,15878,15878,,1853.97
2023/1/5,16209,16209,,1893.76
2023/1/6,16260,16260,,1915.64
2023/1/10,16453,16453,,1944.52
2023/1/11,16583,16583,,1962
2023/1/12,16702,16702,,1988.52
2023/1/13,16460,16460,,1962.21
2023/1/16,16372,16372,,1953.04
2023/1/17,16453,16453,,1964.25
2023/1/18,16765,16765,,2001.43
2023/1/19,16275,16275,,1963.51
2023/1/20,16194,16194,,1955.66
2023/1/23,16524,16524,,1996.44
2023/1/24,16820,16820,,2034.55
2023/1/25,16807,16807,,2033.02
2023/1/26,16670,16670,,2016.46
2023/1/27,16866,16866,,2040.11
2023/1/30,16968,16968,,2059.88
2023/1/31,16827,16827,,2044
2023/2/1,16896,16896,,2053.95
2023/2/2,16905,16905,,2056.03
2023/2/3,17093,17093,,2095.1
2023/2/6,17410,17410,,2136.16
2023/2/7,17277,17277,,2120.66
2023/2/8,17217,17217,,2114.16
2023/2/9,17194,17194,,2112.41
2023/2/10,17132,17132,,2111.58
2023/2/13,17098,17098,,2108.84
2023/2/14,17346,17346,,2142.77
2023/2/15,17417,17417,,2153.25
2023/2/16,17608,17608,,2191.69
2023/2/17,17489,17489,,2179.81
2023/2/20,17432,17432,,2173.79
2023/2/21,17433,17433,,2175.02
2023/2/22,17231,17231,,2149.83
2023/2/24,17140,17140,,2143.26
2023/2/27,17192,17192,,2151.26
2023/2/28,17283,17283,,2166.15
2023/3/1,17218,17218,,2161.76
2023/3/2,17203,17203,,2162.19
2023/3/3,17352,17352,,2198.08
2023/3/6,17496,17496,,2218.9
2023/3/7,17547,17547,,2226.56
2023/3/8,17435,17435,,2214.56
2023/3/9,17400,17400,,2211.48
2023/3/10,17038,17038,,2173.89
2023/3/13,16607,16607,,2120.46
2023/3/14,16404,16404,,2098.78
2023/3/15,16774,16774,,2148.74
2023/3/16,16393,16393,,2101.9
2023/3/17,16652,16652,,2139.52
2023/3/20,16434,16434,,2128.36
2023/3/22,16749,16749,,2171.18
2023/3/23,16424,16424,,2132.99
2023/3/24,16428,16428,,2136.4
2023/3/27,16416,16416,,2136.47
2023/3/28,16477,16477,,2147.25
2023/3/29,16564,16564,,2162.49
2023/3/30,16937,16937,,2213.15
2023/3/31,17210,17210,,2250.14
2023/4/3,17323,17323,,2266.57
2023/4/4,17335,17335,,2268.77
2023/4/5,17144,17144,,2259.86
2023/4/6,17031,17031,,2246.37
2023/4/7,17163,17163,,2263.66
2023/4/10,17273,17273,,2280.18
2023/4/11,17396,17396,,2296.4
2023/4/12,17493,17493,,2309.31
2023/4/13,17414,17414,,2310.86
2023/4/14,17519,17519,,2326.94
2023/4/17,17662,17662,,2360.78
2023/4/18,17769,17769,,2375
2023/4/19,17758,17758,,2377
2023/4/20,17823,17823,,2384.86
2023/4/21,17678,17678,,2364.9
2023/4/24,17652,17652,,2363.03
2023/4/25,17707,17707,0,2371.44
2023/4/26,17371,17371,,2329.07
2023/4/27,17316,17316,,2323.81
2023/4/28,17606,17606,,2363.54
2023/5/1,18082,18082,,2428.52
2023/5/2,18178,18178,,2442.63
2023/5/8,17791,17791,,2390.68
2023/5/9,17851,17851,,2417.5
2023/5/10,17748,17748,,2403.55
2023/5/11,17663,17663,,2403.08
2023/5/12,17666,17666,,2405.76
2023/5/15,17809,17809,,2427.93
2023/5/16,17894,17894,,2440.79
2023/5/17,17839,17839,,2437.62
2023/5/18,18111,18111,,2475.05
2023/5/19,18331,18331,,2506.66
2023/5/22,18259,18259,,2511.75
2023/5/23,18384,18384,,2528.59
2023/5/24,18212,18212,,2507.16
2023/5/25,18151,18151,,2499.72
2023/5/26,18240,18240,,2514.73
2023/5/29,18583,18583,,2563.89
2023/5/30,18516,18516,,2554.74
2023/5/31,18420,18420,,2541.47
2023/6/1,18190,18190,,2513.33
2023/6/2,18353,18353,,2536.76
2023/6/5,18779,18779,,2613.62
2023/6/6,18683,18683,,2602.71
2023/6/7,18721,18721,,2610.83
2023/6/8,18736,18736,,2613.11
2023/6/9,18729,18729,,2613.95
2023/6/12,18780,18780,,2629.79
2023/6/13,18950,18950,,2654.77
2023/6/14,19147,19147,,2687.94
2023/6/15,19232,19232,,2701.7
2023/6/16,19444,19444,,2747.54
2023/6/19,19650,19650,,2779.48
2023/6/20,19638,19638,,2779.91
2023/6/21,19447,19447,,2752.82
2023/6/22,19407,19407,,2752.07
2023/6/23,19575,19575,,2776.65
2023/6/26,19450,19450,,2759
2023/6/27,19408,19408,,2754.9
2023/6/28,19630,19630,,2791.23
2023/6/29,19698,19698,,2802.65
2023/6/30,19826,19826,,2823.25
2023/7/3,19985,19985,,2847.52
2023/7/4,20048,20048,,2857.36
2023/7/5,20054,20054,,2876.47
2023/7/6,19947,19947,,2861.14
2023/7/7,19671,19671,,2826.64
2023/7/10,19445,19445,,2795.16
2023/7/11,19355,19355,,2783.43
2023/7/12,19303,19303,,2786.46
2023/7/13,19346,19346,,2794.55
2023/7/14,19477,19477,,2817.34
2023/7/18,19630,19630,,2856.97
2023/7/19,19746,19746,,2874.45
2023/7/20,19883,19883,,2898.8
2023/7/21,19821,19821,,2891.32
2023/7/24,20071,20071,,2930.57
2023/7/25,20068,20068,,2931.6
2023/7/26,20095,20095,,2938.94
2023/7/27,19987,19987,,2924.9
2023/7/28,19795,19795,,2898.12
2023/7/31,20164,20164,,2953.62
2023/8/1,20414,20414,,2992.72
2023/8/2,20439,20439,,2998.79
2023/8/3,20140,20140,,2972.97
2023/8/4,19997,19997,,2954.23
2023/8/7,19794,19794,,2925.3
2023/8/8,20093,20093,,2971.7
2023/8/9,20034,20034,,2967.11
2023/8/10,20043,20043,,2977.98
2023/8/14,20148,20148,,2995.05
2023/8/15,20252,20252,,3015.26
2023/8/16,20049,20049,,2987.71
2023/8/17,20018,20018,,3003.56
2023/8/18,19783,19783,,2969.56
2023/8/21,19689,19689,,2956.61
2023/8/22,19899,19899,,2989.49
2023/8/23,19806,19806,,2978.17
2023/8/24,19886,19886,,2992.18
2023/8/25,19864,19864,,2990.77
2023/8/28,19977,19977,,3010.19
2023/8/29,20115,20115,,3034.37
2023/8/30,20339,20339,,3068.27
2023/8/31,20437,20437,,3086.88
2023/9/1,20307,20307,,3068.03
2023/9/4,20409,20409,,3085.15
2023/9/5,20475,20475,,3112.64
2023/9/6,20532,20532,,3121.24
2023/9/7,20414,20414,,3109.69
2023/9/8,20216,20216,,3081.15
2023/9/11,20235,20235,,3086.07
2023/9/12,20336,20336,,3111.2
2023/9/13,20337,20337,,3115.88
2023/9/14,20314,20314,,3116.33
2023/9/15,20537,20537,,3153.02
2023/9/19,20371,20371,,3145.38
2023/9/20,20339,20339,,3144
2023/9/21,20294,20294,,3139.68
2023/9/22,19875,19875,,3077.93
2023/9/25,19971,19971,,3095.8
2023/9/26,20027,20027,,3106.75
2023/9/27,19779,19779,,3073.96
2023/9/28,19845,19845,,3086.51
2023/9/29,19951,19951,,3105.36
2023/10/2,19975,19975,,3112
2023/10/3,19903,19903,,3102.35
2023/10/4,19554,19554,,3047.96
2023/10/5,19594,19594,,3076.83
2023/10/6,19591,19591,,3077.87
2023/10/10,19873,19873,,3123.96
2023/10/11,20067,20067,,3157.54
2023/10/12,20243,20243,,3199.32
2023/10/13,20220,20220,,3200.16
2023/10/16,20035,20035,,3174.88
2023/10/17,20197,20197,,3202.09
2023/10/18,20240,20240,,3230.96
2023/10/19,19983,19983,,3193.5
2023/10/20,19812,19812,,3168.52
2023/10/23,19566,19566,,3130.47
2023/10/24,19528,19528,,3127.8
2023/10/25,19653,19653,,3147.75
2023/10/26,19470,19470,,3125.2
2023/10/27,19293,19293,,3099.99
2023/10/30,19157,19157,,3080.54
2023/10/31,19299,19299,,3105.33
2023/11/1,19621,19621,,3159.79
2023/11/2,19703,19703,,3174.91
2023/11/6,20182,20182,,3272.56
2023/11/7,20289,20289,,3293.43
2023/11/8,20370,20370,,3309.07
2023/11/9,20437,20437,,3321.16
2023/11/10,20381,20381,,3322.76
2023/11/13,20588,20588,,3357.69
2023/11/14,20630,20630,,3367.93
2023/11/15,20898,20898,,3415.95
2023/11/16,21084,21084,,3446.87
2023/11/17,20990,20990,,3452.97
2023/11/20,20941,20941,,3444.39
2023/11/21,20849,20849,,3430.46
2023/11/22,20833,20833,,3428.87
2023/11/24,21090,21090,,3472.7
2023/11/27,21084,21084,,3473.33
2023/11/28,20857,20857,,3438.09
2023/11/29,20732,20732,,3420.68
2023/11/30,20747,20747,,3425.89
2023/12/1,20925,20925,,3457.14
2023/12/4,20838,20838,,3445.74
2023/12/5,20844,20844,,3465.55
2023/12/6,20820,20820,,3463.35
2023/12/7,20769,20769,,3457.53
2023/12/8,20322,20322,,3384.67
2023/12/11,20709,20709,,3451.74
2023/12/12,20841,20841,,3486.11
2023/12/13,20880,20880,,3497.5
2023/12/14,20677,20677,,3466.95
2023/12/15,20833,20833,,3494.29
2023/12/18,20779,20779,,3504.02
2023/12/19,20908,20908,,3532.88
2023/12/20,21238,21238,,3590.55
2023/12/21,20935,20935,,3540.67
2023/12/22,20940,20940,,3544.2
2023/12/25,20939,20939,,3545.47
2023/12/26,20958,20958,,3551.32
2023/12/27,21117,21117,,3578.28
2023/12/28,21070,21070,,3570.34
2023/12/29,21084,21084,,3582.73
2024/1/4,20926,20926,,3558.15
2024/1/5,21147,21147,,3598.14
2024/1/9,21218,21218,,3650.18
2024/1/10,21270,21270,,3667.61
2024/1/11,21490,21490,,3722.29
2024/1/12,21421,21421,,3718.12
2024/1/15,21430,21430,,3724.29
2024/1/16,21505,21505,,3741.24
2024/1/17,21594,21594,,3756.77
2024/1/18,21534,21534,,3761.02
2024/1/19,21682,21682,,3792.4
2024/1/22,21902,21902,,3855.14
2024/1/23,21937,21937,,3864.35
2024/1/24,21985,21985,,3877.26
2024/1/25,22023,22023,,3887.49
2024/1/26,22096,22096,,3902.84
2024/1/29,22205,22205,,3925.01
2024/1/30,22227,22227,,3932.22
2024/1/31,22223,22223,,3935.03
2024/2/1,21846,21846,,3869.98
2024/2/2,22004,22004,,3901.57
2024/2/5,22470,22470,,4008.15
2024/2/6,22379,22379,,3997.16
2024/2/7,22375,22375,,4001.16
2024/2/8,22544,22544,,4033.46
2024/2/9,22750,22750,,4073.67
2024/2/13,22830,22830,,4102.21
2024/2/14,22729,22729,,4086.07
2024/2/15,22904,22904,,4117.53
2024/2/16,23040,23040,,4152.31
2024/2/19,22990,22990,,4168.74
2024/2/20,23037,23037,,4180.33
2024/2/21,22922,22922,,4159.43
2024/2/22,23001,23001,,4182.49
2024/2/26,23373,23373,,4253.1
2024/2/27,23353,23353,,4252.16
2024/2/28,23374,23374,,4259.97
2024/2/29,23326,23326,,4253.35
2024/3/1,23355,23355,,4260.75
2024/3/4,23509,23509,,4290.54
2024/3/5,23555,23555,,4320.52
2024/3/6,23291,23291,,4276.54
2024/3/7,23284,23284,,4276.84
2024/3/8,23352,23352,,4291.02
2024/3/11,23097,23097,,4247.15
2024/3/12,23062,23062,,4254.76
2024/3/13,23408,23408,,4322.81
2024/3/14,23423,23423,,4328.44
2024/3/15,23478,23478,,4340.25
2024/3/18,23443,23443,,4355.31
2024/3/19,23528,23528,,4375.65
2024/3/21,24045,24045,,4477.2
2024/3/22,24275,24275,,4521.83
2024/3/25,24167,24167,,4506.12
2024/3/26,24121,24121,,4499.71
2024/3/27,24125,24125,,4506.31
2024/3/28,24255,24255,,4534.02
2024/3/29,24266,24266,,4539.18
2024/4/1,24283,24283,,4545.01
2024/4/2,24269,24269,,4542.23
2024/4/3,24126,24126,,4515.47
2024/4/4,24196,24196,,4558.07
2024/4/5,23894,23894,,4503.38
2024/4/8,24150,24150,,4551.53
2024/4/9,24222,24222,,4571.86
2024/4/10,24225,24225,,4589.25
2024/4/11,24201,24201,,4586.88
2024/4/12,24314,24314,,4613.1
2024/4/15,24051,24051,,4566.29
2024/4/16,23954,23954,,4569.56
2024/4/17,23854,23854,,4558.4
2024/4/18,23733,23733,,4536.85
2024/4/19,23758,23758,,4545.97
2024/4/22,23594,23594,,4516.81
2024/4/23,23807,23807,,4558.79
2024/4/24,24106,24106,,4620.36
2024/4/25,24227,24227,0,4646.01
2024/4/26,24169,24169,,4638.12
2024/4/30,24680,24680,,4739.2
2024/5/1,24499,24499,,4706.73
2024/5/2,24182,24182,,4649.56
2024/5/7,24548,24548,,4719.94
2024/5/8,24734,24734,,4787.06
2024/5/9,24854,24854,,4814.33
2024/5/10,24976,24976,,4853.52
2024/5/13,25095,25095,,4878.27
2024/5/14,25181,25181,,4898.6
2024/5/15,25321,25321,,4929.42
2024/5/16,25189,25189,,4908.01
2024/5/17,25431,25431,,4955.1
2024/5/20,25524,25524,,4984.18
2024/5/21,25648,25648,,5011.93
2024/5/22,25627,25627,,5032.24
2024/5/23,25643,25643,,5038.16
2024/5/24,25527,25527,,5017.92
2024/5/27,25586,25586,,5032.29
2024/5/28,25649,25649,,5047.84
2024/5/29,25676,25676,,5053.11
2024/5/30,25451,25451,,5018.76
2024/5/31,25221,25221,,4975.59
2024/6/3,25439,25439,,5021.35
2024/6/4,25420,25420,,5017.98
2024/6/5,25168,25168,,4996.73
2024/6/6,25531,25531,,5072.44
2024/6/7,25595,25595,,5088.75
2024/6/10,25699,25699,,5111.98
2024/6/11,25781,25781,,5130.7
2024/6/12,25739,25739,,5122.2
2024/6/13,25925,25925,,5181.01
2024/6/14,25959,25959,,5192.68
2024/6/17,25934,25934,,5210.46
2024/6/18,26116,26116,,5248.39
2024/6/19,26252,26252,,5283.89
2024/6/20,26318,26318,,5300.05
2024/6/21,26447,26447,,5325.91
2024/6/24,26494,26494,,5343.51
2024/6/25,26435,26435,,5334.53
2024/6/26,26527,26527,,5356.23
2024/6/27,26685,26685,,5392.17
2024/6/28,26742,26742,,5407.1
2024/7/1,26714,26714,,5403.91
2024/7/2,26849,26849,,5433.35
2024/7/3,26930,26930,,5449.8
2024/7/4,27105,27105,,5519.4
2024/7/5,27127,27127,,5526.77
2024/7/8,27149,27149,,5531.29
2024/7/9,27199,27199,,5548.29
2024/7/10,27283,27283,,5585.27
2024/7/11,27565,27565,,5646.05
2024/7/12,27052,27052,,5548.14
2024/7/16,27107,27107,,5562.53
2024/7/17,27237,27237,,5591.75
2024/7/18,26484,26484,,5465.21
2024/7/19,26555,26555,,5485.09
2024/7/22,26366,26366,,5448.17
2024/7/23,26453,26453,,5467.5
2024/7/24,26270,26270,,5432.92
2024/7/25,25378,25378,,5250.41
2024/7/26,25368,25368,,5250.05
2024/7/29,25553,25553,,5287.78
2024/7/30,25602,25602,,5298.97
2024/7/31,25247,25247,,5228.02
2024/8/1,25140,25140,,5207.62
2024/8/2,24793,24793,,5137.85
2024/8/5,23672,23672,,4928.02
2024/8/6,22938,22938,,4776.12
2024/8/7,23448,23448,,4871.77
2024/8/8,23295,23295,,4836.93
2024/8/9,23916,23916,,4969.34
2024/8/13,24029,24029,,5010.83
2024/8/14,24338,24338,,5078.81
2024/8/15,24485,24485,,5119.98
2024/8/16,25103,25103,,5252.01
2024/8/19,25031,25031,,5266.29
2024/8/20,25021,25021,,5267.51
2024/8/21,24840,24840,,5234.13
2024/8/22,24899,24899,,5250.42
2024/8/23,24890,24890,,5251
2024/8/26,24700,24700,,5213.39
2024/8/27,24860,24860,,5248.79
2024/8/28,24792,24792,,5234.31
2024/8/29,24714,24714,,5222.32
2024/8/30,24777,24777,,5237.03
2024/9/2,25206,25206,,5329.73
2024/9/3,25356,25356,,5363.71
2024/9/4,24612,24612,,5206.32
2024/9/5,24236,24236,,5156.28
2024/9/6,24105,24105,,5129.38
2024/9/9,23668,23668,,5039.65
2024/9/10,23978,23978,,5107.51
2024/9/11,23789,23789,,5085.57
2024/9/12,24082,24082,,5152.52
2024/9/13,24110,24110,,5162.3
2024/9/17,24165,24165,,5198.65
2024/9/18,24343,24343,,5238.6
2024/9/19,24594,24594,,5298.19
2024/9/20,24862,24862,,5356.02
2024/9/24,25023,25023,,5395.04
2024/9/25,25116,25116,,5418.59
2024/9/26,25283,25283,,5454.99
2024/9/27,25658,25658,,5539.95
2024/9/30,25194,25194,,5440.95
2024/10/1,25443,25443,,5497.65
2024/10/2,25220,25220,,5450.49
2024/10/3,25819,25819,,5579.97
2024/10/4,25644,25644,,5570.3
2024/10/7,26118,26118,,5675.66
2024/10/8,25880,25880,,5624.22
2024/10/9,26002,26002,,5655.05
2024/10/10,26322,26322,,5741
2024/10/11,26176,26176,,5710.26
2024/10/15,26658,26658,,5821.15
2024/10/16,26372,26372,,5758.77
2024/10/17,26495,26495,,5790.15
2024/10/18,26591,26591,,5836.22
2024/10/21,26614,26614,,5843.11
2024/10/22,26743,26743,,5873.32
2024/10/23,26806,26806,,5888.13
2024/10/24,26860,26860,,5901.22
2024/10/25,26788,26788,,5885.89
2024/10/28,26992,26992,,5931.03
2024/10/29,26989,26989,,5932.95
2024/10/30,27057,27057,,5950.95
2024/10/31,26983,26983,,5934.92
2024/11/1,26306,26306,,5787.04
2024/11/5,26458,26458,,5821.58
2024/11/6,26788,26788,,5916.69
2024/11/7,27496,27496,,6081.53
2024/11/8,27475,27475,,6079.76
2024/11/11,27475,27475,,6081.43
2024/11/12,27632,27632,,6130.61
2024/11/13,27629,27629,,6130.12
2024/11/14,27723,27723,,6159.98
2024/11/15,27790,27790,,6179.65
2024/11/18,27077,27077,,6023.31
2024/11/19,27222,27222,,6085.31
2024/11/20,27396,27396,,6128.33
2024/11/21,27414,27414,,6135.15
2024/11/22,27404,27404,,6137.89
2024/11/25,27497,27497,,6161.36
2024/11/26,27534,27534,,6171.25
2024/11/27,27378,27378,,6139.81
2024/11/28,27135,27135,,6087.43
2024/11/29,26954,26954,,6047.52
2024/12/2,26975,26975,,6052.24
2024/12/3,27007,27007,,6060.24
2024/12/4,27047,27047,,6092.87
2024/12/5,27304,27304,,6155.97
2024/12/6,27252,27252,,6145.12
2024/12/9,27265,27265,,6150.61
2024/12/10,27471,27471,,6198.5
2024/12/11,27417,27417,,6202.95
2024/12/12,27681,27681,,6266.12
2024/12/13,27664,27664,,6266.47
2024/12/16,27796,27796,,6297
