ｅＭＡＸＩＳ Ｓｌｉｍ 国内株式（ＴＯＰＩＸ）,,,,
基準日,基準価額(円),基準価額（分配金再投資）(円),分配金（税引前）(円),純資産総額（億円）
2017/2/27,9896,9896,,0.01
2017/2/28,9905,9905,,0.04
2017/3/1,10020,10020,,0.08
2017/3/2,10094,10094,,0.11
2017/3/3,10052,10052,,0.18
2017/3/6,10031,10031,,0.2
2017/3/7,10032,10032,,0.26
2017/3/8,10001,10001,,0.28
2017/3/9,10029,10029,,0.33
2017/3/10,10154,10154,,0.35
2017/3/13,10176,10176,,0.37
2017/3/14,10160,10160,,0.45
2017/3/15,10136,10136,,0.5
2017/3/16,10145,10145,,0.58
2017/3/17,10101,10101,,0.59
2017/3/21,10085,10085,,0.61
2017/3/22,9871,9871,,0.62
2017/3/23,9872,9872,,0.67
2017/3/24,9960,9960,,0.73
2017/3/27,9833,9833,,0.78
2017/3/28,9965,9965,,0.88
2017/3/29,10036,10036,,0.88
2017/3/30,9942,9942,,0.89
2017/3/31,9844,9844,,0.9
2017/4/3,9875,9875,,0.94
2017/4/4,9792,9792,,1.03
2017/4/5,9793,9793,,1.03
2017/4/6,9634,9634,,1.04
2017/4/7,9697,9697,,1.19
2017/4/10,9760,9760,,1.21
2017/4/11,9730,9730,,1.28
2017/4/12,9629,9629,,1.28
2017/4/13,9556,9556,,1.4
2017/4/14,9496,9496,,1.5
2017/4/17,9539,9539,,1.52
2017/4/18,9577,9577,,1.56
2017/4/19,9576,9576,,1.59
2017/4/20,9586,9586,,1.7
2017/4/21,9688,9688,,1.73
2017/4/24,9784,9784,,1.81
2017/4/25,9888,9888,,1.83
2017/4/26,10006,10006,,1.88
2017/4/27,10002,10002,,1.88
2017/4/28,9970,9970,,1.85
2017/5/1,10023,10023,,1.86
2017/5/2,10092,10092,,2.02
2017/5/8,10323,10323,,2.07
2017/5/9,10297,10297,,1.76
2017/5/10,10320,10320,,1.7
2017/5/11,10332,10332,,1.8
2017/5/12,10293,10293,,1.8
2017/5/15,10290,10290,,1.81
2017/5/16,10317,10317,,1.82
2017/5/17,10262,10262,,1.86
2017/5/18,10126,10126,,1.84
2017/5/19,10157,10157,,1.9
2017/5/22,10209,10209,,1.92
2017/5/23,10194,10194,,1.98
2017/5/24,10258,10258,,1.99
2017/5/25,10279,10279,,1.98
2017/5/26,10221,10221,,2.09
2017/5/29,10226,10226,,2.17
2017/5/30,10242,10242,,2.21
2017/5/31,10214,10214,,2.22
2017/6/1,10329,10329,,2.26
2017/6/2,10499,10499,,2.4
2017/6/5,10484,10484,,2.42
2017/6/6,10396,10396,,2.36
2017/6/7,10400,10400,,2.38
2017/6/8,10357,10357,,2.47
2017/6/9,10365,10365,,2.5
2017/6/12,10364,10364,,2.52
2017/6/13,10377,10377,,2.62
2017/6/14,10366,10366,,2.63
2017/6/15,10341,10341,,2.64
2017/6/16,10393,10393,,2.66
2017/6/19,10458,10458,,2.69
2017/6/20,10531,10531,,2.73
2017/6/21,10494,10494,,2.79
2017/6/22,10486,10486,,2.76
2017/6/23,10492,10492,,2.82
2017/6/26,10498,10498,,2.85
2017/6/27,10542,10542,,2.88
2017/6/28,10524,10524,,2.89
2017/6/29,10587,10587,,2.91
2017/6/30,10507,10507,,2.92
2017/7/3,10524,10524,,2.99
2017/7/4,10492,10492,,3.09
2017/7/5,10551,10551,,3.12
2017/7/6,10531,10531,,3.15
2017/7/7,10475,10475,,3.15
2017/7/10,10530,10530,,3.22
2017/7/11,10606,10606,,3.35
2017/7/12,10555,10555,,3.33
2017/7/13,10553,10553,,3.35
2017/7/14,10595,10595,,3.37
2017/7/18,10563,10563,,3.34
2017/7/19,10571,10571,,3.4
2017/7/20,10644,10644,,3.49
2017/7/21,10624,10624,,3.51
2017/7/24,10569,10569,,3.53
2017/7/25,10540,10540,,3.58
2017/7/26,10565,10565,,3.66
2017/7/27,10604,10604,,3.7
2017/7/28,10568,10568,,3.71
2017/7/31,10549,10549,,3.71
2017/8/1,10614,10614,,3.76
2017/8/2,10652,10652,,3.81
2017/8/3,10648,10648,,3.76
2017/8/4,10632,10632,,3.8
2017/8/7,10684,10684,,3.77
2017/8/8,10658,10658,,3.82
2017/8/9,10544,10544,,3.8
2017/8/10,10540,10540,,3.86
2017/8/14,10421,10421,,3.88
2017/8/15,10533,10533,,4.1
2017/8/16,10531,10531,,4.05
2017/8/17,10524,10524,,4.08
2017/8/18,10410,10410,,4.05
2017/8/21,10396,10396,,4.18
2017/8/22,10402,10402,,4.26
2017/8/23,10428,10428,,4.37
2017/8/24,10376,10376,,4.36
2017/8/25,10407,10407,,4.39
2017/8/28,10427,10427,,4.44
2017/8/29,10415,10415,,4.37
2017/8/30,10479,10479,,4.43
2017/8/31,10543,10543,,4.46
2017/9/1,10557,10557,,4.54
2017/9/4,10452,10452,,4.52
2017/9/5,10369,10369,,4.37
2017/9/6,10377,10377,,4.45
2017/9/7,10417,10417,,4.52
2017/9/8,10387,10387,,4.51
2017/9/11,10509,10509,,4.55
2017/9/12,10608,10608,,4.61
2017/9/13,10672,10672,,4.7
2017/9/14,10638,10638,,4.71
2017/9/15,10683,10683,,4.74
2017/9/19,10871,10871,,4.72
2017/9/20,10871,10871,,4.97
2017/9/21,10876,10876,,4.96
2017/9/22,10850,10850,,4.93
2017/9/25,10903,10903,,4.94
2017/9/26,10903,10903,,5.01
2017/9/27,10933,10933,,5.03
2017/9/28,11009,11009,,5.13
2017/9/29,10999,10999,,5.23
2017/10/2,10992,10992,,5.25
2017/10/3,11063,11063,,5.32
2017/10/4,11063,11063,,5.34
2017/10/5,11050,11050,,5.28
2017/10/6,11081,11081,,5.34
2017/10/10,11132,11132,,5.34
2017/10/11,11143,11143,,5.53
2017/10/12,11165,11165,,5.59
2017/10/13,11221,11221,,5.67
2017/10/16,11290,11290,,5.66
2017/10/17,11317,11317,,5.79
2017/10/18,11325,11325,,5.88
2017/10/19,11362,11362,,5.81
2017/10/20,11365,11365,,5.78
2017/10/23,11461,11461,,5.89
2017/10/24,11537,11537,,6.02
2017/10/25,11502,11502,,6.08
2017/10/26,11518,11518,,6.12
2017/10/27,11631,11631,,6.24
2017/10/30,11629,11629,,6.29
2017/10/31,11597,11597,,6.39
2017/11/1,11734,11734,,6.53
2017/11/2,11782,11782,,6.71
2017/11/6,11773,11773,,6.81
2017/11/7,11909,11909,,7.24
2017/11/8,11937,11937,,7.28
2017/11/9,11908,11908,,7.41
2017/11/10,11823,11823,,7.55
2017/11/13,11712,11712,,7.57
2017/11/14,11683,11683,,7.55
2017/11/15,11453,11453,,7.43
2017/11/16,11570,11570,,7.69
2017/11/17,11583,11583,,8.01
2017/11/20,11556,11556,,8.18
2017/11/21,11632,11632,,8.39
2017/11/22,11671,11671,,8.53
2017/11/24,11693,11693,,8.71
2017/11/27,11668,11668,,8.53
2017/11/28,11637,11637,,8.51
2017/11/29,11730,11730,,8.71
2017/11/30,11769,11769,,9.01
2017/12/1,11798,11798,,9.16
2017/12/4,11734,11734,,9.2
2017/12/5,11762,11762,,9.06
2017/12/6,11594,11594,,9.12
2017/12/7,11731,11731,,9.33
2017/12/8,11845,11845,,9.4
2017/12/11,11908,11908,,9.56
2017/12/12,11920,11920,,9.71
2017/12/13,11892,11892,,9.75
2017/12/14,11873,11873,,9.76
2017/12/15,11777,11777,,9.43
2017/12/18,11938,11938,,9.71
2017/12/19,11919,11919,,10.13
2017/12/20,11959,11959,,10.11
2017/12/21,11968,11968,,9.97
2017/12/22,12011,12011,,10.02
2017/12/25,12029,12029,,10.1
2017/12/26,11997,11997,,10.32
2017/12/27,12030,12030,,10.55
2017/12/28,11959,11959,,10.63
2017/12/29,11949,11949,,10.77
2018/1/4,12253,12253,,10.83
2018/1/5,12361,12361,,11.41
2018/1/9,12420,12420,,11.9
2018/1/10,12439,12439,,12.78
2018/1/11,12412,12412,,12.87
2018/1/12,12334,12334,,12.91
2018/1/15,12384,12384,,13.16
2018/1/16,12452,12452,,13.43
2018/1/17,12429,12429,,13.58
2018/1/18,12338,12338,,13.29
2018/1/19,12422,12422,,13.61
2018/1/22,12437,12437,,13.63
2018/1/23,12562,12562,,14.08
2018/1/24,12498,12498,,14.25
2018/1/25,12388,12388,,14.24
2018/1/26,12354,12354,,14.16
2018/1/29,12362,12362,,14.49
2018/1/30,12214,12214,,14.49
2018/1/31,12074,12074,,14.54
2018/2/1,12295,12295,,15.02
2018/2/2,12254,12254,,15.03
2018/2/5,11988,11988,,14.84
2018/2/6,11460,11460,,14.5
2018/2/7,11503,11503,,15.02
2018/2/8,11607,11607,,15.39
2018/2/9,11384,11384,,15.28
2018/2/13,11284,11284,,15.39
2018/2/14,11192,11192,,15.57
2018/2/15,11301,11301,,15.86
2018/2/16,11421,11421,,16.22
2018/2/19,11669,11669,,16.85
2018/2/20,11585,11585,,17.17
2018/2/21,11580,11580,,17.36
2018/2/22,11478,11478,,17.31
2018/2/23,11573,11573,,17.57
2018/2/26,11669,11669,,17.75
2018/2/27,11771,11771,,17.96
2018/2/28,11626,11626,,17.8
2018/3/1,11441,11441,,17.68
2018/3/2,11232,11232,,17.57
2018/3/5,11143,11143,,17.5
2018/3/6,11284,11284,,17.79
2018/3/7,11203,11203,,17.83
2018/3/8,11242,11242,,17.98
2018/3/9,11279,11279,,18.2
2018/3/12,11448,11448,,18.58
2018/3/13,11512,11512,,18.99
2018/3/14,11461,11461,,18.99
2018/3/15,11463,11463,,19
2018/3/16,11417,11417,,19.15
2018/3/19,11308,11308,,19.12
2018/3/20,11283,11283,,19.11
2018/3/22,11356,11356,,19.43
2018/3/23,10946,10946,,18.62
2018/3/26,10987,10987,,18.79
2018/3/27,11288,11288,,19.34
2018/3/28,11277,11277,,19.43
2018/3/29,11306,11306,,19.6
2018/3/30,11387,11387,,19.79
2018/4/2,11338,11338,,19.71
2018/4/3,11304,11304,,19.86
2018/4/4,11320,11320,,19.97
2018/4/5,11442,11442,,20.26
2018/4/6,11407,11407,,20.3
2018/4/9,11451,11451,,20.41
2018/4/10,11491,11491,,20.72
2018/4/11,11446,11446,,20.74
2018/4/12,11402,11402,,20.75
2018/4/13,11474,11474,,21.03
2018/4/16,11518,11518,,21.14
2018/4/17,11477,11477,,21.18
2018/4/18,11608,11608,,21.62
2018/4/19,11611,11611,,21.77
2018/4/20,11617,11617,,21.7
2018/4/23,11615,11615,,21.9
2018/4/24,11741,11741,,22.35
2018/4/25,11728,11728,0,22.53
2018/4/26,11757,11757,,22.83
2018/4/27,11792,11792,,23.09
2018/5/1,11773,11773,,23.13
2018/5/2,11755,11755,,23.4
2018/5/7,11766,11766,,23.55
2018/5/8,11810,11810,,24
2018/5/9,11764,11764,,23.89
2018/5/10,11797,11797,,24.1
2018/5/11,11913,11913,,24.49
2018/5/14,11987,11987,,24.77
2018/5/15,11982,11982,,25.06
2018/5/16,11952,11952,,25.2
2018/5/17,12004,12004,,25.46
2018/5/18,12050,12050,,25.49
2018/5/21,12040,12040,,25.61
2018/5/22,12012,12012,,25.66
2018/5/23,11931,11931,,25.79
2018/5/24,11787,11787,,25.58
2018/5/25,11760,11760,,25.71
2018/5/28,11753,11753,,25.84
2018/5/29,11695,11695,,25.94
2018/5/30,11525,11525,,25.74
2018/5/31,11599,11599,,25.93
2018/6/1,11612,11612,,26.2
2018/6/4,11780,11780,,26.75
2018/6/5,11782,11782,,26.92
2018/6/6,11800,11800,,26.91
2018/6/7,11875,11875,,26.99
2018/6/8,11825,11825,,26.98
2018/6/11,11861,11861,,27.14
2018/6/12,11900,11900,,27.5
2018/6/13,11951,11951,,27.64
2018/6/14,11841,11841,,27.42
2018/6/15,11875,11875,,27.64
2018/6/18,11758,11758,,27.57
2018/6/19,11576,11576,,27.51
2018/6/20,11634,11634,,27.88
2018/6/21,11620,11620,,28.03
2018/6/22,11582,11582,,28.07
2018/6/25,11473,11473,,27.94
2018/6/26,11491,11491,,28.27
2018/6/27,11507,11507,,28.54
2018/6/28,11477,11477,,28.64
2018/6/29,11503,11503,,28.76
2018/7/2,11266,11266,,28.21
2018/7/3,11249,11249,,28.45
2018/7/4,11253,11253,,28.72
2018/7/5,11139,11139,,28.35
2018/7/6,11241,11241,,28.78
2018/7/9,11376,11376,,29.15
2018/7/10,11404,11404,,29.15
2018/7/11,11310,11310,,29.08
2018/7/12,11361,11361,,29.41
2018/7/13,11497,11497,,29.89
2018/7/17,11597,11597,,30.22
2018/7/18,11637,11637,,30.7
2018/7/19,11626,11626,,30.71
2018/7/20,11596,11596,,30.64
2018/7/23,11554,11554,,30.92
2018/7/24,11608,11608,,31.66
2018/7/25,11652,11652,,31.96
2018/7/26,11734,11734,,32.59
2018/7/27,11801,11801,,32.94
2018/7/30,11749,11749,,32.89
2018/7/31,11650,11650,,32.88
2018/8/1,11760,11760,,33.72
2018/8/2,11643,11643,,33.54
2018/8/3,11579,11579,,33.55
2018/8/6,11515,11515,,33.54
2018/8/7,11602,11602,,34.27
2018/8/8,11593,11593,,34.34
2018/8/9,11563,11563,,34.33
2018/8/10,11430,11430,,34.05
2018/8/13,11188,11188,,33.82
2018/8/14,11370,11370,,34.99
2018/8/15,11284,11284,,35.18
2018/8/16,11211,11211,,35.31
2018/8/17,11281,11281,,35.85
2018/8/20,11244,11244,,35.96
2018/8/21,11200,11200,,36.28
2018/8/22,11286,11286,,36.74
2018/8/23,11285,11285,,36.91
2018/8/24,11358,11358,,37.49
2018/8/27,11489,11489,,38.18
2018/8/28,11507,11507,,38.56
2018/8/29,11562,11562,,38.89
2018/8/30,11560,11560,,38.99
2018/8/31,11534,11534,,39.04
2018/9/3,11434,11434,,38.87
2018/9/4,11421,11421,,39.17
2018/9/5,11332,11332,,39.04
2018/9/6,11248,11248,,38.86
2018/9/7,11195,11195,,38.9
2018/9/10,11216,11216,,39.41
2018/9/11,11291,11291,,40.5
2018/9/12,11241,11241,,40.59
2018/9/13,11365,11365,,41.25
2018/9/14,11489,11489,,41.92
2018/9/18,11697,11697,,42.67
2018/9/19,11868,11868,,43.48
2018/9/20,11881,11881,,43.64
2018/9/21,11989,11989,,43.51
2018/9/25,12112,12112,,44.5
2018/9/26,12203,12203,,44.96
2018/9/27,12059,12059,,45.17
2018/9/28,12173,12173,,45.5
2018/10/1,12178,12178,,45.53
2018/10/2,12219,12219,,46.46
2018/10/3,12077,12077,,46.1
2018/10/4,12066,12066,,46.95
2018/10/5,12009,12009,,46.95
2018/10/9,11798,11798,,46.31
2018/10/10,11816,11816,,47.29
2018/10/11,11400,11400,,45.9
2018/10/12,11404,11404,,46.61
2018/10/15,11223,11223,,46.7
2018/10/16,11306,11306,,48.14
2018/10/17,11481,11481,,49.78
2018/10/18,11418,11418,,50.4
2018/10/19,11340,11340,,50.32
2018/10/22,11357,11357,,50.68
2018/10/23,11057,11057,,49.8
2018/10/24,11066,11066,,50.28
2018/10/25,10725,10725,,49.29
2018/10/26,10692,10692,,49.38
2018/10/29,10648,10648,,50.01
2018/10/30,10796,10796,,51.3
2018/10/31,11028,11028,,52.64
2018/11/1,10932,10932,,52.5
2018/11/2,11113,11113,,52.63
2018/11/5,10989,10989,,51.84
2018/11/6,11118,11118,,52.77
2018/11/7,11071,11071,,52.76
2018/11/8,11264,11264,,53.91
2018/11/9,11208,11208,,53.42
2018/11/12,11201,11201,,53.44
2018/11/13,10976,10976,,52.84
2018/11/14,10996,10996,,54.01
2018/11/15,10980,10980,,54.13
2018/11/16,10916,10916,,54.16
2018/11/19,10971,10971,,54.1
2018/11/20,10892,10892,,54.22
2018/11/21,10827,10827,,54.16
2018/11/22,10915,10915,,54.8
2018/11/26,10936,10936,,55.05
2018/11/27,11017,11017,,56.03
2018/11/28,11081,11081,,56.58
2018/11/29,11119,11119,,56.89
2018/11/30,11173,11173,,57.29
2018/12/3,11318,11318,,58.05
2018/12/4,11050,11050,,57.08
2018/12/5,10992,10992,,56.96
2018/12/6,10791,10791,,56.15
2018/12/7,10857,10857,,56.81
2018/12/10,10652,10652,,56
2018/12/11,10555,10555,,56.24
2018/12/12,10765,10765,,57.76
2018/12/13,10832,10832,,58.49
2018/12/14,10667,10667,,57.88
2018/12/17,10681,10681,,58.19
2018/12/18,10469,10469,,57.47
2018/12/19,10425,10425,,57.57
2018/12/20,10163,10163,,56.43
2018/12/21,9969,9969,,55.96
2018/12/25,9482,9482,,53.47
2018/12/26,9606,9606,,55.3
2018/12/27,10076,10076,,58.54
2018/12/28,10026,10026,,58.53
2019/1/4,9872,9872,,57.89
2019/1/7,10150,10150,,60.44
2019/1/8,10190,10190,,60.9
2019/1/9,10301,10301,,61.8
2019/1/10,10213,10213,,61.52
2019/1/11,10265,10265,,61.95
2019/1/15,10352,10352,,62.57
2019/1/16,10319,10319,,62.44
2019/1/17,10354,10354,,62.71
2019/1/18,10452,10452,,63.43
2019/1/21,10510,10510,,63.7
2019/1/22,10443,10443,,63.88
2019/1/23,10380,10380,,63.65
2019/1/24,10418,10418,,64.02
2019/1/25,10508,10508,,64.72
2019/1/28,10437,10437,,64.4
2019/1/29,10449,10449,,64.8
2019/1/30,10406,10406,,64.63
2019/1/31,10518,10518,,65.3
2019/2/1,10499,10499,,65.33
2019/2/4,10611,10611,,66.51
2019/2/5,10621,10621,,66.93
2019/2/6,10616,10616,,67.05
2019/2/7,10528,10528,,66.45
2019/2/8,10329,10329,,65.26
2019/2/12,10552,10552,,66.83
2019/2/13,10664,10664,,67.93
2019/2/14,10667,10667,,68.16
2019/2/15,10583,10583,,67.69
2019/2/18,10750,10750,,69.08
2019/2/19,10780,10780,,69.46
2019/2/20,10826,10826,,69.71
2019/2/21,10826,10826,,69.62
2019/2/22,10799,10799,,69.52
2019/2/25,10876,10876,,70.23
2019/2/26,10855,10855,,70.63
2019/2/27,10876,10876,,71.16
2019/2/28,10790,10790,,70.83
2019/3/1,10844,10844,,71.41
2019/3/4,10924,10924,,72.41
2019/3/5,10868,10868,,72.31
2019/3/6,10841,10841,,72.37
2019/3/7,10749,10749,,72
2019/3/8,10553,10553,,70.88
2019/3/11,10614,10614,,71.36
2019/3/12,10775,10775,,72.64
2019/3/13,10685,10685,,72.19
2019/3/14,10660,10660,,72.14
2019/3/15,10756,10756,,72.86
2019/3/18,10830,10830,,73.6
2019/3/19,10807,10807,,73.83
2019/3/20,10835,10835,,74.15
2019/3/22,10852,10852,,74.47
2019/3/25,10586,10586,,72.98
2019/3/26,10857,10857,,75.26
2019/3/27,10918,10918,,75.65
2019/3/28,10738,10738,,74.67
2019/3/29,10797,10797,,75.26
2019/4/1,10960,10960,,76.44
2019/4/2,10932,10932,,76.63
2019/4/3,11001,11001,,76.97
2019/4/4,10989,10989,,76.97
2019/4/5,11028,11028,,77.16
2019/4/8,10990,10990,,76.95
2019/4/9,10980,10980,,77.13
2019/4/10,10905,10905,,76.72
2019/4/11,10897,10897,,76.94
2019/4/12,10890,10890,,77.03
2019/4/15,11042,11042,,78.33
2019/4/16,11032,11032,,78.37
2019/4/17,11061,11061,,78.79
2019/4/18,10955,10955,,77.97
2019/4/19,10967,10967,,78.19
2019/4/22,10979,10979,,78.34
2019/4/23,11008,11008,,78.92
2019/4/24,10934,10934,,78.44
2019/4/25,10992,10992,0,79.07
2019/4/26,10975,10975,,79
2019/5/7,10853,10853,,78.4
2019/5/8,10666,10666,,78.17
2019/5/9,10520,10520,,77.54
2019/5/10,10511,10511,,77.83
2019/5/13,10456,10456,,78
2019/5/14,10414,10414,,78.14
2019/5/15,10477,10477,,78.8
2019/5/16,10433,10433,,78.81
2019/5/17,10547,10547,,80.29
2019/5/20,10550,10550,,80.43
2019/5/21,10519,10519,,80.76
2019/5/22,10491,10491,,80.71
2019/5/23,10453,10453,,80.75
2019/5/24,10458,10458,,81.24
2019/5/27,10497,10497,,81.72
2019/5/28,10524,10524,,82.31
2019/5/29,10425,10425,,81.3
2019/5/30,10395,10395,,81.38
2019/5/31,10261,10261,,80.49
2019/6/3,10170,10170,,79.95
2019/6/4,10171,10171,,80.71
2019/6/5,10381,10381,,82.4
2019/6/6,10346,10346,,82.34
2019/6/7,10398,10398,,82.92
2019/6/10,10537,10537,,84.21
2019/6/11,10594,10594,,85.12
2019/6/12,10545,10545,,84.73
2019/6/13,10458,10458,,84.31
2019/6/14,10494,10494,,84.96
2019/6/17,10447,10447,,84.65
2019/6/18,10372,10372,,84.66
2019/6/19,10552,10552,,86.26
2019/6/20,10583,10583,,86.64
2019/6/21,10488,10488,,86.14
2019/6/24,10501,10501,,86.36
2019/6/25,10472,10472,,86.53
2019/6/26,10425,10425,,86.35
2019/6/27,10553,10553,,87.72
2019/6/28,10540,10540,,87.68
2019/7/1,10769,10769,,89.95
2019/7/2,10802,10802,,91.28
2019/7/3,10732,10732,,90.73
2019/7/4,10801,10801,,91.48
2019/7/5,10820,10820,,91.6
2019/7/8,10724,10724,,90.69
2019/7/9,10700,10700,,90.73
2019/7/10,10675,10675,,90.61
2019/7/11,10726,10726,,91.59
2019/7/12,10709,10709,,91.54
2019/7/16,10658,10658,,91.34
2019/7/17,10648,10648,,91.77
2019/7/18,10424,10424,,89.97
2019/7/19,10624,10624,,91.86
2019/7/22,10574,10574,,91.75
2019/7/23,10658,10658,,93.01
2019/7/24,10701,10701,,93.44
2019/7/25,10720,10720,,93.47
2019/7/26,10676,10676,,93.31
2019/7/29,10656,10656,,93.3
2019/7/30,10705,10705,,94.08
2019/7/31,10634,10634,,93.53
2019/8/1,10649,10649,,93.9
2019/8/2,10418,10418,,92.56
2019/8/5,10231,10231,,91.28
2019/8/6,10186,10186,,91.51
2019/8/7,10191,10191,,92.22
2019/8/8,10182,10182,,92.63
2019/8/9,10217,10217,,93.21
2019/8/13,10099,10099,,92.46
2019/8/14,10187,10187,,94.17
2019/8/15,10082,10082,,93.42
2019/8/16,10091,10091,,94.26
2019/8/19,10153,10153,,95.2
2019/8/20,10237,10237,,96.3
2019/8/21,10174,10174,,95.8
2019/8/22,10178,10178,,96.26
2019/8/23,10206,10206,,96.63
2019/8/26,10042,10042,,95.18
2019/8/27,10120,10120,,96.4
2019/8/28,10125,10125,,96.62
2019/8/29,10127,10127,,96.76
2019/8/30,10274,10274,,98.25
2019/9/2,10229,10229,,97.78
2019/9/3,10267,10267,,99.08
2019/9/4,10240,10240,,98.85
2019/9/5,10427,10427,,100.77
2019/9/6,10445,10445,,100.87
2019/9/9,10541,10541,,101.7
2019/9/10,10587,10587,,102.33
2019/9/11,10762,10762,,104.05
2019/9/12,10839,10839,,105.17
2019/9/13,10940,10940,,106.41
2019/9/17,10971,10971,,106.29
2019/9/18,10918,10918,,105.95
2019/9/19,10979,10979,,108.24
2019/9/20,10983,10983,,108.15
2019/9/24,11028,11028,,108.77
2019/9/25,11008,11008,,108.8
2019/9/26,11030,11030,,109.18
2019/9/27,11005,11005,,109.11
2019/9/30,10893,10893,,108.18
2019/10/1,10998,10998,,109.58
2019/10/2,10950,10950,,109.86
2019/10/3,10761,10761,,108.03
2019/10/4,10789,10789,,108.41
2019/10/7,10789,10789,,108.66
2019/10/8,10884,10884,,109.5
2019/10/9,10850,10850,,109.33
2019/10/10,10849,10849,,109.3
2019/10/11,10943,10943,,110.73
2019/10/15,11114,11114,,112.6
2019/10/16,11191,11191,,113.99
2019/10/17,11141,11141,,113.66
2019/10/18,11126,11126,,112.33
2019/10/21,11171,11171,,112.82
2019/10/23,11236,11236,,113.6
2019/10/24,11276,11276,,114.05
2019/10/25,11307,11307,,114.93
2019/10/28,11307,11307,,115.37
2019/10/29,11405,11405,,116.58
2019/10/30,11428,11428,,117.02
2019/10/31,11436,11436,,116.93
2019/11/1,11432,11432,,116.73
2019/11/5,11623,11623,,119.45
2019/11/6,11624,11624,,119.77
2019/11/7,11650,11650,,120.47
2019/11/8,11681,11681,,120.89
2019/11/11,11689,11689,,121
2019/11/12,11728,11728,,121.8
2019/11/13,11663,11663,,121.35
2019/11/14,11554,11554,,119.92
2019/11/15,11638,11638,,120.71
2019/11/18,11666,11666,,121.53
2019/11/19,11639,11639,,121.58
2019/11/20,11601,11601,,121.39
2019/11/21,11589,11589,,121.61
2019/11/22,11602,11602,,121.88
2019/11/25,11682,11682,,122.8
2019/11/26,11701,11701,,123.27
2019/11/27,11737,11737,,124.49
2019/11/28,11718,11718,,124.47
2019/11/29,11658,11658,,123.2
2019/12/2,11762,11762,,124.19
2019/12/3,11708,11708,,124.65
2019/12/4,11684,11684,,124.42
2019/12/5,11740,11740,,125.14
2019/12/6,11754,11754,,125.91
2019/12/9,11813,11813,,126.63
2019/12/10,11804,11804,,127.52
2019/12/11,11764,11764,,127.31
2019/12/12,11749,11749,,127.76
2019/12/13,11937,11937,,130.11
2019/12/16,11915,11915,,130.13
2019/12/17,11986,11986,,130.9
2019/12/18,11925,11925,,130.34
2019/12/19,11910,11910,,130.49
2019/12/20,11888,11888,,130.54
2019/12/23,11863,11863,,130.7
2019/12/24,11855,11855,,130.95
2019/12/25,11808,11808,,130.76
2019/12/26,11875,11875,,131.85
2019/12/27,11907,11907,,132.59
2019/12/30,11825,11825,,131.72
2020/1/6,11660,11660,,130.3
2020/1/7,11849,11849,,132.94
2020/1/8,11687,11687,,131.36
2020/1/9,11878,11878,,134
2020/1/10,11918,11918,,134.42
2020/1/14,11956,11956,,134.91
2020/1/15,11891,11891,,135.06
2020/1/16,11875,11875,,135.39
2020/1/17,11921,11921,,136.18
2020/1/20,11982,11982,,137.15
2020/1/21,11918,11918,,136.72
2020/1/22,11981,11981,,138.08
2020/1/23,11886,11886,,137.29
2020/1/24,11886,11886,,137.52
2020/1/27,11695,11695,,135.59
2020/1/28,11624,11624,,135.53
2020/1/29,11677,11677,,136.44
2020/1/30,11504,11504,,135.07
2020/1/31,11570,11570,,136.41
2020/2/3,11490,11490,,135.72
2020/2/4,11569,11569,,137.66
2020/2/5,11691,11691,,139.28
2020/2/6,11932,11932,,142.47
2020/2/7,11898,11898,,141.96
2020/2/10,11812,11812,,140.93
2020/2/12,11807,11807,,141.33
2020/2/13,11767,11767,,141.31
2020/2/14,11697,11697,,140.45
2020/2/17,11593,11593,,139.69
2020/2/18,11441,11441,,138.39
2020/2/19,11484,11484,,139.11
2020/2/20,11502,11502,,139.36
2020/2/21,11498,11498,,139.6
2020/2/25,11116,11116,,135.05
2020/2/26,11032,11032,,135.2
2020/2/27,10774,10774,,132.82
2020/2/28,10381,10381,,128.78
2020/3/2,10484,10484,,130.52
2020/3/3,10341,10341,,130.57
2020/3/4,10324,10324,,131.95
2020/3/5,10416,10416,,133.86
2020/3/6,10112,10112,,130.5
2020/3/9,9544,9544,,123.84
2020/3/10,9667,9667,,127.31
2020/3/11,9519,9519,,125.83
2020/3/12,9122,9122,,121.47
2020/3/13,8661,8661,,116.23
2020/3/16,8496,8496,,115
2020/3/17,8710,8710,,120.06
2020/3/18,8735,8735,,121.82
2020/3/19,8828,8828,,124.21
2020/3/23,8883,8883,,126.02
2020/3/24,9175,9175,,131.3
2020/3/25,9793,9793,,141.09
2020/3/26,9618,9618,,139.88
2020/3/27,10033,10033,,146.42
2020/3/30,9983,9983,,145.59
2020/3/31,9760,9760,,143.03
2020/4/1,9395,9395,,137.86
2020/4/2,9250,9250,,136.97
2020/4/3,9217,9217,,136.74
2020/4/6,9574,9574,,142.36
2020/4/7,9765,9765,,145.3
2020/4/8,9911,9911,,148.36
2020/4/9,9859,9859,,147.9
2020/4/10,9946,9946,,149.67
2020/4/13,9781,9781,,147.65
2020/4/14,9972,9972,,151.97
2020/4/15,9977,9977,,152.74
2020/4/16,9893,9893,,151.8
2020/4/17,10032,10032,,154.32
2020/4/20,9964,9964,,153.71
2020/4/21,9849,9849,,152.53
2020/4/22,9786,9786,,151.92
2020/4/23,9920,9920,,154.39
2020/4/24,9886,9886,,154.37
2020/4/27,10067,10067,0,156.97
2020/4/28,10082,10082,,157.87
2020/4/30,10182,10182,,159.84
2020/5/1,9954,9954,,156.49
2020/5/7,9923,9923,,157.71
2020/5/8,10143,10143,,162.62
2020/5/11,10298,10298,,165.72
2020/5/12,10269,10269,,166.04
2020/5/13,10257,10257,,165.92
2020/5/14,10058,10058,,163.1
2020/5/15,10111,10111,,164.54
2020/5/18,10150,10150,,165.95
2020/5/19,10335,10335,,169.53
2020/5/20,10393,10393,,170.72
2020/5/21,10371,10371,,171.3
2020/5/22,10277,10277,,169.89
2020/5/25,10447,10447,,173.3
2020/5/26,10673,10673,,177.73
2020/5/27,10775,10775,,180.07
2020/5/28,10971,10971,,183.44
2020/5/29,10874,10874,,182.15
2020/6/1,10910,10910,,183.07
2020/6/2,11041,11041,,188.09
2020/6/3,11121,11121,,189.63
2020/6/4,11154,11154,,190.2
2020/6/5,11214,11214,,191.27
2020/6/8,11340,11340,,193.13
2020/6/9,11324,11324,,193.24
2020/6/10,11298,11298,,193.03
2020/6/11,11049,11049,,189.22
2020/6/12,10921,10921,,186.47
2020/6/15,10644,10644,,182.35
2020/6/16,11080,11080,,190.44
2020/6/17,11037,11037,,190.59
2020/6/18,11008,11008,,190.15
2020/6/19,11007,11007,,190.38
2020/6/22,10980,10980,,189.97
2020/6/23,11037,11037,,191.45
2020/6/24,10990,10990,,191
2020/6/25,10860,10860,,188.82
2020/6/26,10968,10968,,190.85
2020/6/29,10788,10788,,187.81
2020/6/30,10854,10854,,189.18
2020/7/1,10714,10714,,186.93
2020/7/2,10743,10743,,188.58
2020/7/3,10809,10809,,189.72
2020/7/6,10982,10982,,192.85
2020/7/7,10944,10944,,192.39
2020/7/8,10843,10843,,191.02
2020/7/9,10843,10843,,191.28
2020/7/10,10690,10690,,188.46
2020/7/13,10953,10953,,193.72
2020/7/14,10898,10898,,193
2020/7/15,11068,11068,,196.22
2020/7/16,10995,10995,,195.65
2020/7/17,10959,10959,,195.09
2020/7/20,10981,10981,,195.76
2020/7/21,11021,11021,,196.66
2020/7/22,10952,10952,,195.36
2020/7/27,10978,10978,,195.88
2020/7/28,10925,10925,,195.46
2020/7/29,10784,10784,,193.06
2020/7/30,10718,10718,,192.04
2020/7/31,10416,10416,,186.85
2020/8/3,10601,10601,,191.11
2020/8/4,10828,10828,,196.75
2020/8/5,10825,10825,,196.71
2020/8/6,10790,10790,,195.12
2020/8/7,10768,10768,,194.81
2020/8/11,11040,11040,,199.96
2020/8/12,11177,11177,,202.43
2020/8/13,11306,11306,,204.86
2020/8/14,11301,11301,,204.44
2020/8/17,11206,11206,,202.62
2020/8/18,11213,11213,,203.21
2020/8/19,11234,11234,,203.41
2020/8/20,11133,11133,,201.64
2020/8/21,11166,11166,,202.72
2020/8/24,11187,11187,,203.31
2020/8/25,11314,11314,,205.98
2020/8/26,11308,11308,,205.74
2020/8/27,11248,11248,,204.8
2020/8/28,11174,11174,,203.4
2020/8/31,11267,11267,,205.35
2020/9/1,11250,11250,,205.09
2020/9/2,11303,11303,,207.73
2020/9/3,11358,11358,,208.68
2020/9/4,11255,11255,,206.44
2020/9/7,11207,11207,,206.03
2020/9/8,11285,11285,,207.96
2020/9/9,11177,11177,,206.12
2020/9/10,11313,11313,,208.98
2020/9/11,11395,11395,,211.25
2020/9/14,11495,11495,,212.92
2020/9/15,11424,11424,,212.48
2020/9/16,11449,11449,,213.43
2020/9/17,11407,11407,,212.51
2020/9/18,11463,11463,,213.72
2020/9/23,11448,11448,,213.52
2020/9/24,11324,11324,,211.76
2020/9/25,11378,11378,,212.91
2020/9/28,11570,11570,,216.88
2020/9/29,11639,11639,,218.34
2020/9/30,11411,11411,,214.35
2020/10/1,11411,11411,,214.75
2020/10/2,11295,11295,,212.61
2020/10/5,11492,11492,,218.34
2020/10/6,11552,11552,,219.9
2020/10/7,11557,11557,,219.74
2020/10/8,11620,11620,,221.1
2020/10/9,11563,11563,,219.58
2020/10/12,11535,11535,,219.04
2020/10/13,11575,11575,,220.44
2020/10/14,11539,11539,,218.71
2020/10/15,11454,11454,,217.29
2020/10/16,11355,11355,,216.47
2020/10/19,11497,11497,,219.56
2020/10/20,11411,11411,,218.04
2020/10/21,11495,11495,,220.02
2020/10/22,11370,11370,,217.78
2020/10/23,11408,11408,,218.9
2020/10/26,11364,11364,,217.95
2020/10/27,11353,11353,,219.31
2020/10/28,11318,11318,,218.79
2020/10/29,11308,11308,,218.84
2020/10/30,11086,11086,,214.73
2020/11/2,11287,11287,,219.03
2020/11/4,11423,11423,,223.2
2020/11/5,11581,11581,,226.41
2020/11/6,11643,11643,,226.37
2020/11/9,11808,11808,,228.7
2020/11/10,11941,11941,,231.08
2020/11/11,12140,12140,,234.66
2020/11/12,12118,12118,,233.21
2020/11/13,11958,11958,,229.78
2020/11/16,12159,12159,,233.55
2020/11/17,12178,12178,,234.44
2020/11/18,12079,12079,,232.29
2020/11/19,12119,12119,,232.83
2020/11/20,12128,12128,,232.79
2020/11/24,12374,12374,,237.62
2020/11/25,12411,12411,,238.15
2020/11/26,12485,12485,,239.34
2020/11/27,12542,12542,,240.13
2020/11/30,12321,12321,,235.9
2020/12/1,12415,12415,,238.08
2020/12/2,12455,12455,,240.74
2020/12/3,12464,12464,,240.91
2020/12/4,12468,12468,,241.26
2020/12/7,12362,12362,,239.4
2020/12/8,12348,12348,,239.58
2020/12/9,12493,12493,,242.62
2020/12/10,12470,12470,,242.27
2020/12/11,12510,12510,,243.36
2020/12/14,12570,12570,,245.28
2020/12/15,12511,12511,,244.4
2020/12/16,12544,12544,,246.25
2020/12/17,12585,12585,,247.33
2020/12/18,12590,12590,,247.03
2020/12/21,12559,12559,,246.65
2020/12/22,12364,12364,,243.56
2020/12/23,12392,12392,,244.38
2020/12/24,12456,12456,,245.79
2020/12/25,12485,12485,,246.57
2020/12/28,12552,12552,,248.38
2020/12/29,12786,12786,,253.25
2020/12/30,12685,12685,,251.09
2021/1/4,12614,12614,,249.84
2021/1/5,12589,12589,,251.18
2021/1/6,12625,12625,,252.39
2021/1/7,12836,12836,,256.7
2021/1/8,13038,13038,,260.53
2021/1/12,13059,13059,,260.94
2021/1/13,13104,13104,,261.9
2021/1/14,13166,13166,,263.04
2021/1/15,13048,13048,,260.89
2021/1/18,12970,12970,,259.67
2021/1/19,13044,13044,,261.65
2021/1/20,13000,13000,,261.94
2021/1/21,13077,13077,,264
2021/1/22,13049,13049,,263.41
2021/1/25,13087,13087,,264.33
2021/1/26,12988,12988,,262.79
2021/1/27,13073,13073,,264.77
2021/1/28,12924,12924,,262.04
2021/1/29,12713,12713,,258.15
2021/2/1,12861,12861,,261.38
2021/2/2,12982,12982,,266.56
2021/2/3,13151,13151,,270.25
2021/2/4,13109,13109,,268.39
2021/2/5,13291,13291,,271.92
2021/2/8,13523,13523,,276.77
2021/2/9,13534,13534,,277.08
2021/2/10,13571,13571,,278.03
2021/2/12,13592,13592,,278.97
2021/2/15,13733,13733,,282.53
2021/2/16,13812,13812,,285.22
2021/2/17,13786,13786,,284.47
2021/2/18,13649,13649,,281.8
2021/2/19,13557,13557,,280.6
2021/2/22,13623,13623,,282.47
2021/2/24,13376,13376,,278.14
2021/2/25,13542,13542,,282.52
2021/2/26,13108,13108,,273.69
2021/3/1,13374,13374,,280.26
2021/3/2,13321,13321,,281.74
2021/3/3,13389,13389,,283.69
2021/3/4,13250,13250,,280.65
2021/3/5,13329,13329,,283.11
2021/3/8,13312,13312,,282.81
2021/3/9,13480,13480,,286.66
2021/3/10,13495,13495,,286.49
2021/3/11,13531,13531,,287.96
2021/3/12,13715,13715,,292.15
2021/3/15,13839,13839,,294.49
2021/3/16,13929,13929,,296.68
2021/3/17,13947,13947,,297.17
2021/3/18,14120,14120,,301.86
2021/3/19,14145,14145,,302.63
2021/3/22,13990,13990,,301.2
2021/3/23,13860,13860,,300.7
2021/3/24,13557,13557,,294.96
2021/3/25,13747,13747,,300.16
2021/3/26,13948,13948,,305.57
2021/3/29,14010,14010,,307.54
2021/3/30,14022,14022,,308
2021/3/31,13853,13853,,305.28
2021/4/1,13880,13880,,306.57
2021/4/2,13979,13979,,310.93
2021/4/5,14062,14062,,313.16
2021/4/6,13856,13856,,308.77
2021/4/7,13948,13948,,311.34
2021/4/8,13839,13839,,309.74
2021/4/9,13892,13892,,311.89
2021/4/12,13858,13858,,311.05
2021/4/13,13886,13886,,312.34
2021/4/14,13840,13840,,311.53
2021/4/15,13889,13889,,313.91
2021/4/16,13902,13902,,314.82
2021/4/19,13872,13872,,314.47
2021/4/20,13657,13657,,310.07
2021/4/21,13387,13387,,304.52
2021/4/22,13630,13630,,312.29
2021/4/23,13576,13576,,311.52
2021/4/26,13599,13599,0,312.51
2021/4/27,13496,13496,,310.48
2021/4/28,13535,13535,,311.74
2021/4/30,13461,13461,,310.22
2021/5/6,13667,13667,,315.64
2021/5/7,13709,13709,,318.22
2021/5/10,13846,13846,,321.6
2021/5/11,13518,13518,,314.29
2021/5/12,13320,13320,,311
2021/5/13,13117,13117,,307.57
2021/5/14,13361,13361,,314.98
2021/5/17,13330,13330,,314.82
2021/5/18,13535,13535,,321.04
2021/5/19,13446,13446,,318.8
2021/5/20,13451,13451,,320.24
2021/5/21,13514,13514,,322.13
2021/5/24,13573,13573,,323.59
2021/5/25,13619,13619,,324.53
2021/5/26,13627,13627,,325.04
2021/5/27,13558,13558,,323.6
2021/5/28,13817,13817,,329.92
2021/5/31,13644,13644,,325.56
2021/6/1,13665,13665,,327.47
2021/6/2,13781,13781,,332.6
2021/6/3,13896,13896,,335.42
2021/6/4,13899,13899,,334.6
2021/6/7,13912,13912,,335.46
2021/6/8,13925,13925,,335.9
2021/6/9,13885,13885,,335.44
2021/6/10,13882,13882,,336.17
2021/6/11,13863,13863,,336.54
2021/6/14,13904,13904,,337.9
2021/6/15,14015,14015,,341.87
2021/6/16,14017,14017,,341.82
2021/6/17,13930,13930,,340.65
2021/6/18,13809,13809,,338.28
2021/6/21,13476,13476,,331.07
2021/6/22,13901,13901,,344.14
2021/6/23,13827,13827,,342.33
2021/6/24,13812,13812,,342.5
2021/6/25,13924,13924,,345.59
2021/6/28,13945,13945,,346.01
2021/6/29,13845,13845,,344.52
2021/6/30,13803,13803,,344.7
2021/7/1,13772,13772,,344.43
2021/7/2,13894,13894,,350.16
2021/7/5,13842,13842,,348.41
2021/7/6,13880,13880,,350
2021/7/7,13761,13761,,347.08
2021/7/8,13638,13638,,344.75
2021/7/9,13583,13583,,344.27
2021/7/12,13872,13872,,353.81
2021/7/13,13973,13973,,356.24
2021/7/14,13941,13941,,355.16
2021/7/15,13774,13774,,351.3
2021/7/16,13721,13721,,351.74
2021/7/19,13543,13543,,347.97
2021/7/20,13414,13414,,346.23
2021/7/21,13524,13524,,350.81
2021/7/26,13674,13674,,355.26
2021/7/27,13762,13762,,358.05
2021/7/28,13631,13631,,354.52
2021/7/29,13688,13688,,356.99
2021/7/30,13501,13501,,351.93
2021/8/2,13777,13777,,359.95
2021/8/3,13713,13713,,360.56
2021/8/4,13645,13645,,359.26
2021/8/5,13698,13698,,360.88
2021/8/6,13701,13701,,360.67
2021/8/10,13750,13750,,362.12
2021/8/11,13877,13877,,365.78
2021/8/12,13874,13874,,365.48
2021/8/13,13893,13893,,366.82
2021/8/16,13670,13670,,361.22
2021/8/17,13604,13604,,361.25
2021/8/18,13663,13663,,363.51
2021/8/19,13473,13473,,359.25
2021/8/20,13356,13356,,357.13
2021/8/23,13600,13600,,365.78
2021/8/24,13736,13736,,368.95
2021/8/25,13746,13746,,369.07
2021/8/26,13744,13744,,369.06
2021/8/27,13697,13697,,368.34
2021/8/30,13851,13851,,372.92
2021/8/31,13927,13927,,375.08
2021/9/1,14070,14070,,378.49
2021/9/2,14089,14089,,380.81
2021/9/3,14315,14315,,386.12
2021/9/6,14498,14498,,390.64
2021/9/7,14655,14655,,396.34
2021/9/8,14771,14771,,399.48
2021/9/9,14666,14666,,396.66
2021/9/10,14855,14855,,402.14
2021/9/13,14899,14899,,404.26
2021/9/14,15048,15048,,409
2021/9/15,14889,14889,,406.17
2021/9/16,14846,14846,,406.18
2021/9/17,14917,14917,,408.52
2021/9/21,14664,14664,,401.59
2021/9/22,14515,14515,,399.43
2021/9/24,14850,14850,,409.49
2021/9/27,14828,14828,,409.22
2021/9/28,14785,14785,,408.74
2021/9/29,14590,14590,,403.95
2021/9/30,14531,14531,,404.65
2021/10/1,14217,14217,,397.24
2021/10/4,14127,14127,,398.4
2021/10/5,13941,13941,,393.9
2021/10/6,13899,13899,,394.22
2021/10/7,13885,13885,,395.34
2021/10/8,14043,14043,,401.29
2021/10/11,14290,14290,,408.79
2021/10/12,14190,14190,,406.97
2021/10/13,14127,14127,,406.22
2021/10/14,14221,14221,,409.63
2021/10/15,14487,14487,,418.61
2021/10/18,14451,14451,,417.99
2021/10/19,14504,14504,,420.12
2021/10/20,14512,14512,,420.82
2021/10/21,14320,14320,,415.22
2021/10/22,14331,14331,,415.93
2021/10/25,14281,14281,,414.86
2021/10/26,14446,14446,,420.41
2021/10/27,14412,14412,,419.48
2021/10/28,14312,14312,,416.99
2021/10/29,14323,14323,,417.85
2021/11/1,14635,14635,,427.47
2021/11/2,14541,14541,,426.1
2021/11/4,14714,14714,,431.05
2021/11/5,14614,14614,,426.61
2021/11/8,14570,14570,,426.04
2021/11/9,14453,14453,,423.55
2021/11/10,14375,14375,,422.32
2021/11/11,14421,14421,,424.31
2021/11/12,14609,14609,,430.68
2021/11/15,14666,14666,,432.19
2021/11/16,14682,14682,,434.29
2021/11/17,14593,14593,,432.06
2021/11/18,14573,14573,,431.62
2021/11/19,14637,14637,,433.98
2021/11/22,14625,14625,,433.54
2021/11/24,14455,14455,,429.19
2021/11/25,14502,14502,,432.2
2021/11/26,14211,14211,,424.09
2021/11/29,13950,13950,,418.26
2021/11/30,13804,13804,,415.84
2021/12/1,13867,13867,,419.21
2021/12/2,13792,13792,,420.32
2021/12/3,14017,14017,,428.07
2021/12/6,13942,13942,,425.94
2021/12/7,14245,14245,,436.21
2021/12/8,14334,14334,,439.25
2021/12/9,14252,14252,,436.73
2021/12/10,14142,14142,,433.91
2021/12/13,14161,14161,,435.44
2021/12/14,14130,14130,,435.21
2021/12/15,14204,14204,,437.8
2021/12/16,14411,14411,,445.93
2021/12/17,14206,14206,,439.17
2021/12/20,13897,13897,,429.64
2021/12/21,14101,14101,,437.17
2021/12/22,14113,14113,,437.61
2021/12/23,14241,14241,,441.89
2021/12/24,14222,14222,,441.31
2021/12/27,14159,14159,,439.66
2021/12/28,14353,14353,,447.52
2021/12/29,14328,14328,,446.24
2021/12/30,14280,14280,,444.71
2022/1/4,14551,14551,,453.79
2022/1/5,14616,14616,,457.07
2022/1/6,14313,14313,,447.67
2022/1/7,14303,14303,,448.06
2022/1/11,14240,14240,,446.9
2022/1/12,14474,14474,,455.97
2022/1/13,14375,14375,,452.86
2022/1/14,14175,14175,,446.86
2022/1/17,14239,14239,,450.41
2022/1/18,14180,14180,,449.43
2022/1/19,13760,13760,,437.66
2022/1/20,13894,13894,,444.81
2022/1/21,13812,13812,,443.34
2022/1/24,13831,13831,,445.33
2022/1/25,13592,13592,,438.09
2022/1/26,13559,13559,,438.54
2022/1/27,13205,13205,,428.26
2022/1/28,13452,13452,,438.36
2022/1/31,13589,13589,,443.73
2022/2/1,13590,13590,,443.46
2022/2/2,13880,13880,,455.54
2022/2/3,13760,13760,,451.95
2022/2/4,13837,13837,,454.69
2022/2/7,13804,13804,,453.85
2022/2/8,13862,13862,,456.07
2022/2/9,13992,13992,,460.63
2022/2/10,14067,14067,,462.79
2022/2/14,13838,13838,,455.55
2022/2/15,13724,13724,,452.47
2022/2/16,13953,13953,,462.02
2022/2/17,13842,13842,,458.45
2022/2/18,13793,13793,,457.12
2022/2/21,13695,13695,,454.7
2022/2/22,13483,13483,,448.64
2022/2/24,13314,13314,,443.55
2022/2/25,13453,13453,,449.13
2022/2/28,13529,13529,,452.51
2022/3/1,13602,13602,,456.44
2022/3/2,13335,13335,,449.36
2022/3/3,13492,13492,,455.68
2022/3/4,13228,13228,,447.03
2022/3/7,12862,12862,,436.12
2022/3/8,12617,12617,,429.67
2022/3/9,12610,12610,,430.73
2022/3/10,13121,13121,,448.35
2022/3/11,12902,12902,,441.18
2022/3/14,12993,12993,,444.91
2022/3/15,13096,13096,,449.33
2022/3/16,13287,13287,,456.27
2022/3/17,13616,13616,,467.56
2022/3/18,13690,13690,,471.46
2022/3/22,13865,13865,,477.71
2022/3/23,14187,14187,,489.24
2022/3/24,14207,14207,,489.36
2022/3/25,14206,14206,,488.69
2022/3/28,14147,14147,,486.22
2022/3/29,14278,14278,,490.75
2022/3/30,14262,14262,,488.76
2022/3/31,14109,14109,,484.11
2022/4/1,14092,14092,,484.17
2022/4/4,14161,14161,,488.79
2022/4/5,14128,14128,,487.64
2022/4/6,13938,13938,,481.36
2022/4/7,13720,13720,,474.17
2022/4/8,13749,13749,,475.75
2022/4/11,13696,13696,,474.77
2022/4/12,13508,13508,,468.98
2022/4/13,13700,13700,,476.55
2022/4/14,13830,13830,,481.8
2022/4/15,13744,13744,,480.02
2022/4/18,13626,13626,,476.37
2022/4/19,13741,13741,,480.87
2022/4/20,13880,13880,,485.94
2022/4/21,13974,13974,,489.45
2022/4/22,13808,13808,,483.37
2022/4/25,13600,13600,0,476.49
2022/4/26,13615,13615,,477.9
2022/4/27,13487,13487,,473.89
2022/4/28,13769,13769,,485.54
2022/5/2,13761,13761,,485.18
2022/5/6,13889,13889,,491.55
2022/5/9,13617,13617,,481.98
2022/5/10,13502,13502,,479.64
2022/5/11,13423,13423,,478.16
2022/5/12,13265,13265,,473.08
2022/5/13,13520,13520,,482.74
2022/5/16,13514,13514,,482.63
2022/5/17,13540,13540,,484.72
2022/5/18,13670,13670,,489.95
2022/5/19,13492,13492,,483.73
2022/5/20,13618,13618,,490.43
2022/5/23,13743,13743,,495.37
2022/5/24,13624,13624,,491.18
2022/5/25,13612,13612,,491.13
2022/5/26,13619,13619,,491.89
2022/5/27,13690,13690,,494.94
2022/5/30,13945,13945,,504.31
2022/5/31,13874,13874,,500.46
2022/6/1,14063,14063,,507.47
2022/6/2,13974,13974,,506.23
2022/6/3,14022,14022,,508.22
2022/6/6,14065,14065,,509.64
2022/6/7,14123,14123,,512.13
2022/6/8,14289,14289,,518.16
2022/6/9,14283,14283,,518.06
2022/6/10,14094,14094,,511.16
2022/6/13,13788,13788,,500.58
2022/6/14,13625,13625,,496.31
2022/6/15,13462,13462,,493.21
2022/6/16,13547,13547,,497.63
2022/6/17,13315,13315,,490.67
2022/6/20,13193,13193,,487.81
2022/6/21,13463,13463,,499.18
2022/6/22,13438,13438,,498.83
2022/6/23,13431,13431,,498.94
2022/6/24,13540,13540,,503.13
2022/6/27,13689,13689,,509.41
2022/6/28,13835,13835,,515.31
2022/6/29,13751,13751,,511.78
2022/6/30,13588,13588,,505.51
2022/7/1,13399,13399,,499.22
2022/7/4,13579,13579,,508.81
2022/7/5,13647,13647,,511.9
2022/7/6,13479,13479,,505.97
2022/7/7,13671,13671,,513.66
2022/7/8,13710,13710,,515.19
2022/7/11,13905,13905,,522.8
2022/7/12,13677,13677,,513.12
2022/7/13,13717,13717,,515.65
2022/7/14,13749,13749,,517.25
2022/7/15,13744,13744,,518.6
2022/7/19,13818,13818,,522.35
2022/7/20,14136,14136,,535
2022/7/21,14166,14166,,535.83
2022/7/22,14205,14205,,536.49
2022/7/25,14112,14112,,532.4
2022/7/26,14112,14112,,532.97
2022/7/27,14131,14131,,533.77
2022/7/28,14154,14154,,534.81
2022/7/29,14092,14092,,532.7
2022/8/1,14235,14235,,537.79
2022/8/2,13985,13985,,529.6
2022/8/3,14022,14022,,531.45
2022/8/4,14023,14023,,531.71
2022/8/5,14141,14141,,536.6
2022/8/8,14172,14172,,537.67
2022/8/9,14068,14068,,533.27
2022/8/10,14043,14043,,532.56
2022/8/12,14330,14330,,544.13
2022/8/15,14415,14415,,546.65
2022/8/16,14394,14394,,546.66
2022/8/17,14576,14576,,553.52
2022/8/18,14456,14456,,548.51
2022/8/19,14485,14485,,549.64
2022/8/22,14471,14471,,549.02
2022/8/23,14317,14317,,543.62
2022/8/24,14286,14286,,542.72
2022/8/25,14355,14355,,545.87
2022/8/26,14376,14376,,547.52
2022/8/29,14119,14119,,537.72
2022/8/30,14298,14298,,545.53
2022/8/31,14260,14260,,544.86
2022/9/1,14059,14059,,537.76
2022/9/2,14020,14020,,539.12
2022/9/5,14010,14010,,539.33
2022/9/6,13994,13994,,539.53
2022/9/7,13915,13915,,537.2
2022/9/8,14219,14219,,549.71
2022/9/9,14277,14277,,551.86
2022/9/12,14383,14383,,556.07
2022/9/13,14429,14429,,558.48
2022/9/14,14145,14145,,546.96
2022/9/15,14167,14167,,550.41
2022/9/16,14081,14081,,547.98
2022/9/20,14144,14144,,551.15
2022/9/21,13952,13952,,544.9
2022/9/22,13918,13918,,544.47
2022/9/26,13541,13541,,531.97
2022/9/27,13604,13604,,537.05
2022/9/28,13474,13474,,533.57
2022/9/29,13716,13716,,543.38
2022/9/30,13475,13475,,534.4
2022/10/3,13561,13561,,539.11
2022/10/4,13995,13995,,559.35
2022/10/5,14040,14040,,560.47
2022/10/6,14110,14110,,562.44
2022/10/7,13995,13995,,557.55
2022/10/11,13734,13734,,547.58
2022/10/12,13717,13717,,548.47
2022/10/13,13611,13611,,544.82
2022/10/14,13931,13931,,558.93
2022/10/17,13794,13794,,554.71
2022/10/18,13955,13955,,562.1
2022/10/19,13981,13981,,563.92
2022/10/20,13911,13911,,560.4
2022/10/21,13813,13813,,557.48
2022/10/24,13850,13850,,559.62
2022/10/25,13997,13997,,566.43
2022/10/26,14078,14078,,569.21
2022/10/27,13985,13985,,564.66
2022/10/28,13936,13936,,563.72
2022/10/31,14161,14161,,574.82
2022/11/1,14229,14229,,578.05
2022/11/2,14242,14242,,579.76
2022/11/4,14058,14058,,572.51
2022/11/7,14197,14197,,578.99
2022/11/8,14369,14369,,586.42
2022/11/9,14309,14309,,583.66
2022/11/10,14215,14215,,579.51
2022/11/11,14518,14518,,592.5
2022/11/14,14364,14364,,586.49
2022/11/15,14419,14419,,589.83
2022/11/16,14412,14412,,590.99
2022/11/17,14434,14434,,592.06
2022/11/18,14439,14439,,592.61
2022/11/21,14480,14480,,594.34
2022/11/22,14642,14642,,601.61
2022/11/24,14819,14819,,608.33
2022/11/25,14813,14813,,607.59
2022/11/28,14712,14712,,603.52
2022/11/29,14629,14629,,600.81
2022/11/30,14575,14575,,600.88
2022/12/1,14582,14582,,601.7
2022/12/2,14343,14343,,595.52
2022/12/5,14299,14299,,594.78
2022/12/6,14315,14315,,596.99
2022/12/7,14301,14301,,596.43
2022/12/8,14251,14251,,594.74
2022/12/9,14399,14399,,601.62
2022/12/12,14367,14367,,600.35
2022/12/13,14429,14429,,604.08
2022/12/14,14514,14514,,609.03
2022/12/15,14488,14488,,606.31
2022/12/16,14315,14315,,601.57
2022/12/19,14206,14206,,597.76
2022/12/20,13987,13987,,589.99
2022/12/21,13897,13897,,588.15
2022/12/22,14006,14006,,594.43
2022/12/23,13930,13930,,592.58
2022/12/26,13964,13964,,595.08
2022/12/27,14020,14020,,599.51
2022/12/28,14011,14011,,600.41
2022/12/29,13933,13933,,597.4
2022/12/30,13908,13908,,596.78
2023/1/4,13733,13733,,589.41
2023/1/5,13739,13739,,592.42
2023/1/6,13790,13790,,595.98
2023/1/10,13827,13827,,598.02
2023/1/11,13977,13977,,606.01
2023/1/12,14029,14029,,608.58
2023/1/13,13991,13991,,607.22
2023/1/16,13867,13867,,602.64
2023/1/17,13990,13990,,609
2023/1/18,14224,14224,,621.55
2023/1/19,14083,14083,,615.25
2023/1/20,14165,14165,,619.28
2023/1/23,14301,14301,,625.36
2023/1/24,14504,14504,,633.71
2023/1/25,14561,14561,,635.38
2023/1/26,14544,14544,,632.99
2023/1/27,14575,14575,,633.95
2023/1/30,14574,14574,,632.95
2023/1/31,14521,14521,,629.74
2023/2/1,14499,14499,,628.69
2023/2/2,14447,14447,,627.47
2023/2/3,14484,14484,,629.71
2023/2/6,14550,14550,,632.64
2023/2/7,14581,14581,,633.99
2023/2/8,14585,14585,,634.03
2023/2/9,14592,14592,,634.92
2023/2/10,14607,14607,,634.7
2023/2/13,14538,14538,,631.92
2023/2/14,14652,14652,,638.4
2023/2/15,14613,14613,,636.63
2023/2/16,14711,14711,,641.65
2023/2/17,14644,14644,,638.33
2023/2/20,14701,14701,,640.98
2023/2/21,14684,14684,,640.49
2023/2/22,14520,14520,,633.7
2023/2/24,14617,14617,,638.42
2023/2/27,14653,14653,,640.54
2023/2/28,14657,14657,,641.23
2023/3/1,14690,14690,,643.37
2023/3/2,14666,14666,,644.54
2023/3/3,14850,14850,,653.18
2023/3/6,14974,14974,,657.5
2023/3/7,15036,15036,,659.85
2023/3/8,15082,15082,,661.23
2023/3/9,15228,15228,,667.8
2023/3/10,14937,14937,,654.8
2023/3/13,14712,14712,,645.05
2023/3/14,14319,14319,,629.48
2023/3/15,14412,14412,,634.03
2023/3/16,14243,14243,,628.29
2023/3/17,14408,14408,,639.98
2023/3/20,14185,14185,,630.63
2023/3/22,14433,14433,,643.18
2023/3/23,14391,14391,,642.3
2023/3/24,14377,14377,,642.39
2023/3/27,14425,14425,,645.34
2023/3/28,14461,14461,,647.86
2023/3/29,14672,14672,,657.56
2023/3/30,14755,14755,,660.11
2023/3/31,14905,14905,,667.51
2023/4/3,15011,15011,,669.84
2023/4/4,15048,15048,,672.6
2023/4/5,14759,14759,,658.48
2023/4/6,14591,14591,,651.48
2023/4/7,14622,14622,,653.6
2023/4/10,14704,14704,,658.25
2023/4/11,14819,14819,,665.52
2023/4/12,14930,14930,,669.75
2023/4/13,14938,14938,,669.91
2023/4/14,15018,15018,,675.59
2023/4/17,15080,15080,,675.54
2023/4/18,15183,15183,,681.02
2023/4/19,15179,15179,,679.53
2023/4/20,15174,15174,,679.29
2023/4/21,15140,15140,,677.42
2023/4/24,15156,15156,,678.67
2023/4/25,15192,15192,0,680.57
2023/4/26,15056,15056,,675.26
2023/4/27,15120,15120,,678.67
2023/4/28,15306,15306,,687.33
2023/5/1,15459,15459,,693.31
2023/5/2,15441,15441,,695.1
2023/5/8,15408,15408,,693.45
2023/5/9,15604,15604,,703.94
2023/5/10,15519,15519,,700.11
2023/5/11,15500,15500,,700.61
2023/5/12,15601,15601,,706.35
2023/5/15,15739,15739,,707.99
2023/5/16,15832,15832,,712.96
2023/5/17,15879,15879,,715.58
2023/5/18,16060,16060,,724.1
2023/5/19,16088,16088,,727.36
2023/5/22,16194,16194,,732.05
2023/5/23,16086,16086,,729.31
2023/5/24,16019,16019,,727.3
2023/5/25,15973,15973,,725.1
2023/5/26,15970,15970,,725.45
2023/5/29,16080,16080,,731.73
2023/5/30,16070,16070,,732.47
2023/5/31,15857,15857,,723.18
2023/6/1,15996,15996,,730.47
2023/6/2,16245,16245,,744.77
2023/6/5,16521,16521,,758.26
2023/6/6,16643,16643,,764.97
2023/6/7,16420,16420,,756.15
2023/6/8,16310,16310,,752.7
2023/6/9,16554,16554,,764.75
2023/6/12,16662,16662,,770.88
2023/6/13,16855,16855,,782.41
2023/6/14,17077,17077,,793.69
2023/6/15,17073,17073,,796.11
2023/6/16,17119,17119,,799.48
2023/6/19,17046,17046,,797.17
2023/6/20,16996,16996,,795.74
2023/6/21,17080,17080,,800.81
2023/6/22,17090,17090,,802
2023/6/23,16853,16853,,791.37
2023/6/26,16820,16820,,791.29
2023/6/27,16772,16772,,789.87
2023/6/28,17106,17106,,807.2
2023/6/29,17109,17109,,807.71
2023/6/30,17052,17052,,805.67
2023/7/3,17292,17292,,818.42
2023/7/4,17184,17184,,815.76
2023/7/5,17182,17182,,816.9
2023/7/6,16966,16966,,808.01
2023/7/7,16800,16800,,801.51
2023/7/10,16714,16714,,798.84
2023/7/11,16663,16663,,799.64
2023/7/12,16552,16552,,795.7
2023/7/13,16712,16712,,805.88
2023/7/14,16683,16683,,807.22
2023/7/18,16780,16780,,812.35
2023/7/19,16980,16980,,823.11
2023/7/20,16845,16845,,816.38
2023/7/21,16854,16854,,817.48
2023/7/24,16995,16995,,825.16
2023/7/25,17027,17027,,826.47
2023/7/26,17010,17010,,826.17
2023/7/27,17100,17100,,831.27
2023/7/28,17067,17067,,829.64
2023/7/31,17305,17305,,842.03
2023/8/1,17415,17415,,847.06
2023/8/2,17149,17149,,837.35
2023/8/3,16901,16901,,826.91
2023/8/4,16947,16947,,831.56
2023/8/7,17017,17017,,836.9
2023/8/8,17075,17075,,840.74
2023/8/9,17007,17007,,839.13
2023/8/10,17163,17163,,847.45
2023/8/14,16994,16994,,841.38
2023/8/15,17064,17064,,846.12
2023/8/16,16844,16844,,838.72
2023/8/17,16786,16786,,836.91
2023/8/18,16669,16669,,832.14
2023/8/21,16700,16700,,834.76
2023/8/22,16880,16880,,843.77
2023/8/23,16965,16965,,848.92
2023/8/24,17035,17035,,852.53
2023/8/25,16885,16885,,845.52
2023/8/28,17134,17134,,859.52
2023/8/29,17161,17161,,861.4
2023/8/30,17239,17239,,865.42
2023/8/31,17378,17378,,871.67
2023/9/1,17510,17510,,878.54
2023/9/4,17688,17688,,889.4
2023/9/5,17719,17719,,891.92
2023/9/6,17828,17828,,899.02
2023/9/7,17760,17760,,896.28
2023/9/8,17579,17579,,888.76
2023/9/11,17589,17589,,892.17
2023/9/12,17734,17734,,902.14
2023/9/13,17724,17724,,903.69
2023/9/14,17925,17925,,914.84
2023/9/15,18095,18095,,926.36
2023/9/19,18110,18110,,929.03
2023/9/20,17928,17928,,922.84
2023/9/21,17760,17760,,917.17
2023/9/22,17707,17707,,919.24
2023/9/25,17775,17775,,925.56
2023/9/26,17674,17674,,923.52
2023/9/27,17731,17731,,928.56
2023/9/28,17631,17631,,925.13
2023/9/29,17466,17466,,920.49
2023/10/2,17399,17399,,920.52
2023/10/3,17105,17105,,910.02
2023/10/4,16679,16679,,889.9
2023/10/5,17017,17017,,910.54
2023/10/6,17020,17020,,913.92
2023/10/10,17380,17380,,935.33
2023/10/11,17347,17347,,937.83
2023/10/12,17609,17609,,952.8
2023/10/13,17355,17355,,940.13
2023/10/16,17091,17091,,927.06
2023/10/17,17230,17230,,939.08
2023/10/18,17255,17255,,941.42
2023/10/19,17020,17020,,929.88
2023/10/20,16955,16955,,927.93
2023/10/23,16829,16829,,922.82
2023/10/24,16844,16844,,925.06
2023/10/25,16946,16946,,932.63
2023/10/26,16720,16720,,922.04
2023/10/27,16949,16949,,936.27
2023/10/30,16774,16774,,927.63
2023/10/31,16942,16942,,938.08
2023/11/1,17371,17371,,963.09
2023/11/2,17459,17459,,971.36
2023/11/6,17746,17746,,986.52
2023/11/7,17539,17539,,975.05
2023/11/8,17336,17336,,964.18
2023/11/9,17555,17555,,978.47
2023/11/10,17569,17569,,979.55
2023/11/13,17569,17569,,980.18
2023/11/14,17634,17634,,986.19
2023/11/15,17844,17844,,998.35
2023/11/16,17810,17810,,998.76
2023/11/17,17979,17979,,1007.42
2023/11/20,17839,17839,,997.79
2023/11/21,17803,17803,,996.61
2023/11/22,17882,17882,,1001.89
2023/11/24,17977,17977,,1007.88
2023/11/27,17909,17909,,1003.31
2023/11/28,17870,17870,,1003.09
2023/11/29,17779,17779,,999.41
2023/11/30,17858,17858,,1005.6
2023/12/1,17914,17914,,1010.49
2023/12/4,17765,17765,,1006.43
2023/12/5,17615,17615,,999.65
2023/12/6,17950,17950,,1020.88
2023/12/7,17744,17744,,1008.51
2023/12/8,17477,17477,,994.92
2023/12/11,17733,17733,,1012.53
2023/12/12,17693,17693,,1011.59
2023/12/13,17707,17707,,1012.92
2023/12/14,17454,17454,,998.81
2023/12/15,17536,17536,,1007.56
2023/12/18,17420,17420,,1002.28
2023/12/19,17548,17548,,1011.01
2023/12/20,17665,17665,,1018.37
2023/12/21,17489,17489,,1008.03
2023/12/22,17568,17568,,1013.68
2023/12/25,17575,17575,,1014.2
2023/12/26,17586,17586,,1022.52
2023/12/27,17785,17785,,1041.06
2023/12/28,17784,17784,,1041
2023/12/29,17817,17817,,1044.15
2024/1/4,17910,17910,,1049.74
2024/1/5,18021,18021,,1065.4
2024/1/9,18167,18167,,1076.63
2024/1/10,18404,18404,,1097.3
2024/1/11,18693,18693,,1115.19
2024/1/12,18779,18779,,1123.99
2024/1/15,19007,19007,,1138.69
2024/1/16,18852,18852,,1138.62
2024/1/17,18795,18795,,1140.08
2024/1/18,18763,18763,,1143.54
2024/1/19,18897,18897,,1158.39
2024/1/22,19160,19160,,1177.71
2024/1/23,19138,19138,,1185.07
2024/1/24,19041,19041,,1184.24
2024/1/25,19061,19061,,1190.29
2024/1/26,18803,18803,,1180.66
2024/1/29,19043,19043,,1200.97
2024/1/30,19024,19024,,1206.06
2024/1/31,19207,19207,,1220.54
2024/2/1,19078,19078,,1216.37
2024/2/2,19120,19120,,1229.5
2024/2/5,19248,19248,,1240.99
2024/2/6,19116,19116,,1237.74
2024/2/7,19197,19197,,1247.18
2024/2/8,19293,19293,,1257.39
2024/2/9,19258,19258,,1258.62
2024/2/13,19668,19668,,1288.52
2024/2/14,19459,19459,,1283.41
2024/2/15,19514,19514,,1293.47
2024/2/16,19762,19762,,1319.51
2024/2/19,19875,19875,,1330.29
2024/2/20,19820,19820,,1338.11
2024/2/21,19781,19781,,1342.91
2024/2/22,20032,20032,,1367.38
2024/2/26,20130,20130,,1380.65
2024/2/27,20166,20166,,1396.14
2024/2/28,20143,20143,,1400.76
2024/2/29,20149,20149,,1407.17
2024/3/1,20403,20403,,1430.11
2024/3/4,20380,20380,,1437.48
2024/3/5,20482,20482,,1457.14
2024/3/6,20563,20563,,1467.57
2024/3/7,20472,20472,,1465
2024/3/8,20534,20534,,1473.98
2024/3/11,20082,20082,,1446.53
2024/3/12,20009,20009,,1448.7
2024/3/13,19944,19944,,1449.83
2024/3/14,20042,20042,,1460.25
2024/3/15,20111,20111,,1469.53
2024/3/18,20498,20498,,1501.41
2024/3/19,20715,20715,,1521.75
2024/3/21,21057,21057,,1545.85
2024/3/22,21184,21184,,1562.02
2024/3/25,20916,20916,,1543.84
2024/3/26,20940,20940,,1554.31
2024/3/27,21077,21077,,1570.19
2024/3/28,20904,20904,,1555.89
2024/3/29,21040,21040,,1576.56
2024/4/1,20680,20680,,1553.98
2024/4/2,20629,20629,,1569.03
2024/4/3,20568,20568,,1572.6
2024/4/4,20762,20762,,1592.99
2024/4/5,20538,20538,,1581.15
2024/4/8,20734,20734,,1605.66
2024/4/9,20934,20934,,1631.7
2024/4/10,20843,20843,,1625.77
2024/4/11,20875,20875,,1634.3
2024/4/12,20971,20971,,1644.64
2024/4/15,20922,20922,,1644.61
2024/4/16,20495,20495,,1619.08
2024/4/17,20237,20237,,1605.37
2024/4/18,20346,20346,,1622.6
2024/4/19,19958,19958,,1596.84
2024/4/22,20232,20232,,1629.32
2024/4/23,20260,20260,,1636.48
2024/4/24,20599,20599,,1668.55
2024/4/25,20240,20240,0,1641.92
2024/4/26,20416,20416,,1661.13
2024/4/30,20850,20850,,1699.43
2024/5/1,20745,20745,,1694.16
2024/5/2,20737,20737,,1707.7
2024/5/7,20873,20873,,1726.01
2024/5/8,20571,20571,,1709.04
2024/5/9,20628,20628,,1723.77
2024/5/10,20741,20741,,1736.37
2024/5/13,20713,20713,,1737.97
2024/5/14,20765,20765,,1747.95
2024/5/15,20766,20766,,1750.34
2024/5/16,20817,20817,,1759.78
2024/5/17,20879,20879,,1768.57
2024/5/20,21049,21049,,1785.79
2024/5/21,20987,20987,,1784.75
2024/5/22,20816,20816,,1774.43
2024/5/23,20949,20949,,1790.17
2024/5/24,20856,20856,,1784.11
2024/5/27,21037,21037,,1803.01
2024/5/28,21053,21053,,1810.24
2024/5/29,20848,20848,,1794.47
2024/5/30,20732,20732,,1787.9
2024/5/31,21084,21084,,1822.26
2024/6/3,21278,21278,,1838.31
2024/6/4,21197,21197,,1847.13
2024/6/5,20899,20899,,1825.05
2024/6/6,20967,20967,,1837.91
2024/6/7,20950,20950,,1838.65
2024/6/10,21159,21159,,1859.69
2024/6/11,21116,21116,,1865.81
2024/6/12,20961,20961,,1854.61
2024/6/13,20773,20773,,1843.81
2024/6/14,20886,20886,,1862.74
2024/6/17,20531,20531,,1833.21
2024/6/18,20651,20651,,1856.54
2024/6/19,20749,20749,,1868.45
2024/6/20,20725,20725,,1867.25
2024/6/21,20719,20719,,1869.66
2024/6/24,20836,20836,,1881.17
2024/6/25,21194,21194,,1914.33
2024/6/26,21313,21313,,1924.09
2024/6/27,21266,21266,,1918.95
2024/6/28,21388,21388,,1933.09
2024/7/1,21499,21499,,1944.02
2024/7/2,21745,21745,,1983.61
2024/7/3,21864,21864,,1999.95
2024/7/4,22063,22063,,2022.3
2024/7/5,21955,21955,,2015.51
2024/7/8,21829,21829,,2008.95
2024/7/9,22041,22041,,2043.9
2024/7/10,22146,22146,,2056.08
2024/7/11,22297,22297,,2077.2
2024/7/12,22033,22033,,2057.61
2024/7/16,22109,22109,,2071.98
2024/7/17,22190,22190,,2095.99
2024/7/18,21836,21836,,2069.19
2024/7/19,21776,21776,,2069.19
2024/7/22,21522,21522,,2049.61
2024/7/23,21566,21566,,2060.05
2024/7/24,21260,21260,,2035.75
2024/7/25,20625,20625,,1979.54
2024/7/26,20548,20548,,1981.91
2024/7/29,21004,21004,,2034.5
2024/7/30,20967,20967,,2040.07
2024/7/31,21270,21270,,2074.58
2024/8/1,20580,20580,,2011.6
2024/8/2,19316,19316,,1908.69
2024/8/5,16951,16951,,1691.32
2024/8/6,18527,18527,,1870.8
2024/8/7,18947,18947,,1934.27
2024/8/8,18738,18738,,1914.88
2024/8/9,18903,18903,,1945.76
2024/8/13,19438,19438,,2006.37
2024/8/14,19653,19653,,2038.54
2024/8/15,19797,19797,,2058.57
2024/8/16,20390,20390,,2131.58
2024/8/19,20103,20103,,2105.25
2024/8/20,20328,20328,,2135.79
2024/8/21,20286,20286,,2133.2
2024/8/22,20335,20335,,2140.04
2024/8/23,20436,20436,,2151.48
2024/8/26,20258,20258,,2132.95
2024/8/27,20406,20406,,2152.77
2024/8/28,20494,20494,,2162.82
2024/8/29,20504,20504,,2165.18
2024/8/30,20654,20654,,2181.47
2024/9/2,20679,20679,,2182.88
2024/9/3,20811,20811,,2213.48
2024/9/4,20051,20051,,2134.73
2024/9/5,19953,19953,,2128.39
2024/9/6,19775,19775,,2115.12
2024/9/9,19642,19642,,2103.36
2024/9/10,19617,19617,,2115.9
2024/9/11,19269,19269,,2083.16
2024/9/12,19738,19738,,2140.05
2024/9/13,19575,19575,,2125.92
2024/9/17,19459,19459,,2113.53
2024/9/18,19532,19532,,2129.65
2024/9/19,19924,19924,,2174.51
2024/9/20,20118,20118,,2195.57
2024/9/24,20228,20228,,2209.47
2024/9/25,20180,20180,,2206.42
2024/9/26,20718,20718,,2268.17
2024/9/27,21066,21066,,2301.84
2024/9/30,20335,20335,,2222.26
2024/10/1,20681,20681,,2264.48
2024/10/2,20380,20380,,2246.7
2024/10/3,20625,20625,,2278.59
2024/10/4,20704,20704,,2288.33
2024/10/7,21053,21053,,2325.64
2024/10/8,20744,20744,,2288.81
2024/10/9,20805,20805,,2306.21
2024/10/10,20847,20847,,2310.63
2024/10/11,20798,20798,,2307.8
2024/10/15,20930,20930,,2322.76
2024/10/16,20678,20678,,2296.03
2024/10/17,20656,20656,,2300.36
2024/10/18,20664,20664,,2303.41
2024/10/21,20595,20595,,2295.73
2024/10/22,20376,20376,,2273.05
2024/10/23,20266,20266,,2260.57
2024/10/24,20254,20254,,2259.49
2024/10/25,20122,20122,,2246.54
2024/10/28,20425,20425,,2283.49
2024/10/29,20611,20611,,2308.03
2024/10/30,20780,20780,,2326.74
2024/10/31,20715,20715,,2318.62
2024/11/1,20322,20322,,2274.28
2024/11/5,20478,20478,,2307.4
2024/11/6,20874,20874,,2361.02
2024/11/7,21083,21083,,2383.2
2024/11/8,21077,21077,,2380.15
2024/11/11,21058,21058,,2383.48
2024/11/12,21073,21073,,2385.03
2024/11/13,20818,20818,,2357.42
2024/11/14,20764,20764,,2353.93
2024/11/15,20845,20845,,2362.81
2024/11/18,20693,20693,,2351.72
2024/11/19,20833,20833,,2371.48
2024/11/20,20743,20743,,2361.75
2024/11/21,20624,20624,,2351.39
2024/11/22,20729,20729,,2365.9
2024/11/25,20875,20875,,2382.45
2024/11/26,20676,20676,,2360.45
2024/11/27,20489,20489,,2343.9
2024/11/28,20658,20658,,2366.78
2024/11/29,20608,20608,,2360.28
2024/12/2,20868,20868,,2391.62
2024/12/3,21167,21167,,2437.19
2024/12/4,21067,21067,,2425.04
2024/12/5,21080,21080,,2425.5
2024/12/6,20964,20964,,2413.1
2024/12/9,21021,21021,,2420.85
2024/12/10,21073,21073,,2437.54
2024/12/11,21134,21134,,2446.33
2024/12/12,21316,21316,,2468.15
2024/12/13,21113,21113,,2442.21
2024/12/16,21049,21049,,2439.69
