ｅＭＡＸＩＳ Ｓｌｉｍ バランス（８資産均等型）,,,,
基準日,基準価額(円),基準価額（分配金再投資）(円),分配金（税引前）(円),純資産総額（億円）
2017/5/9,10019,10019,,0.1
2017/5/10,10051,10051,,0.1
2017/5/11,10090,10090,,2.74
2017/5/12,10067,10067,,3.61
2017/5/15,10051,10051,,4.36
2017/5/16,10101,10101,,5.08
2017/5/17,10049,10049,,6.4
2017/5/18,9931,9931,,6.67
2017/5/19,9899,9899,,7.22
2017/5/22,9961,9961,,7.86
2017/5/23,9964,9964,,8.17
2017/5/24,10002,10002,,9.08
2017/5/25,10027,10027,,9.7
2017/5/26,10040,10040,,10.01
2017/5/29,10012,10012,,10.19
2017/5/30,9987,9987,,10.4
2017/5/31,9970,9970,,10.38
2017/6/1,10000,10000,,10.41
2017/6/2,10075,10075,,11.63
2017/6/5,10042,10042,,11.95
2017/6/6,10014,10014,,12.08
2017/6/7,9975,9975,,12.48
2017/6/8,9980,9980,,12.69
2017/6/9,9974,9974,,13.01
2017/6/12,9995,9995,,13.33
2017/6/13,9978,9978,,13.5
2017/6/14,9994,9994,,13.52
2017/6/15,10009,10009,,14.59
2017/6/16,10049,10049,,14.76
2017/6/19,10067,10067,,15.17
2017/6/20,10121,10121,,15.48
2017/6/21,10061,10061,,16.14
2017/6/22,10039,10039,,15.52
2017/6/23,10059,10059,,15.76
2017/6/26,10074,10074,,15.71
2017/6/27,10140,10140,,16.02
2017/6/28,10118,10118,,16.54
2017/6/29,10166,10166,,16.8
2017/6/30,10087,10087,,16.99
2017/7/3,10088,10088,,17.11
2017/7/4,10140,10140,,17.67
2017/7/5,10124,10124,,19.24
2017/7/6,10110,10110,,19.21
2017/7/7,10065,10065,,19.59
2017/7/10,10120,10120,,19.77
2017/7/11,10133,10133,,20.04
2017/7/12,10098,10098,,20.48
2017/7/13,10140,10140,,20.83
2017/7/14,10160,10160,,20.96
2017/7/18,10166,10166,,21.57
2017/7/19,10180,10180,,21.95
2017/7/20,10224,10224,,23.04
2017/7/21,10230,10230,,23.25
2017/7/24,10162,10162,,23.34
2017/7/25,10187,10187,,23.57
2017/7/26,10211,10211,,24.28
2017/7/27,10205,10205,,24.71
2017/7/28,10218,10218,,25.02
2017/7/31,10171,10171,,25.21
2017/8/1,10184,10184,,25.55
2017/8/2,10201,10201,,26.13
2017/8/3,10226,10226,,26.68
2017/8/4,10176,10176,,26.83
2017/8/7,10205,10205,,27.09
2017/8/8,10226,10226,,27.46
2017/8/9,10155,10155,,27.27
2017/8/10,10145,10145,,28.13
2017/8/14,10021,10021,,28.29
2017/8/15,10121,10121,,28.96
2017/8/16,10145,10145,,29.6
2017/8/17,10142,10142,,30.09
2017/8/18,10077,10077,,30.11
2017/8/21,10061,10061,,30.39
2017/8/22,10073,10073,,30.77
2017/8/23,10122,10122,,31.39
2017/8/24,10099,10099,,31.73
2017/8/25,10133,10133,,32.05
2017/8/28,10135,10135,,32.19
2017/8/29,10104,10104,,32.39
2017/8/30,10172,10172,,32.6
2017/8/31,10221,10221,,33.29
2017/9/1,10227,10227,,33.39
2017/9/4,10204,10204,,33.49
2017/9/5,10165,10165,,33.73
2017/9/6,10112,10112,,33.56
2017/9/7,10171,10171,,34.77
2017/9/8,10158,10158,,34.91
2017/9/11,10163,10163,,35.18
2017/9/12,10255,10255,,35.7
2017/9/13,10297,10297,,36.29
2017/9/14,10303,10303,,36.57
2017/9/15,10304,10304,,36.6
2017/9/19,10410,10410,,36.81
2017/9/20,10416,10416,,37.18
2017/9/21,10447,10447,,37.85
2017/9/22,10420,10420,,38.13
2017/9/25,10438,10438,,38.42
2017/9/26,10351,10351,,38.24
2017/9/27,10378,10378,,39.07
2017/9/28,10384,10384,,39.36
2017/9/29,10386,10386,,39.63
2017/10/2,10413,10413,,40.04
2017/10/3,10424,10424,,40.24
2017/10/4,10424,10424,,40.24
2017/10/5,10447,10447,,42.4
2017/10/6,10444,10444,,42.6
2017/10/10,10425,10425,,42.52
2017/10/11,10431,10431,,43.13
2017/10/12,10463,10463,,43.9
2017/10/13,10466,10466,,44.22
2017/10/16,10484,10484,,44.54
2017/10/17,10495,10495,,44.81
2017/10/18,10491,10491,,45.75
2017/10/19,10554,10554,,46.13
2017/10/20,10526,10526,,46.26
2017/10/23,10577,10577,,46.87
2017/10/24,10546,10546,,47.07
2017/10/25,10545,10545,,47.76
2017/10/26,10521,10521,,48.22
2017/10/27,10520,10520,,48.6
2017/10/30,10524,10524,,48.99
2017/10/31,10491,10491,,49.07
2017/11/1,10552,10552,,49.9
2017/11/2,10596,10596,,50.4
2017/11/6,10601,10601,,50.95
2017/11/7,10613,10613,,51.2
2017/11/8,10622,10622,,52.03
2017/11/9,10638,10638,,52.23
2017/11/10,10578,10578,,52.26
2017/11/13,10562,10562,,51.76
2017/11/14,10568,10568,,52.2
2017/11/15,10523,10523,,52.77
2017/11/16,10501,10501,,52.76
2017/11/17,10563,10563,,53.44
2017/11/20,10538,10538,,53.46
2017/11/21,10584,10584,,54.33
2017/11/22,10605,10605,,55.24
2017/11/24,10580,10580,,55.47
2017/11/27,10590,10590,,55.77
2017/11/28,10540,10540,,56.12
2017/11/29,10592,10592,,56.82
2017/11/30,10608,10608,,57.23
2017/12/1,10629,10629,,57.43
2017/12/4,10630,10630,,57.76
2017/12/5,10625,10625,,58.19
2017/12/6,10588,10588,,58.83
2017/12/7,10574,10574,,59.23
2017/12/8,10627,10627,,59.93
2017/12/11,10695,10695,,60.88
2017/12/12,10703,10703,,61.28
2017/12/13,10693,10693,,62
2017/12/14,10688,10688,,62.55
2017/12/15,10638,10638,,62.05
2017/12/18,10688,10688,,63.68
2017/12/19,10715,10715,,64.3
2017/12/20,10720,10720,,65.09
2017/12/21,10718,10718,,65.37
2017/12/22,10731,10731,,65.96
2017/12/25,10738,10738,,66.67
2017/12/26,10746,10746,,67.46
2017/12/27,10768,10768,,67.59
2017/12/28,10788,10788,,67.72
2017/12/29,10780,10780,,69.82
2018/1/4,10868,10868,,70.73
2018/1/5,10901,10901,,71.68
2018/1/9,10968,10968,,73.53
2018/1/10,10901,10901,,73.88
2018/1/11,10821,10821,,74.87
2018/1/12,10819,10819,,75.73
2018/1/15,10853,10853,,76.91
2018/1/16,10867,10867,,77.41
2018/1/17,10865,10865,,77.39
2018/1/18,10933,10933,,79.78
2018/1/19,10929,10929,,80.31
2018/1/22,10930,10930,,80.93
2018/1/23,10992,10992,,81.95
2018/1/24,10989,10989,,83.26
2018/1/25,10954,10954,,83.52
2018/1/26,10957,10957,,84.2
2018/1/29,10912,10912,,85.48
2018/1/30,10863,10863,,85.1
2018/1/31,10796,10796,,85.76
2018/2/1,10879,10879,,86.7
2018/2/2,10871,10871,,87.27
2018/2/5,10770,10770,,87.2
2018/2/6,10490,10490,,85.28
2018/2/7,10503,10503,,85.99
2018/2/8,10503,10503,,85.53
2018/2/9,10333,10333,,84.55
2018/2/13,10358,10358,,85.41
2018/2/14,10307,10307,,85.27
2018/2/15,10321,10321,,85.6
2018/2/16,10371,10371,,86.42
2018/2/19,10428,10428,,87.55
2018/2/20,10447,10447,,87.71
2018/2/21,10450,10450,,87.74
2018/2/22,10412,10412,,89.93
2018/2/23,10423,10423,,90.34
2018/2/26,10499,10499,,91.41
2018/2/27,10539,10539,,92
2018/2/28,10464,10464,,92.32
2018/3/1,10349,10349,,91.71
2018/3/2,10289,10289,,91.44
2018/3/5,10214,10214,,91.43
2018/3/6,10299,10299,,92.71
2018/3/7,10291,10291,,93.22
2018/3/8,10327,10327,,93.75
2018/3/9,10365,10365,,94.34
2018/3/12,10435,10435,,95
2018/3/13,10437,10437,,95.21
2018/3/14,10457,10457,,96.65
2018/3/15,10427,10427,,96.54
2018/3/16,10423,10423,,96.69
2018/3/19,10371,10371,,96.77
2018/3/20,10361,10361,,96.98
2018/3/22,10359,10359,,97.43
2018/3/23,10204,10204,,96.41
2018/3/26,10146,10146,,96.13
2018/3/27,10280,10280,,97.83
2018/3/28,10272,10272,,98.53
2018/3/29,10355,10355,,99.61
2018/3/30,10353,10353,,99.92
2018/4/2,10360,10360,,100.26
2018/4/3,10291,10291,,99.59
2018/4/4,10353,10353,,100.18
2018/4/5,10393,10393,,101.6
2018/4/6,10412,10412,,101.91
2018/4/9,10378,10378,,101.58
2018/4/10,10387,10387,,102.23
2018/4/11,10433,10433,,103.36
2018/4/12,10426,10426,,103.71
2018/4/13,10445,10445,,104.22
2018/4/16,10445,10445,,104.52
2018/4/17,10433,10433,,104.69
2018/4/18,10493,10493,,106.23
2018/4/19,10530,10530,,106.89
2018/4/20,10502,10502,,106.95
2018/4/23,10478,10478,,106.87
2018/4/24,10512,10512,,107.97
2018/4/25,10514,10514,0,108.58
2018/4/26,10518,10518,,108.98
2018/4/27,10549,10549,,109.31
2018/5/1,10589,10589,,110.52
2018/5/2,10598,10598,,110.94
2018/5/7,10524,10524,,110.17
2018/5/8,10543,10543,,112.03
2018/5/9,10521,10521,,111.79
2018/5/10,10591,10591,,114
2018/5/11,10638,10638,,114.72
2018/5/14,10644,10644,,115.32
2018/5/15,10644,10644,,115.59
2018/5/16,10591,10591,,116.06
2018/5/17,10619,10619,,117.34
2018/5/18,10634,10634,,118.02
2018/5/21,10620,10620,,118.29
2018/5/22,10644,10644,,118.86
2018/5/23,10637,10637,,119.73
2018/5/24,10547,10547,,118.71
2018/5/25,10537,10537,,119.26
2018/5/28,10533,10533,,119.54
2018/5/29,10504,10504,,119.8
2018/5/30,10392,10392,,118.53
2018/5/31,10447,10447,,120.27
2018/6/1,10456,10456,,120.63
2018/6/4,10552,10552,,122.11
2018/6/5,10615,10615,,123.67
2018/6/6,10595,10595,,123.94
2018/6/7,10649,10649,,124.91
2018/6/8,10610,10610,,124.75
2018/6/11,10581,10581,,124.55
2018/6/12,10637,10637,,125.38
2018/6/13,10649,10649,,125.52
2018/6/14,10608,10608,,126.42
2018/6/15,10598,10598,,126.33
2018/6/18,10573,10573,,126.31
2018/6/19,10509,10509,,126.35
2018/6/20,10467,10467,,125.85
2018/6/21,10525,10525,,127.59
2018/6/22,10486,10486,,127.96
2018/6/25,10480,10480,,128.21
2018/6/26,10468,10468,,128.29
2018/6/27,10469,10469,,129.06
2018/6/28,10420,10420,,128.89
2018/6/29,10464,10464,,130.3
2018/7/2,10505,10505,,131.13
2018/7/3,10482,10482,,130.99
2018/7/4,10470,10470,,130.84
2018/7/5,10460,10460,,132.11
2018/7/6,10521,10521,,132.88
2018/7/9,10571,10571,,134.31
2018/7/10,10626,10626,,135.27
2018/7/11,10612,10612,,135.51
2018/7/12,10640,10640,,136.44
2018/7/13,10723,10723,,137.93
2018/7/17,10724,10724,,138.08
2018/7/18,10750,10750,,138.75
2018/7/19,10732,10732,,139.19
2018/7/20,10709,10709,,138.97
2018/7/23,10609,10609,,137.54
2018/7/24,10609,10609,,138.49
2018/7/25,10645,10645,,139.48
2018/7/26,10660,10660,,139.99
2018/7/27,10674,10674,,140.75
2018/7/30,10652,10652,,140.79
2018/7/31,10659,10659,,141.37
2018/8/1,10721,10721,,142.89
2018/8/2,10701,10701,,143.18
2018/8/3,10655,10655,,143.42
2018/8/6,10643,10643,,143.49
2018/8/7,10649,10649,,143.86
2018/8/8,10673,10673,,144.19
2018/8/9,10623,10623,,143.59
2018/8/10,10586,10586,,143.64
2018/8/13,10438,10438,,141.75
2018/8/14,10436,10436,,142.39
2018/8/15,10483,10483,,144
2018/8/16,10397,10397,,143.5
2018/8/17,10433,10433,,144.74
2018/8/20,10447,10447,,146.11
2018/8/21,10434,10434,,146.22
2018/8/22,10477,10477,,147.96
2018/8/23,10514,10514,,149.12
2018/8/24,10545,10545,,149.86
2018/8/27,10575,10575,,150.77
2018/8/28,10623,10623,,151.79
2018/8/29,10637,10637,,152
2018/8/30,10677,10677,,154.29
2018/8/31,10579,10579,,152.96
2018/9/3,10548,10548,,152.7
2018/9/4,10533,10533,,152.94
2018/9/5,10507,10507,,152.56
2018/9/6,10467,10467,,153.44
2018/9/7,10410,10410,,152.89
2018/9/10,10415,10415,,153.32
2018/9/11,10454,10454,,154.22
2018/9/12,10456,10456,,155.63
2018/9/13,10476,10476,,156.46
2018/9/14,10574,10574,,158.47
2018/9/18,10571,10571,,158.93
2018/9/19,10629,10629,,160.03
2018/9/20,10647,10647,,161.17
2018/9/21,10716,10716,,162.45
2018/9/25,10733,10733,,163.04
2018/9/26,10753,10753,,163.42
2018/9/27,10740,10740,,163.23
2018/9/28,10797,10797,,164.98
2018/10/1,10818,10818,,165.78
2018/10/2,10818,10818,,166.02
2018/10/3,10742,10742,,164.85
2018/10/4,10749,10749,,166.27
2018/10/5,10657,10657,,164.91
2018/10/9,10554,10554,,163.71
2018/10/10,10580,10580,,164.86
2018/10/11,10416,10416,,163.3
2018/10/12,10322,10322,,162.56
2018/10/15,10320,10320,,163.01
2018/10/16,10339,10339,,164.12
2018/10/17,10467,10467,,167.56
2018/10/18,10469,10469,,168.61
2018/10/19,10383,10383,,167.22
2018/10/22,10407,10407,,168.55
2018/10/23,10376,10376,,168.27
2018/10/24,10325,10325,,168.72
2018/10/25,10207,10207,,167.08
2018/10/26,10255,10255,,168.15
2018/10/29,10191,10191,,167.34
2018/10/30,10225,10225,,168.3
2018/10/31,10313,10313,,170.79
2018/11/1,10304,10304,,170.89
2018/11/2,10394,10394,,172.73
2018/11/5,10424,10424,,174.24
2018/11/6,10463,10463,,175.24
2018/11/7,10486,10486,,176.43
2018/11/8,10588,10588,,178.4
2018/11/9,10568,10568,,178.55
2018/11/12,10535,10535,,178.51
2018/11/13,10436,10436,,176.93
2018/11/14,10471,10471,,177.53
2018/11/15,10457,10457,,178.57
2018/11/16,10465,10465,,179.21
2018/11/19,10465,10465,,179.93
2018/11/20,10437,10437,,179.86
2018/11/21,10373,10373,,179.18
2018/11/22,10424,10424,,180.73
2018/11/26,10413,10413,,180.85
2018/11/27,10478,10478,,181.99
2018/11/28,10516,10516,,183.86
2018/11/29,10568,10568,,185.34
2018/11/30,10588,10588,,186.03
2018/12/3,10620,10620,,186.74
2018/12/4,10646,10646,,187.75
2018/12/5,10535,10535,,187.04
2018/12/6,10496,10496,,186.22
2018/12/7,10488,10488,,186.08
2018/12/10,10405,10405,,185.67
2018/12/11,10371,10371,,185.56
2018/12/12,10430,10430,,187.68
2018/12/13,10464,10464,,188.9
2018/12/14,10477,10477,,189.96
2018/12/17,10422,10422,,189.67
2018/12/18,10294,10294,,187.03
2018/12/19,10272,10272,,187.67
2018/12/20,10214,10214,,188.5
2018/12/21,10078,10078,,186.32
2018/12/25,9823,9823,,182.32
2018/12/26,9886,9886,,182.44
2018/12/27,10044,10044,,185.36
2018/12/28,10058,10058,,185.62
2019/1/4,9831,9831,,183.3
2019/1/7,10016,10016,,187.16
2019/1/8,10074,10074,,190.72
2019/1/9,10120,10120,,192.59
2019/1/10,10135,10135,,193.3
2019/1/11,10189,10189,,194.75
2019/1/15,10170,10170,,194.98
2019/1/16,10209,10209,,196.16
2019/1/17,10274,10274,,198.79
2019/1/18,10322,10322,,200.08
2019/1/21,10373,10373,,201.46
2019/1/22,10361,10361,,201.63
2019/1/23,10302,10302,,200.48
2019/1/24,10338,10338,,202.35
2019/1/25,10387,10387,,203.62
2019/1/28,10424,10424,,204.58
2019/1/29,10421,10421,,204.89
2019/1/30,10439,10439,,205.25
2019/1/31,10492,10492,,207.27
2019/2/1,10535,10535,,208.33
2019/2/4,10575,10575,,209.39
2019/2/5,10611,10611,,210.76
2019/2/6,10619,10619,,211.15
2019/2/7,10582,10582,,210.41
2019/2/8,10535,10535,,209.47
2019/2/12,10586,10586,,210.5
2019/2/13,10627,10627,,212.14
2019/2/14,10641,10641,,213.54
2019/2/15,10599,10599,,212.83
2019/2/18,10638,10638,,213.83
2019/2/19,10660,10660,,215.21
2019/2/20,10697,10697,,215.96
2019/2/21,10703,10703,,217.79
2019/2/22,10703,10703,,218.35
2019/2/25,10755,10755,,219.63
2019/2/26,10778,10778,,220.48
2019/2/27,10758,10758,,220.68
2019/2/28,10745,10745,,220.81
2019/3/1,10762,10762,,221.65
2019/3/4,10803,10803,,223.13
2019/3/5,10794,10794,,225.01
2019/3/6,10780,10780,,224.87
2019/3/7,10752,10752,,224.37
2019/3/8,10671,10671,,222.81
2019/3/11,10639,10639,,222.33
2019/3/12,10748,10748,,224.42
2019/3/13,10754,10754,,225.35
2019/3/14,10782,10782,,226.75
2019/3/15,10832,10832,,228.27
2019/3/18,10850,10850,,228.68
2019/3/19,10864,10864,,230.09
2019/3/20,10887,10887,,230.95
2019/3/22,10880,10880,,231.09
2019/3/25,10732,10732,,228.52
2019/3/26,10784,10784,,229.99
2019/3/27,10853,10853,,232.05
2019/3/28,10787,10787,,231.15
2019/3/29,10835,10835,,232.79
2019/4/1,10864,10864,,233.76
2019/4/2,10921,10921,,235.39
2019/4/3,10945,10945,,237.73
2019/4/4,10960,10960,,238.09
2019/4/5,10976,10976,,238.42
2019/4/8,10967,10967,,238.3
2019/4/9,10965,10965,,238.26
2019/4/10,10932,10932,,238.35
2019/4/11,10963,10963,,239.6
2019/4/12,10984,10984,,241.16
2019/4/15,11031,11031,,242.75
2019/4/16,11022,11022,,243.6
2019/4/17,11007,11007,,244.01
2019/4/18,10984,10984,,244.48
2019/4/19,10985,10985,,244.58
2019/4/22,10996,10996,,245.11
2019/4/23,10973,10973,,244.61
2019/4/24,10988,10988,,244.94
2019/4/25,11004,11004,0,246.5
2019/4/26,10952,10952,,245.96
2019/5/7,10877,10877,,244.27
2019/5/8,10767,10767,,242.85
2019/5/9,10722,10722,,245.53
2019/5/10,10689,10689,,245.33
2019/5/13,10705,10705,,246.18
2019/5/14,10628,10628,,245.37
2019/5/15,10668,10668,,246.31
2019/5/16,10685,10685,,247.88
2019/5/17,10738,10738,,250.6
2019/5/20,10739,10739,,251.76
2019/5/21,10702,10702,,251.67
2019/5/22,10744,10744,,253.6
2019/5/23,10729,10729,,253.94
2019/5/24,10671,10671,,253.09
2019/5/27,10680,10680,,254.51
2019/5/28,10685,10685,,255.23
2019/5/29,10645,10645,,254.28
2019/5/30,10634,10634,,255.95
2019/5/31,10591,10591,,255.08
2019/6/3,10522,10522,,253.94
2019/6/4,10536,10536,,254.41
2019/6/5,10596,10596,,258.76
2019/6/6,10639,10639,,260.28
2019/6/7,10679,10679,,261.97
2019/6/10,10738,10738,,263.69
2019/6/11,10769,10769,,264.47
2019/6/12,10806,10806,,265.38
2019/6/13,10770,10770,,266.61
2019/6/14,10788,10788,,267.72
2019/6/17,10771,10771,,268.41
2019/6/18,10764,10764,,268.54
2019/6/19,10836,10836,,271.78
2019/6/20,10855,10855,,272.62
2019/6/21,10864,10864,,272.95
2019/6/24,10847,10847,,273.24
2019/6/25,10846,10846,,273.79
2019/6/26,10805,10805,,273.97
2019/6/27,10818,10818,,275.15
2019/6/28,10853,10853,,276.69
2019/7/1,10937,10937,,279.44
2019/7/2,10977,10977,,281.02
2019/7/3,10958,10958,,280.52
2019/7/4,11018,11018,,285.82
2019/7/5,11044,11044,,286.67
2019/7/8,11025,11025,,286.16
2019/7/9,11032,11032,,286.71
2019/7/10,11033,11033,,287.48
2019/7/11,11031,11031,,287.95
2019/7/12,11032,11032,,289.55
2019/7/16,11015,11015,,289.45
2019/7/17,11026,11026,,290.57
2019/7/18,10953,10953,,290.93
2019/7/19,10986,10986,,292.36
2019/7/22,10978,10978,,292.5
2019/7/23,10986,10986,,293.08
2019/7/24,11018,11018,,295.84
2019/7/25,11030,11030,,296.56
2019/7/26,11046,11046,,297.26
2019/7/29,11017,11017,,297.3
2019/7/30,11053,11053,,298.58
2019/7/31,11024,11024,,299.05
2019/8/1,11012,11012,,299.08
2019/8/2,10837,10837,,294.77
2019/8/5,10733,10733,,295.16
2019/8/6,10602,10602,,291.4
2019/8/7,10645,10645,,292.59
2019/8/8,10663,10663,,294.5
2019/8/9,10737,10737,,297.88
2019/8/13,10638,10638,,295.84
2019/8/14,10725,10725,,299.17
2019/8/15,10635,10635,,298.91
2019/8/16,10674,10674,,300.52
2019/8/19,10744,10744,,304.73
2019/8/20,10791,10791,,306.91
2019/8/21,10755,10755,,306.58
2019/8/22,10796,10796,,308.62
2019/8/23,10786,10786,,308.9
2019/8/26,10624,10624,,304.7
2019/8/27,10675,10675,,306.45
2019/8/28,10683,10683,,306.65
2019/8/29,10719,10719,,309.63
2019/8/30,10790,10790,,310.96
2019/9/2,10781,10781,,311.06
2019/9/3,10789,10789,,311.59
2019/9/4,10778,10778,,311.27
2019/9/5,10907,10907,,319.23
2019/9/6,10970,10970,,320.86
2019/9/9,11010,11010,,322.91
2019/9/10,11029,11029,,323.76
2019/9/11,11038,11038,,324.67
2019/9/12,11093,11093,,326.73
2019/9/13,11157,11157,,329.16
2019/9/17,11132,11132,,329.85
2019/9/18,11137,11137,,330.17
2019/9/19,11167,11167,,331.42
2019/9/20,11153,11153,,331.11
2019/9/24,11126,11126,,330.5
2019/9/25,11092,11092,,330.47
2019/9/26,11127,11127,,332.26
2019/9/27,11152,11152,,334.14
2019/9/30,11123,11123,,333.77
2019/10/1,11143,11143,,334.98
2019/10/2,11085,11085,,334.09
2019/10/3,10990,10990,,331.23
2019/10/4,11038,11038,,338.19
2019/10/7,11071,11071,,339.77
2019/10/8,11115,11115,,341.76
2019/10/9,11077,11077,,340.59
2019/10/10,11092,11092,,342.37
2019/10/11,11170,11170,,345.23
2019/10/15,11260,11260,,349.53
2019/10/16,11320,11320,,351.93
2019/10/17,11329,11329,,354.79
2019/10/18,11341,11341,,356.77
2019/10/21,11355,11355,,357.47
2019/10/23,11382,11382,,358.75
2019/10/24,11411,11411,,360.7
2019/10/25,11424,11424,,361.9
2019/10/28,11422,11422,,362.48
2019/10/29,11461,11461,,364.79
2019/10/30,11451,11451,,365.37
2019/10/31,11478,11478,,366.2
2019/11/1,11425,11425,,364.72
2019/11/5,11540,11540,,369.25
2019/11/6,11516,11516,,373.13
2019/11/7,11508,11508,,374.87
2019/11/8,11494,11494,,374.99
2019/11/11,11442,11442,,373.95
2019/11/12,11403,11403,,373.31
2019/11/13,11350,11350,,371.58
2019/11/14,11332,11332,,372.94
2019/11/15,11362,11362,,375.07
2019/11/18,11432,11432,,377.66
2019/11/19,11435,11435,,380.29
2019/11/20,11476,11476,,383.49
2019/11/21,11444,11444,,383.41
2019/11/22,11420,11420,,383.91
2019/11/25,11439,11439,,385.37
2019/11/26,11487,11487,,387.76
2019/11/27,11520,11520,,390.72
2019/11/28,11545,11545,,392.27
2019/11/29,11540,11540,,392.47
2019/12/2,11524,11524,,391.96
2019/12/3,11439,11439,,390.19
2019/12/4,11395,11395,,394.2
2019/12/5,11437,11437,,396.25
2019/12/6,11451,11451,,397.59
2019/12/9,11463,11463,,399.18
2019/12/10,11470,11470,,399.87
2019/12/11,11452,11452,,400.67
2019/12/12,11452,11452,,401.94
2019/12/13,11538,11538,,406.35
2019/12/16,11537,11537,,407.48
2019/12/17,11582,11582,,411.02
2019/12/18,11575,11575,,412.63
2019/12/19,11604,11604,,414.91
2019/12/20,11585,11585,,414.71
2019/12/23,11595,11595,,415.21
2019/12/24,11606,11606,,416.11
2019/12/25,11611,11611,,417.24
2019/12/26,11649,11649,,418.64
2019/12/27,11677,11677,,419.68
2019/12/30,11697,11697,,420.38
2020/1/6,11592,11592,,419.87
2020/1/7,11623,11623,,422.05
2020/1/8,11526,11526,,424.5
2020/1/9,11653,11653,,431.09
2020/1/10,11707,11707,,433.39
2020/1/14,11805,11805,,438.07
2020/1/15,11773,11773,,438.16
2020/1/16,11796,11796,,440.92
2020/1/17,11859,11859,,444.76
2020/1/20,11878,11878,,447.05
2020/1/21,11866,11866,,447.34
2020/1/22,11846,11846,,446.59
2020/1/23,11838,11838,,450.82
2020/1/24,11828,11828,,451.32
2020/1/27,11751,11751,,449.11
2020/1/28,11669,11669,,446.72
2020/1/29,11708,11708,,448.21
2020/1/30,11689,11689,,447.49
2020/1/31,11678,11678,,450.84
2020/2/3,11566,11566,,447.68
2020/2/4,11590,11590,,449.45
2020/2/5,11737,11737,,459.97
2020/2/6,11807,11807,,463.25
2020/2/7,11835,11835,,465.64
2020/2/10,11776,11776,,462.95
2020/2/12,11842,11842,,466.2
2020/2/13,11867,11867,,468.9
2020/2/14,11859,11859,,469.52
2020/2/17,11866,11866,,471.98
2020/2/18,11856,11856,,474.22
2020/2/19,11843,11843,,473.69
2020/2/20,11947,11947,,479.59
2020/2/21,11983,11983,,481.46
2020/2/25,11716,11716,,471.95
2020/2/26,11570,11570,,466.54
2020/2/27,11471,11471,,465.09
2020/2/28,11155,11155,,452.76
2020/3/2,10958,10958,,445.05
2020/3/3,11107,11107,,450.1
2020/3/4,11082,11082,,455.09
2020/3/5,11240,11240,,462.88
2020/3/6,11016,11016,,454.32
2020/3/9,10498,10498,,434.04
2020/3/10,10302,10302,,426.96
2020/3/11,10463,10463,,433.91
2020/3/12,10124,10124,,420.99
2020/3/13,9551,9551,,398.13
2020/3/16,9740,9740,,406.42
2020/3/17,9289,9289,,387.76
2020/3/18,9279,9279,,390.66
2020/3/19,8858,8858,,374.11
2020/3/23,9067,9067,,384.34
2020/3/24,9112,9112,,387
2020/3/25,9630,9630,,410.69
2020/3/26,9711,9711,,415.53
2020/3/27,9825,9825,,422.91
2020/3/30,9719,9719,,420.07
2020/3/31,9786,9786,,424
2020/4/1,9610,9610,,417.28
2020/4/2,9390,9390,,408.91
2020/4/3,9413,9413,,416.27
2020/4/6,9421,9421,,417.38
2020/4/7,9749,9749,,432.45
2020/4/8,9839,9839,,437.58
2020/4/9,9947,9947,,443.57
2020/4/10,10063,10063,,449.77
2020/4/13,10026,10026,,448.87
2020/4/14,9958,9958,,445.83
2020/4/15,10014,10014,,448.33
2020/4/16,9927,9927,,450.36
2020/4/17,9971,9971,,453.83
2020/4/20,10073,10073,,459.33
2020/4/21,9945,9945,,454.1
2020/4/22,9830,9830,,450.84
2020/4/23,9930,9930,,456.11
2020/4/24,9895,9895,,455.07
2020/4/27,9945,9945,0,457.75
2020/4/28,10001,10001,,461.43
2020/4/30,10147,10147,,469.87
2020/5/1,10115,10115,,469.26
2020/5/7,9892,9892,,458.96
2020/5/8,10048,10048,,466.2
2020/5/11,10192,10192,,482.76
2020/5/12,10162,10162,,481.34
2020/5/13,10035,10035,,478.34
2020/5/14,9933,9933,,474.85
2020/5/15,9941,9941,,475.09
2020/5/18,9943,9943,,475.94
2020/5/19,10143,10143,,487.41
2020/5/20,10208,10208,,491.8
2020/5/21,10252,10252,,494.22
2020/5/22,10245,10245,,497.03
2020/5/25,10241,10241,,497.56
2020/5/26,10314,10314,,502.01
2020/5/27,10428,10428,,507.54
2020/5/28,10521,10521,,515.38
2020/5/29,10513,10513,,516.09
2020/6/1,10518,10518,,517.12
2020/6/2,10623,10623,,523.15
2020/6/3,10814,10814,,540.1
2020/6/4,10895,10895,,544.68
2020/6/5,10928,10928,,546.33
2020/6/8,11102,11102,,555.1
2020/6/9,11076,11076,,554.39
2020/6/10,11019,11019,,551.55
2020/6/11,10869,10869,,543.87
2020/6/12,10631,10631,,532.82
2020/6/15,10611,10611,,532.19
2020/6/16,10735,10735,,540.07
2020/6/17,10807,10807,,545.34
2020/6/18,10757,10757,,543.53
2020/6/19,10716,10716,,540.91
2020/6/22,10679,10679,,539.88
2020/6/23,10730,10730,,542.92
2020/6/24,10740,10740,,544.73
2020/6/25,10648,10648,,540.57
2020/6/26,10706,10706,,543.96
2020/6/29,10599,10599,,538.52
2020/6/30,10668,10668,,541.96
2020/7/1,10700,10700,,544.38
2020/7/2,10737,10737,,547.07
2020/7/3,10795,10795,,550.02
2020/7/6,10827,10827,,558.57
2020/7/7,10875,10875,,561.07
2020/7/8,10816,10816,,558.44
2020/7/9,10839,10839,,560.41
2020/7/10,10779,10779,,557.73
2020/7/13,10812,10812,,559.7
2020/7/14,10813,10813,,561.18
2020/7/15,10864,10864,,564.71
2020/7/16,10856,10856,,564.52
2020/7/17,10822,10822,,565.82
2020/7/20,10864,10864,,568.51
2020/7/21,10873,10873,,569.29
2020/7/22,10916,10916,,572.83
2020/7/27,10827,10827,,568.88
2020/7/28,10838,10838,,569.81
2020/7/29,10835,10835,,571.37
2020/7/30,10864,10864,,573.37
2020/7/31,10789,10789,,569.64
2020/8/3,10883,10883,,575.04
2020/8/4,10928,10928,,577.61
2020/8/5,10956,10956,,579.05
2020/8/6,10960,10960,,586.32
2020/8/7,10965,10965,,586.92
2020/8/11,11007,11007,,589.34
2020/8/12,11039,11039,,591.46
2020/8/13,11112,11112,,596.34
2020/8/14,11103,11103,,596.05
2020/8/17,11066,11066,,594.46
2020/8/18,11058,11058,,596.7
2020/8/19,11019,11019,,595.81
2020/8/20,11020,11020,,595.95
2020/8/21,11035,11035,,596.99
2020/8/24,11047,11047,,598.72
2020/8/25,11135,11135,,603.8
2020/8/26,11172,11172,,606.4
2020/8/27,11143,11143,,605.64
2020/8/28,11184,11184,,608.2
2020/8/31,11172,11172,,607.72
2020/9/1,11140,11140,,606.08
2020/9/2,11195,11195,,609.08
2020/9/3,11271,11271,,620.65
2020/9/4,11180,11180,,616.05
2020/9/7,11122,11122,,612.96
2020/9/8,11125,11125,,613.5
2020/9/9,11019,11019,,607.62
2020/9/10,11100,11100,,613.59
2020/9/11,11054,11054,,611.46
2020/9/14,11078,11078,,614.06
2020/9/15,11128,11128,,617.18
2020/9/16,11153,11153,,622.12
2020/9/17,11139,11139,,622.4
2020/9/18,11068,11068,,618.99
2020/9/23,10922,10922,,611.42
2020/9/24,10859,10859,,608.27
2020/9/25,10878,10878,,611.19
2020/9/28,10926,10926,,614.41
2020/9/29,11006,11006,,620.13
2020/9/30,10981,10981,,619.78
2020/10/1,10996,10996,,620.96
2020/10/2,11022,11022,,622.85
2020/10/5,11071,11071,,625.58
2020/10/6,11147,11147,,629.89
2020/10/7,11118,11118,,628.23
2020/10/8,11183,11183,,640.14
2020/10/9,11213,11213,,641.92
2020/10/12,11215,11215,,642.35
2020/10/13,11242,11242,,644.08
2020/10/14,11202,11202,,641.75
2020/10/15,11148,11148,,640.37
2020/10/16,11095,11095,,637.49
2020/10/19,11121,11121,,642.34
2020/10/20,11084,11084,,640.5
2020/10/21,11111,11111,,642.64
2020/10/22,11044,11044,,639.47
2020/10/23,11060,11060,,640.86
2020/10/26,11053,11053,,640.86
2020/10/27,11005,11005,,638.5
2020/10/28,10935,10935,,634.46
2020/10/29,10840,10840,,630.72
2020/10/30,10814,10814,,629.79
2020/11/2,10807,10807,,629.66
2020/11/4,10977,10977,,639.87
2020/11/5,11078,11078,,653.89
2020/11/6,11138,11138,,658.25
2020/11/9,11171,11171,,660.83
2020/11/10,11406,11406,,674.27
2020/11/11,11466,11466,,677.77
2020/11/12,11481,11481,,678.84
2020/11/13,11387,11387,,673.28
2020/11/16,11447,11447,,674.18
2020/11/17,11508,11508,,679.88
2020/11/18,11463,11463,,678.23
2020/11/19,11412,11412,,674.84
2020/11/20,11425,11425,,675.6
2020/11/24,11524,11524,,680.68
2020/11/25,11575,11575,,684.74
2020/11/26,11577,11577,,685.18
2020/11/27,11585,11585,,685.45
2020/11/30,11539,11539,,682.72
2020/12/1,11521,11521,,681.67
2020/12/2,11597,11597,,686.51
2020/12/3,11609,11609,,695.09
2020/12/4,11620,11620,,696
2020/12/7,11658,11658,,698.47
2020/12/8,11662,11662,,698.76
2020/12/9,11692,11692,,701.09
2020/12/10,11674,11674,,700.13
2020/12/11,11681,11681,,700.5
2020/12/14,11692,11692,,702.85
2020/12/15,11677,11677,,702.62
2020/12/16,11717,11717,,705.59
2020/12/17,11734,11734,,710.16
2020/12/18,11752,11752,,711.59
2020/12/21,11698,11698,,709
2020/12/22,11639,11639,,706.12
2020/12/23,11666,11666,,709.35
2020/12/24,11698,11698,,711.92
2020/12/25,11695,11695,,712.13
2020/12/28,11742,11742,,715.29
2020/12/29,11820,11820,,720.02
2020/12/30,11815,11815,,719.72
2021/1/4,11805,11805,,721.08
2021/1/5,11788,11788,,720.28
2021/1/6,11773,11773,,727.33
2021/1/7,11852,11852,,733.2
2021/1/8,11933,11933,,738.4
2021/1/12,11953,11953,,739.79
2021/1/13,11935,11935,,739.26
2021/1/14,11987,11987,,743.01
2021/1/15,11984,11984,,743.14
2021/1/18,11948,11948,,741.24
2021/1/19,11970,11970,,743.68
2021/1/20,12021,12021,,746.86
2021/1/21,12075,12075,,754.36
2021/1/22,12070,12070,,754.88
2021/1/25,12062,12062,,754.69
2021/1/26,12064,12064,,755.2
2021/1/27,12087,12087,,757.98
2021/1/28,12030,12030,,754.39
2021/1/29,12042,12042,,756.03
2021/2/1,11999,11999,,753.84
2021/2/2,12087,12087,,759.17
2021/2/3,12186,12186,,773.12
2021/2/4,12201,12201,,774.41
2021/2/5,12263,12263,,778.58
2021/2/8,12352,12352,,783.94
2021/2/9,12347,12347,,783.94
2021/2/10,12352,12352,,784.91
2021/2/12,12429,12429,,789.93
2021/2/15,12491,12491,,794.98
2021/2/16,12587,12587,,801.08
2021/2/17,12562,12562,,799.5
2021/2/18,12488,12488,,799.83
2021/2/19,12449,12449,,797.71
2021/2/22,12453,12453,,798.85
2021/2/24,12425,12425,,797.24
2021/2/25,12503,12503,,803.94
2021/2/26,12329,12329,,793.73
2021/3/1,12291,12291,,792.06
2021/3/2,12388,12388,,798.77
2021/3/3,12376,12376,,807.74
2021/3/4,12349,12349,,806.78
2021/3/5,12325,12325,,805.54
2021/3/8,12367,12367,,808.57
2021/3/9,12365,12365,,808.88
2021/3/10,12405,12405,,812.41
2021/3/11,12470,12470,,817.34
2021/3/12,12605,12605,,827.28
2021/3/15,12645,12645,,830.66
2021/3/16,12720,12720,,836.35
2021/3/17,12716,12716,,837.77
2021/3/18,12745,12745,,840.17
2021/3/19,12680,12680,,839.42
2021/3/22,12612,12612,,835.69
2021/3/23,12622,12622,,837.11
2021/3/24,12517,12517,,832.14
2021/3/25,12503,12503,,832.31
2021/3/26,12588,12588,,838.71
2021/3/29,12679,12679,,846.36
2021/3/30,12695,12695,,848.57
2021/3/31,12738,12738,,852.95
2021/4/1,12736,12736,,853.33
2021/4/2,12823,12823,,860.16
2021/4/5,12846,12846,,871.05
2021/4/6,12819,12819,,869.26
2021/4/7,12851,12851,,871.44
2021/4/8,12834,12834,,870.28
2021/4/9,12850,12850,,875.44
2021/4/12,12843,12843,,876.86
2021/4/13,12815,12815,,875.46
2021/4/14,12807,12807,,877.46
2021/4/15,12817,12817,,878.89
2021/4/16,12880,12880,,887.04
2021/4/19,12879,12879,,888.94
2021/4/20,12823,12823,,885.92
2021/4/21,12768,12768,,883.12
2021/4/22,12814,12814,,887.7
2021/4/23,12797,12797,,887.83
2021/4/26,12841,12841,0,891.55
2021/4/27,12863,12863,,893.58
2021/4/28,12922,12922,,899.55
2021/4/30,12947,12947,,902.28
2021/5/6,12908,12908,,900.35
2021/5/7,12945,12945,,904.38
2021/5/10,12999,12999,,919.77
2021/5/11,12968,12968,,918.87
2021/5/12,12855,12855,,913.78
2021/5/13,12758,12758,,907.82
2021/5/14,12784,12784,,910.71
2021/5/17,12855,12855,,915.51
2021/5/18,12880,12880,,918.27
2021/5/19,12901,12901,,922.68
2021/5/20,12884,12884,,922.45
2021/5/21,12909,12909,,924.22
2021/5/24,12920,12920,,930.39
2021/5/25,12963,12963,,934.26
2021/5/26,12989,12989,,937.48
2021/5/27,13028,13028,,941.72
2021/5/28,13115,13115,,949.08
2021/5/31,13109,13109,,949.86
2021/6/1,13106,13106,,950.83
2021/6/2,13203,13203,,957.87
2021/6/3,13260,13260,,974.99
2021/6/4,13261,13261,,976.21
2021/6/7,13263,13263,,977.3
2021/6/8,13293,13293,,980.61
2021/6/9,13310,13310,,984.56
2021/6/10,13327,13327,,987.06
2021/6/11,13343,13343,,989.89
2021/6/14,13367,13367,,994.21
2021/6/15,13405,13405,,999.56
2021/6/16,13369,13369,,996.83
2021/6/17,13319,13319,,1001.17
2021/6/18,13243,13243,,997.17
2021/6/21,13142,13142,,991.54
2021/6/22,13256,13256,,1001.18
2021/6/23,13284,13284,,1005.86
2021/6/24,13322,13322,,1010.23
2021/6/25,13356,13356,,1014.15
2021/6/28,13368,13368,,1016.13
2021/6/29,13346,13346,,1015.96
2021/6/30,13319,13319,,1016.23
2021/7/1,13325,13325,,1017.81
2021/7/2,13400,13400,,1025.16
2021/7/5,13388,13388,,1024.25
2021/7/6,13378,13378,,1036.55
2021/7/7,13316,13316,,1031.78
2021/7/8,13311,13311,,1033.77
2021/7/9,13198,13198,,1027.45
2021/7/12,13313,13313,,1037.7
2021/7/13,13379,13379,,1043.5
2021/7/14,13364,13364,,1047.61
2021/7/15,13305,13305,,1044.86
2021/7/16,13305,13305,,1045.77
2021/7/19,13245,13245,,1046.27
2021/7/20,13108,13108,,1037.05
2021/7/21,13201,13201,,1045.52
2021/7/26,13301,13301,,1055.82
2021/7/27,13278,13278,,1054.7
2021/7/28,13215,13215,,1053.92
2021/7/29,13243,13243,,1057.08
2021/7/30,13245,13245,,1058.42
2021/8/2,13247,13247,,1059.53
2021/8/3,13238,13238,,1059.62
2021/8/4,13231,13231,,1059.02
2021/8/5,13307,13307,,1079.26
2021/8/6,13319,13319,,1080.49
2021/8/10,13297,13297,,1080.52
2021/8/11,13335,13335,,1084.28
2021/8/12,13332,13332,,1086.24
2021/8/13,13328,13328,,1086.76
2021/8/16,13246,13246,,1081.1
2021/8/17,13195,13195,,1081.04
2021/8/18,13192,13192,,1083.42
2021/8/19,13163,13163,,1082.14
2021/8/20,13089,13089,,1077.01
2021/8/23,13099,13099,,1078.39
2021/8/24,13150,13150,,1084.07
2021/8/25,13206,13206,,1089.14
2021/8/26,13256,13256,,1093.71
2021/8/27,13258,13258,,1095.15
2021/8/30,13332,13332,,1102.27
2021/8/31,13368,13368,,1105.94
2021/9/1,13437,13437,,1111.67
2021/9/2,13472,13472,,1116.01
2021/9/3,13509,13509,,1131.52
2021/9/6,13535,13535,,1134.45
2021/9/7,13556,13556,,1136.93
2021/9/8,13565,13565,,1137.72
2021/9/9,13511,13511,,1137.17
2021/9/10,13454,13454,,1133.27
2021/9/13,13446,13446,,1132.91
2021/9/14,13490,13490,,1138.21
2021/9/15,13400,13400,,1132.37
2021/9/16,13389,13389,,1135.63
2021/9/17,13389,13389,,1137.77
2021/9/21,13219,13219,,1124.47
2021/9/22,13169,13169,,1120.6
2021/9/24,13364,13364,,1139.7
2021/9/27,13356,13356,,1139.02
2021/9/28,13348,13348,,1140.52
2021/9/29,13282,13282,,1136.35
2021/9/30,13264,13264,,1135.71
2021/10/1,13118,13118,,1123.62
2021/10/4,13133,13133,,1126.29
2021/10/5,13066,13066,,1120.54
2021/10/6,13108,13108,,1124.14
2021/10/7,13103,13103,,1138.55
2021/10/8,13181,13181,,1146.49
2021/10/11,13261,13261,,1154.31
2021/10/12,13327,13327,,1162.06
2021/10/13,13353,13353,,1164.33
2021/10/14,13409,13409,,1173.38
2021/10/15,13552,13552,,1186.76
2021/10/18,13626,13626,,1193.3
2021/10/19,13624,13624,,1198.37
2021/10/20,13683,13683,,1205.07
2021/10/21,13664,13664,,1202.95
2021/10/22,13597,13597,,1199.01
2021/10/25,13585,13585,,1198.43
2021/10/26,13622,13622,,1202.58
2021/10/27,13660,13660,,1207.84
2021/10/28,13605,13605,,1204.57
2021/10/29,13628,13628,,1207.62
2021/11/1,13623,13623,,1208.17
2021/11/2,13628,13628,,1209.33
2021/11/4,13705,13705,,1229.75
2021/11/5,13664,13664,,1226.87
2021/11/8,13688,13688,,1229.6
2021/11/9,13634,13634,,1226.3
2021/11/10,13601,13601,,1225.29
2021/11/11,13642,13642,,1229.88
2021/11/12,13691,13691,,1236.06
2021/11/15,13692,13692,,1236.09
2021/11/16,13729,13729,,1242.25
2021/11/17,13737,13737,,1248.65
2021/11/18,13682,13682,,1244.86
2021/11/19,13688,13688,,1246.41
2021/11/22,13628,13628,,1241.79
2021/11/24,13638,13638,,1243.54
2021/11/25,13671,13671,,1249.08
2021/11/26,13605,13605,,1243.61
2021/11/29,13340,13340,,1219.39
2021/11/30,13338,13338,,1222.08
2021/12/1,13278,13278,,1217.54
2021/12/2,13208,13208,,1213.79
2021/12/3,13330,13330,,1239.12
2021/12/6,13277,13277,,1234.88
2021/12/7,13385,13385,,1245.66
2021/12/8,13515,13515,,1259.86
2021/12/9,13569,13569,,1266.19
2021/12/10,13499,13499,,1262.21
2021/12/13,13496,13496,,1262.85
2021/12/14,13472,13472,,1262.86
2021/12/15,13439,13439,,1261.16
2021/12/16,13525,13525,,1269.74
2021/12/17,13515,13515,,1274.27
2021/12/20,13380,13380,,1262.54
2021/12/21,13358,13358,,1261.19
2021/12/22,13452,13452,,1272.38
2021/12/23,13536,13536,,1283.51
2021/12/24,13582,13582,,1288.82
2021/12/27,13565,13565,,1288.25
2021/12/28,13688,13688,,1299.97
2021/12/29,13703,13703,,1301.32
2021/12/30,13702,13702,,1301.27
2022/1/4,13788,13788,,1313.09
2022/1/5,13820,13820,,1316.87
2022/1/6,13681,13681,,1315.22
2022/1/7,13638,13638,,1312.89
2022/1/11,13573,13573,,1303.97
2022/1/12,13648,13648,,1312.67
2022/1/13,13650,13650,,1316.89
2022/1/14,13542,13542,,1309.25
2022/1/17,13523,13523,,1308.15
2022/1/18,13520,13520,,1309.36
2022/1/19,13336,13336,,1291.57
2022/1/20,13260,13260,,1291.87
2022/1/21,13239,13239,,1288.19
2022/1/24,13217,13217,,1287.62
2022/1/25,13133,13133,,1280.21
2022/1/26,13098,13098,,1277.32
2022/1/27,13109,13109,,1279.69
2022/1/28,13134,13134,,1282.16
2022/1/31,13212,13212,,1291.07
2022/2/1,13257,13257,,1296.65
2022/2/2,13296,13296,,1301.15
2022/2/3,13313,13313,,1302.83
2022/2/4,13299,13299,,1301.52
2022/2/7,13283,13283,,1299.88
2022/2/8,13248,13248,,1312.93
2022/2/9,13312,13312,,1321.39
2022/2/10,13449,13449,,1337.45
2022/2/14,13251,13251,,1318.06
2022/2/15,13153,13153,,1309.89
2022/2/16,13296,13296,,1325.85
2022/2/17,13324,13324,,1333.87
2022/2/18,13237,13237,,1326.2
2022/2/21,13188,13188,,1322.24
2022/2/22,13085,13085,,1312.63
2022/2/24,12987,12987,,1302.79
2022/2/25,12955,12955,,1301.08
2022/2/28,13067,13067,,1312.73
2022/3/1,13042,13042,,1311.17
2022/3/2,12957,12957,,1304.76
2022/3/3,13013,13013,,1321.9
2022/3/4,12936,12936,,1315.13
2022/3/7,12776,12776,,1299.53
2022/3/8,12615,12615,,1283.67
2022/3/9,12591,12591,,1282.11
2022/3/10,12800,12800,,1305.53
2022/3/11,12773,12773,,1302.87
2022/3/14,12791,12791,,1305.94
2022/3/15,12760,12760,,1303.48
2022/3/16,12821,12821,,1310.44
2022/3/17,13083,13083,,1338.78
2022/3/18,13203,13203,,1351.76
2022/3/22,13329,13329,,1370.13
2022/3/23,13495,13495,,1388.01
2022/3/24,13484,13484,,1388.6
2022/3/25,13555,13555,,1395.73
2022/3/28,13579,13579,,1398.65
2022/3/29,13780,13780,,1420.64
2022/3/30,13758,13758,,1418.82
2022/3/31,13767,13767,,1419.78
2022/4/1,13705,13705,,1412.39
2022/4/4,13765,13765,,1419.5
2022/4/5,13797,13797,,1433.94
2022/4/6,13783,13783,,1433.26
2022/4/7,13685,13685,,1423.04
2022/4/8,13631,13631,,1418.66
2022/4/11,13696,13696,,1425.86
2022/4/12,13649,13649,,1423.49
2022/4/13,13669,13669,,1426.82
2022/4/14,13754,13754,,1436.79
2022/4/15,13744,13744,,1436.34
2022/4/18,13746,13746,,1441.05
2022/4/19,13769,13769,,1443.49
2022/4/20,13937,13937,,1461.02
2022/4/21,13916,13916,,1461.39
2022/4/22,13864,13864,,1456.76
2022/4/25,13726,13726,0,1442.26
2022/4/26,13591,13591,,1426.33
2022/4/27,13506,13506,,1417.38
2022/4/28,13580,13580,,1427.46
2022/5/2,13639,13639,,1434.67
2022/5/6,13569,13569,,1428.44
2022/5/9,13423,13423,,1413.12
2022/5/10,13188,13188,,1401.82
2022/5/11,13166,13166,,1399.5
2022/5/12,13105,13105,,1397.96
2022/5/13,13072,13072,,1395.46
2022/5/16,13219,13219,,1411.91
2022/5/17,13215,13215,,1412.89
2022/5/18,13344,13344,,1429.29
2022/5/19,13153,13153,,1410.27
2022/5/20,13118,13118,,1407.07
2022/5/23,13191,13191,,1417.98
2022/5/24,13218,13218,,1422.56
2022/5/25,13171,13171,,1418.7
2022/5/26,13223,13223,,1425.03
2022/5/27,13249,13249,,1429.29
2022/5/30,13410,13410,,1447.67
2022/5/31,13519,13519,,1460.04
2022/6/1,13574,13574,,1465.95
2022/6/2,13575,13575,,1468.03
2022/6/3,13624,13624,,1484.71
2022/6/6,13634,13634,,1485.78
2022/6/7,13736,13736,,1496.94
2022/6/8,13819,13819,,1507.52
2022/6/9,13882,13882,,1514.56
2022/6/10,13714,13714,,1498.73
2022/6/13,13543,13543,,1480.07
2022/6/14,13177,13177,,1441.5
2022/6/15,13118,13118,,1435.04
2022/6/16,13223,13223,,1453.06
2022/6/17,13032,13032,,1434.27
2022/6/20,13122,13122,,1445.99
2022/6/21,13159,13159,,1450.83
2022/6/22,13289,13289,,1465.15
2022/6/23,13272,13272,,1466.48
2022/6/24,13277,13277,,1467.76
2022/6/27,13391,13391,,1480.97
2022/6/28,13508,13508,,1494.71
2022/6/29,13497,13497,,1497.03
2022/6/30,13466,13466,,1494.81
2022/7/1,13349,13349,,1482.16
2022/7/4,13354,13354,,1483.85
2022/7/5,13431,13431,,1492.38
2022/7/6,13320,13320,,1480.13
2022/7/7,13345,13345,,1496.59
2022/7/8,13400,13400,,1503.99
2022/7/11,13456,13456,,1511.31
2022/7/12,13390,13390,,1506.79
2022/7/13,13346,13346,,1503.98
2022/7/14,13404,13404,,1512.04
2022/7/15,13398,13398,,1512.37
2022/7/19,13483,13483,,1526.91
2022/7/20,13611,13611,,1543.03
2022/7/21,13658,13658,,1549.64
2022/7/22,13643,13643,,1549.18
2022/7/25,13610,13610,,1545.48
2022/7/26,13623,13623,,1546.91
2022/7/27,13643,13643,,1550.61
2022/7/28,13672,13672,,1554.82
2022/7/29,13683,13683,,1557
2022/8/1,13648,13648,,1554.28
2022/8/2,13482,13482,,1535.81
2022/8/3,13579,13579,,1546.79
2022/8/4,13620,13620,,1564.1
2022/8/5,13638,13638,,1566.99
2022/8/8,13767,13767,,1582.27
2022/8/9,13759,13759,,1581.81
2022/8/10,13770,13770,,1586.87
2022/8/12,13798,13798,,1590.35
2022/8/15,13860,13860,,1599.71
2022/8/16,13864,13864,,1600.9
2022/8/17,13943,13943,,1616.12
2022/8/18,13927,13927,,1614.62
2022/8/19,13978,13978,,1621.15
2022/8/22,13932,13932,,1616.48
2022/8/23,13800,13800,,1601.75
2022/8/24,13740,13740,,1596.12
2022/8/25,13768,13768,,1600.22
2022/8/26,13856,13856,,1611.18
2022/8/29,13813,13813,,1607.61
2022/8/30,13826,13826,,1609.89
2022/8/31,13777,13777,,1604.18
2022/9/1,13751,13751,,1603.18
2022/9/2,13710,13710,,1599.62
2022/9/5,13715,13715,,1611.8
2022/9/6,13711,13711,,1612.11
2022/9/7,13830,13830,,1626.16
2022/9/8,14011,14011,,1648.95
2022/9/9,14010,14010,,1649.85
2022/9/12,14047,14047,,1657.12
2022/9/13,14122,14122,,1666.16
2022/9/14,14013,14013,,1653.31
2022/9/15,13885,13885,,1640.33
2022/9/16,13811,13811,,1636.93
2022/9/20,13773,13773,,1634.14
2022/9/21,13696,13696,,1625.43
2022/9/22,13648,13648,,1622.14
2022/9/26,13310,13310,,1583.28
2022/9/27,13197,13197,,1569.91
2022/9/28,13111,13111,,1562.27
2022/9/29,13212,13212,,1575.56
2022/9/30,13153,13153,,1569.43
2022/10/3,13177,13177,,1573.01
2022/10/4,13357,13357,,1595.8
2022/10/5,13452,13452,,1607.18
2022/10/6,13468,13468,,1609.1
2022/10/7,13362,13362,,1610.26
2022/10/11,13171,13171,,1587.78
2022/10/12,13145,13145,,1585.38
2022/10/13,13135,13135,,1588.55
2022/10/14,13248,13248,,1603.13
2022/10/17,13214,13214,,1600.73
2022/10/18,13372,13372,,1625.2
2022/10/19,13444,13444,,1635.65
2022/10/20,13364,13364,,1627.01
2022/10/21,13341,13341,,1625.04
2022/10/24,13320,13320,,1623.87
2022/10/25,13337,13337,,1626.86
2022/10/26,13485,13485,,1646.1
2022/10/27,13434,13434,,1641.3
2022/10/28,13476,13476,,1647.23
2022/10/31,13632,13632,,1666.78
2022/11/1,13660,13660,,1670.69
2022/11/2,13609,13609,,1665.34
2022/11/4,13464,13464,,1658.77
2022/11/7,13531,13531,,1668.04
2022/11/8,13591,13591,,1675.88
2022/11/9,13585,13585,,1676.26
2022/11/10,13562,13562,,1676.85
2022/11/11,13618,13618,,1683.95
2022/11/14,13557,13557,,1677.72
2022/11/15,13570,13570,,1679.29
2022/11/16,13603,13603,,1684.6
2022/11/17,13578,13578,,1687.83
2022/11/18,13582,13582,,1689.16
2022/11/21,13618,13618,,1694.51
2022/11/22,13704,13704,,1705.97
2022/11/24,13659,13659,,1702.22
2022/11/25,13681,13681,,1705.84
2022/11/28,13659,13659,,1703.19
2022/11/29,13560,13560,,1692.36
2022/11/30,13620,13620,,1701.65
2022/12/1,13630,13630,,1703.41
2022/12/2,13534,13534,,1691.98
2022/12/5,13483,13483,,1697.52
2022/12/6,13542,13542,,1705.7
2022/12/7,13532,13532,,1705.45
2022/12/8,13482,13482,,1700.22
2022/12/9,13565,13565,,1711.39
2022/12/12,13530,13530,,1710.2
2022/12/13,13589,13589,,1718.13
2022/12/14,13550,13550,,1715.4
2022/12/15,13561,13561,,1717.45
2022/12/16,13585,13585,,1721.35
2022/12/19,13370,13370,,1700.66
2022/12/20,13114,13114,,1668.88
2022/12/21,12938,12938,,1647.74
2022/12/22,13056,13056,,1664.97
2022/12/23,13038,13038,,1664.22
2022/12/26,13029,13029,,1664.08
2022/12/27,13104,13104,,1674.25
2022/12/28,13134,13134,,1678.1
2022/12/29,13088,13088,,1672.15
2022/12/30,13058,13058,,1673.25
2023/1/4,12903,12903,,1653.85
2023/1/5,13070,13070,,1675.83
2023/1/6,13104,13104,,1690.63
2023/1/10,13192,13192,,1705.03
2023/1/11,13248,13248,,1712.96
2023/1/12,13314,13314,,1725.96
2023/1/13,13197,13197,,1711.54
2023/1/16,13105,13105,,1700.41
2023/1/17,13133,13133,,1704.56
2023/1/18,13355,13355,,1733.46
2023/1/19,13119,13119,,1711.6
2023/1/20,13136,13136,,1714.64
2023/1/23,13273,13273,,1732.66
2023/1/24,13415,13415,,1752.6
2023/1/25,13433,13433,,1754.99
2023/1/26,13368,13368,,1746.44
2023/1/27,13449,13449,,1757.1
2023/1/30,13509,13509,,1764.87
2023/1/31,13424,13424,,1756.05
2023/2/1,13422,13422,,1756.39
2023/2/2,13412,13412,,1755.79
2023/2/3,13496,13496,,1777.93
2023/2/6,13649,13649,,1799.16
2023/2/7,13563,13563,,1787.66
2023/2/8,13471,13471,,1776.23
2023/2/9,13495,13495,,1779.52
2023/2/10,13477,13477,,1779.75
2023/2/13,13434,13434,,1774.31
2023/2/14,13537,13537,,1789.48
2023/2/15,13530,13530,,1789.31
2023/2/16,13603,13603,,1804.29
2023/2/17,13578,13578,,1802.34
2023/2/20,13575,13575,,1802.82
2023/2/21,13567,13567,,1801.8
2023/2/22,13492,13492,,1791.84
2023/2/24,13479,13479,,1791.95
2023/2/27,13525,13525,,1798.31
2023/2/28,13551,13551,,1802.55
2023/3/1,13505,13505,,1797.7
2023/3/2,13523,13523,,1801.55
2023/3/3,13581,13581,,1820.4
2023/3/6,13630,13630,,1828.44
2023/3/7,13658,13658,,1832.07
2023/3/8,13626,13626,,1827.96
2023/3/9,13636,13636,,1829.38
2023/3/10,13471,13471,,1809.83
2023/3/13,13293,13293,,1786.13
2023/3/14,13239,13239,,1780.4
2023/3/15,13318,13318,,1790.85
2023/3/16,13168,13168,,1771.26
2023/3/17,13200,13200,,1777.26
2023/3/20,13106,13106,,1770.62
2023/3/22,13184,13184,,1781.59
2023/3/23,13044,13044,,1764.27
2023/3/24,13052,13052,,1766.74
2023/3/27,13076,13076,,1770.64
2023/3/28,13099,13099,,1775.23
2023/3/29,13181,13181,,1788.61
2023/3/30,13343,13343,,1812.12
2023/3/31,13479,13479,,1830.88
2023/4/3,13562,13562,,1842.85
2023/4/4,13556,13556,,1842.89
2023/4/5,13440,13440,,1837.89
2023/4/6,13366,13366,,1828.36
2023/4/7,13416,13416,,1835.18
2023/4/10,13473,13473,,1843.84
2023/4/11,13547,13547,,1853.93
2023/4/12,13592,13592,,1860.07
2023/4/13,13572,13572,,1861.57
2023/4/14,13581,13581,,1862.45
2023/4/17,13635,13635,,1874.83
2023/4/18,13713,13713,,1885.4
2023/4/19,13699,13699,,1884.52
2023/4/20,13722,13722,,1887.45
2023/4/21,13676,13676,,1880.61
2023/4/24,13654,13654,,1878.09
2023/4/25,13697,13697,0,1883.94
2023/4/26,13587,13587,,1866.96
2023/4/27,13578,13578,,1865.77
2023/4/28,13719,13719,,1886.86
2023/5/1,13960,13960,,1920.44
2023/5/2,13978,13978,,1923.36
2023/5/8,13886,13886,,1910.7
2023/5/9,13915,13915,,1925.84
2023/5/10,13845,13845,,1916.17
2023/5/11,13806,13806,,1913.6
2023/5/12,13802,13802,,1913.89
2023/5/15,13905,13905,,1928.08
2023/5/16,13954,13954,,1935.21
2023/5/17,13926,13926,,1932.81
2023/5/18,14008,14008,,1944.21
2023/5/19,14045,14045,,1949.13
2023/5/22,14021,14021,,1950.71
2023/5/23,14060,14060,,1955.09
2023/5/24,14001,14001,,1947.79
2023/5/25,13966,13966,,1942.87
2023/5/26,13969,13969,,1943.34
2023/5/29,14112,14112,,1964.55
2023/5/30,14098,14098,,1962.57
2023/5/31,14066,14066,,1958.07
2023/6/1,13984,13984,,1947.16
2023/6/2,14064,14064,,1958.98
2023/6/5,14276,14276,,1999.87
2023/6/6,14257,14257,,1997.77
2023/6/7,14245,14245,,1996.89
2023/6/8,14273,14273,,2000.51
2023/6/9,14288,14288,,2003.15
2023/6/12,14319,14319,,2010.58
2023/6/13,14366,14366,,2017.5
2023/6/14,14447,14447,,2028.9
2023/6/15,14508,14508,,2040.24
2023/6/16,14575,14575,,2055
2023/6/19,14679,14679,,2071.12
2023/6/20,14667,14667,,2069.58
2023/6/21,14599,14599,,2059.91
2023/6/22,14592,14592,,2060.13
2023/6/23,14585,14585,,2059.43
2023/6/26,14545,14545,,2053.76
2023/6/27,14592,14592,,2061.28
2023/6/28,14710,14710,,2080
2023/6/29,14719,14719,,2081.83
2023/6/30,14744,14744,,2086.04
2023/7/3,14807,14807,,2095.47
2023/7/4,14846,14846,,2101.1
2023/7/5,14862,14862,,2115.3
2023/7/6,14781,14781,,2103.79
2023/7/7,14635,14635,,2085.64
2023/7/10,14525,14525,,2070.8
2023/7/11,14486,14486,,2066.28
2023/7/12,14441,14441,,2063.42
2023/7/13,14478,14478,,2069.53
2023/7/14,14539,14539,,2080
2023/7/18,14603,14603,,2095.36
2023/7/19,14652,14652,,2103.56
2023/7/20,14711,14711,,2114.61
2023/7/21,14692,14692,,2112.3
2023/7/24,14843,14843,,2135.44
2023/7/25,14836,14836,,2135.38
2023/7/26,14844,14844,,2137.61
2023/7/27,14826,14826,,2136.27
2023/7/28,14689,14689,,2117.51
2023/7/31,14827,14827,,2138.22
2023/8/1,14943,14943,,2155.63
2023/8/2,14909,14909,,2151.83
2023/8/3,14787,14787,,2145.42
2023/8/4,14694,14694,,2132.82
2023/8/7,14667,14667,,2129.32
2023/8/8,14784,14784,,2146.86
2023/8/9,14759,14759,,2143.26
2023/8/10,14818,14818,,2156.08
2023/8/14,14814,14814,,2155.6
2023/8/15,14790,14790,,2155.21
2023/8/16,14710,14710,,2145.47
2023/8/17,14697,14697,,2150.72
2023/8/18,14610,14610,,2138.54
2023/8/21,14566,14566,,2133.2
2023/8/22,14630,14630,,2143.31
2023/8/23,14631,14631,,2144.95
2023/8/24,14692,14692,,2154.42
2023/8/25,14734,14734,,2161.11
2023/8/28,14781,14781,,2168.9
2023/8/29,14844,14844,,2179.18
2023/8/30,14917,14917,,2189.87
2023/8/31,14957,14957,,2197.53
2023/9/1,14911,14911,,2191.27
2023/9/4,14960,14960,,2198.96
2023/9/5,15003,15003,,2216.12
2023/9/6,15009,15009,,2216.98
2023/9/7,14970,14970,,2213.8
2023/9/8,14874,14874,,2200.25
2023/9/11,14850,14850,,2197.08
2023/9/12,14881,14881,,2205.74
2023/9/13,14885,14885,,2208.84
2023/9/14,14902,14902,,2213.05
2023/9/15,15001,15001,,2229.05
2023/9/19,14948,14948,,2227.32
2023/9/20,14910,14910,,2223.23
2023/9/21,14902,14902,,2223.01
2023/9/22,14718,14718,,2196.86
2023/9/25,14777,14777,,2206.76
2023/9/26,14751,14751,,2203.35
2023/9/27,14682,14682,,2195.33
2023/9/28,14640,14640,,2190.02
2023/9/29,14661,14661,,2194.14
2023/10/2,14686,14686,,2198.78
2023/10/3,14571,14571,,2182.17
2023/10/4,14346,14346,,2148.49
2023/10/5,14407,14407,,2170.39
2023/10/6,14416,14416,,2171.91
2023/10/10,14541,14541,,2191.94
2023/10/11,14623,14623,,2204.74
2023/10/12,14760,14760,,2229.84
2023/10/13,14711,14711,,2222.92
2023/10/16,14594,14594,,2206.2
2023/10/17,14658,14658,,2216.33
2023/10/18,14678,14678,,2226.31
2023/10/19,14552,14552,,2208.55
2023/10/20,14448,14448,,2193.05
2023/10/23,14371,14371,,2181.94
2023/10/24,14354,14354,,2180.77
2023/10/25,14432,14432,,2192.66
2023/10/26,14326,14326,,2178.63
2023/10/27,14384,14384,,2188.97
2023/10/30,14287,14287,,2175.5
2023/10/31,14330,14330,,2182.8
2023/11/1,14520,14520,,2211.6
2023/11/2,14558,14558,,2218.47
2023/11/6,14833,14833,,2271.93
2023/11/7,14835,14835,,2273.38
2023/11/8,14812,14812,,2270.18
2023/11/9,14862,14862,,2277.39
2023/11/10,14830,14830,,2275.27
2023/11/13,14860,14860,,2279.49
2023/11/14,14885,14885,,2284.12
2023/11/15,15085,15085,,2315.52
2023/11/16,15174,15174,,2328.9
2023/11/17,15150,15150,,2331.78
2023/11/20,15093,15093,,2321.81
2023/11/21,15045,15045,,2313.64
2023/11/22,15042,15042,,2312.57
2023/11/24,15136,15136,,2327.03
2023/11/27,15114,15114,,2323.32
2023/11/28,15039,15039,,2311.73
2023/11/29,15006,15006,,2307.51
2023/11/30,15049,15049,,2314.14
2023/12/1,15072,15072,,2317.32
2023/12/4,15046,15046,,2315.17
2023/12/5,15066,15066,,2329.93
2023/12/6,15098,15098,,2333.45
2023/12/7,15046,15046,,2325.99
2023/12/8,14781,14781,,2284.71
2023/12/11,14947,14947,,2310.82
2023/12/12,14983,14983,,2319.05
2023/12/13,14991,14991,,2320.31
2023/12/14,14891,14891,,2305.65
2023/12/15,15042,15042,,2328.55
2023/12/18,14983,14983,,2324.71
2023/12/19,15018,15018,,2331.22
2023/12/20,15192,15192,,2358.17
2023/12/21,15073,15073,,2339.25
2023/12/22,15050,15050,,2335.97
2023/12/25,15024,15024,,2331.12
2023/12/26,15032,15032,,2331.55
2023/12/27,15144,15144,,2348.88
2023/12/28,15166,15166,,2352.22
2023/12/29,15197,15197,,2356.67
2024/1/4,15130,15130,,2345.26
2024/1/5,15272,15272,,2367.7
2024/1/9,15258,15258,,2375.5
2024/1/10,15289,15289,,2381.41
2024/1/11,15409,15409,,2401.71
2024/1/12,15408,15408,,2402.71
2024/1/15,15461,15461,,2411.2
2024/1/16,15460,15460,,2410.53
2024/1/17,15451,15451,,2409.11
2024/1/18,15373,15373,,2400.15
2024/1/19,15402,15402,,2405.54
2024/1/22,15531,15531,,2432.56
2024/1/23,15510,15510,,2429.79
2024/1/24,15475,15475,,2425.62
2024/1/25,15457,15457,,2423.35
2024/1/26,15463,15463,,2424.8
2024/1/29,15515,15515,,2434.66
2024/1/30,15507,15507,,2433.39
2024/1/31,15500,15500,,2433.64
2024/2/1,15384,15384,,2415.91
2024/2/2,15469,15469,,2430.09
2024/2/5,15573,15573,,2457.47
2024/2/6,15482,15482,,2444.51
2024/2/7,15498,15498,,2448.05
2024/2/8,15543,15543,,2455.52
2024/2/9,15607,15607,,2466.02
2024/2/13,15662,15662,,2477.84
2024/2/14,15611,15611,,2469.93
2024/2/15,15633,15633,,2473.56
2024/2/16,15722,15722,,2490.06
2024/2/19,15713,15713,,2496.93
2024/2/20,15721,15721,,2499.2
2024/2/21,15716,15716,,2498.39
2024/2/22,15774,15774,,2509.94
2024/2/26,15851,15851,,2523.6
2024/2/27,15838,15838,,2522.11
2024/2/28,15843,15843,,2524.23
2024/2/29,15811,15811,,2519.69
2024/3/1,15836,15836,,2524.78
2024/3/4,15892,15892,,2535.45
2024/3/5,15943,15943,,2554.66
2024/3/6,15882,15882,,2545.82
2024/3/7,15830,15830,,2538.41
2024/3/8,15807,15807,,2535.81
2024/3/11,15724,15724,,2523.74
2024/3/12,15696,15696,,2523.27
2024/3/13,15749,15749,,2533.35
2024/3/14,15787,15787,,2540.2
2024/3/15,15828,15828,,2547.1
2024/3/18,15872,15872,,2560.47
2024/3/19,15956,15956,,2577.11
2024/3/21,16179,16179,,2616.32
2024/3/22,16298,16298,,2636.11
2024/3/25,16208,16208,,2623.95
2024/3/26,16187,16187,,2621.08
2024/3/27,16214,16214,,2627.15
2024/3/28,16243,16243,,2633.8
2024/3/29,16259,16259,,2637.5
2024/4/1,16231,16231,,2634.36
2024/4/2,16171,16171,,2624.62
2024/4/3,16109,16109,,2614.57
2024/4/4,16146,16146,,2637.1
2024/4/5,16058,16058,,2623.94
2024/4/8,16165,16165,,2641.51
2024/4/9,16255,16255,,2659.16
2024/4/10,16266,16266,,2666.31
2024/4/11,16219,16219,,2659.78
2024/4/12,16207,16207,,2660.62
2024/4/15,16133,16133,,2649.34
2024/4/16,16068,16068,,2645.19
2024/4/17,15971,15971,,2631.64
2024/4/18,15960,15960,,2630.32
2024/4/19,15939,15939,,2628.86
2024/4/22,15965,15965,,2633.42
2024/4/23,16030,16030,,2644.39
2024/4/24,16138,16138,,2663.53
2024/4/25,16149,16149,0,2666.82
2024/4/26,16161,16161,,2669.8
2024/4/30,16405,16405,,2710.2
2024/5/1,16368,16368,,2705.58
2024/5/2,16277,16277,,2692.42
2024/5/7,16377,16377,,2708.97
2024/5/8,16406,16406,,2729.69
2024/5/9,16437,16437,,2737.56
2024/5/10,16479,16479,,2749.09
2024/5/13,16513,16513,,2755.59
2024/5/14,16567,16567,,2766.04
2024/5/15,16607,16607,,2773.9
2024/5/16,16545,16545,,2762.43
2024/5/17,16666,16666,,2782.64
2024/5/20,16697,16697,,2792.21
2024/5/21,16711,16711,,2795.36
2024/5/22,16654,16654,,2793.93
2024/5/23,16663,16663,,2796.67
2024/5/24,16584,16584,,2784.02
2024/5/27,16580,16580,,2784.74
2024/5/28,16626,16626,,2793.71
2024/5/29,16572,16572,,2784.64
2024/5/30,16455,16455,,2769.88
2024/5/31,16461,16461,,2772.05
2024/6/3,16538,16538,,2786.18
2024/6/4,16550,16550,,2789.3
2024/6/5,16418,16418,,2781.4
2024/6/6,16530,16530,,2802.5
2024/6/7,16532,16532,,2804.85
2024/6/10,16558,16558,,2810.06
2024/6/11,16558,16558,,2810.78
2024/6/12,16513,16513,,2803.08
2024/6/13,16536,16536,,2814.02
2024/6/14,16604,16604,,2827.65
2024/6/17,16570,16570,,2828.91
2024/6/18,16601,16601,,2834.87
2024/6/19,16692,16692,,2853.47
2024/6/20,16726,16726,,2860.15
2024/6/21,16762,16762,,2866.23
2024/6/24,16820,16820,,2878.17
2024/6/25,16877,16877,,2888.71
2024/6/26,16874,16874,,2888.59
2024/6/27,16874,16874,,2891.19
2024/6/28,16916,16916,,2899.69
2024/7/1,16945,16945,,2905.65
2024/7/2,16979,16979,,2912.55
2024/7/3,16994,16994,,2915.09
2024/7/4,17088,17088,,2949.02
2024/7/5,17086,17086,,2950.79
2024/7/8,17079,17079,,2949.59
2024/7/9,17134,17134,,2960.83
2024/7/10,17182,17182,,2975.21
2024/7/11,17275,17275,,2992.25
2024/7/12,17190,17190,,2980.38
2024/7/16,17201,17201,,2983.32
2024/7/17,17260,17260,,2993.99
2024/7/18,17027,17027,,2962.75
2024/7/19,17046,17046,,2967.91
2024/7/22,16949,16949,,2952.36
2024/7/23,16925,16925,,2948.58
2024/7/24,16817,16817,,2932.13
2024/7/25,16483,16483,,2875.93
2024/7/26,16495,16495,,2879.09
2024/7/29,16600,16600,,2899.57
2024/7/30,16627,16627,,2905.1
2024/7/31,16553,16553,,2894.23
2024/8/1,16360,16360,,2861.18
2024/8/2,16194,16194,,2834.13
2024/8/5,15590,15590,,2740.68
2024/8/6,15597,15597,,2742.85
2024/8/7,15850,15850,,2787.32
2024/8/8,15806,15806,,2776.59
2024/8/9,15965,15965,,2806
2024/8/13,16102,16102,,2835.35
2024/8/14,16224,16224,,2858.01
2024/8/15,16299,16299,,2874.59
2024/8/16,16503,16503,,2911.98
2024/8/19,16445,16445,,2912.07
2024/8/20,16448,16448,,2914.33
2024/8/21,16377,16377,,2902.78
2024/8/22,16388,16388,,2906.78
2024/8/23,16429,16429,,2915.59
2024/8/26,16342,16342,,2900.59
2024/8/27,16470,16470,,2923.97
2024/8/28,16430,16430,,2916.96
2024/8/29,16415,16415,,2917.54
2024/8/30,16412,16412,,2918.39
2024/9/2,16552,16552,,2944.15
2024/9/3,16616,16616,,2955.93
2024/9/4,16343,16343,,2907.21
2024/9/5,16205,16205,,2898.5
2024/9/6,16183,16183,,2895.27
2024/9/9,16080,16080,,2878.89
2024/9/10,16159,16159,,2893.92
2024/9/11,16039,16039,,2877.67
2024/9/12,16166,16166,,2902.79
2024/9/13,16155,16155,,2902.31
2024/9/17,16180,16180,,2913.41
2024/9/18,16247,16247,,2926.21
2024/9/19,16393,16393,,2955.32
2024/9/20,16430,16430,,2961.99
2024/9/24,16531,16531,,2982.23
2024/9/25,16588,16588,,2994.94
2024/9/26,16711,16711,,3018
2024/9/27,16888,16888,,3052.19
2024/9/30,16596,16596,,3000.23
2024/10/1,16712,16712,,3021.85
2024/10/2,16631,16631,,3008.87
2024/10/3,16893,16893,,3056.16
2024/10/4,16810,16810,,3055.67
2024/10/7,16935,16935,,3079.79
2024/10/8,16822,16822,,3059.21
2024/10/9,16812,16812,,3057.47
2024/10/10,16877,16877,,3075.28
2024/10/11,16821,16821,,3064.88
2024/10/15,16949,16949,,3089.9
2024/10/16,16870,16870,,3075.48
2024/10/17,16922,16922,,3088.08
2024/10/18,16928,16928,,3096.69
2024/10/21,16929,16929,,3097.08
2024/10/22,16900,16900,,3092.39
2024/10/23,16924,16924,,3097.35
2024/10/24,16986,16986,,3109.2
2024/10/25,16941,16941,,3101.12
2024/10/28,17037,17037,,3119.3
2024/10/29,17040,17040,,3121.74
2024/10/30,17066,17066,,3128.19
2024/10/31,17052,17052,,3125.62
2024/11/1,16817,16817,,3082.45
2024/11/5,16874,16874,,3093.74
2024/11/6,17014,17014,,3134.34
2024/11/7,17093,17093,,3150.41
2024/11/8,17093,17093,,3151.08
2024/11/11,17089,17089,,3150.63
2024/11/12,17101,17101,,3157.89
2024/11/13,17028,17028,,3144.27
2024/11/14,17034,17034,,3147.63
2024/11/15,17076,17076,,3155.89
2024/11/18,16903,16903,,3123.95
2024/11/19,16974,16974,,3146.5
2024/11/20,17033,17033,,3158.26
2024/11/21,16995,16995,,3151.91
2024/11/22,16968,16968,,3149.45
2024/11/25,17008,17008,,3157.71
2024/11/26,17023,17023,,3160.5
2024/11/27,16911,16911,,3141.27
2024/11/28,16888,16888,,3138.09
2024/11/29,16786,16786,,3119.65
2024/12/2,16767,16767,,3116.2
2024/12/3,16770,16770,,3118.42
2024/12/4,16757,16757,,3128.87
2024/12/5,16816,16816,,3141.49
2024/12/6,16787,16787,,3136.07
2024/12/9,16777,16777,,3135.55
2024/12/10,16901,16901,,3158.5
2024/12/11,16897,16897,,3161.22
2024/12/12,16957,16957,,3174.34
2024/12/13,16955,16955,,3173.89
2024/12/16,16977,16977,,3177.72
