ｅＭＡＸＩＳ Ｓｌｉｍ 先進国株式インデックス,,,,
基準日,基準価額(円),基準価額（分配金再投資）(円),分配金（税引前）(円),純資産総額（億円）
2017/2/27,9914,9914,,0.01
2017/2/28,9954,9954,,0.01
2017/3/1,9985,9985,,0.09
2017/3/2,10184,10184,,0.15
2017/3/3,10161,10161,,0.28
2017/3/6,10140,10140,,0.53
2017/3/7,10119,10119,,0.59
2017/3/8,10089,10089,,0.7
2017/3/9,10122,10122,,0.76
2017/3/10,10191,10191,,0.83
2017/3/13,10206,10206,,0.87
2017/3/14,10222,10222,,0.94
2017/3/15,10178,10178,,1.15
2017/3/16,10146,10146,,1.2
2017/3/17,10184,10184,,1.29
2017/3/21,10069,10069,,1.34
2017/3/22,9913,9913,,1.71
2017/3/23,9886,9886,,1.82
2017/3/24,9884,9884,,1.91
2017/3/27,9817,9817,,2.04
2017/3/28,9836,9836,,2.2
2017/3/29,9914,9914,,2.31
2017/3/30,9960,9960,,2.45
2017/3/31,10049,10049,,2.54
2017/4/3,9954,9954,,2.6
2017/4/4,9863,9863,,2.63
2017/4/5,9889,9889,,2.87
2017/4/6,9851,9851,,2.91
2017/4/7,9897,9897,,2.94
2017/4/10,9925,9925,,2.97
2017/4/11,9887,9887,,3.03
2017/4/12,9771,9771,,3.04
2017/4/13,9699,9699,,3.07
2017/4/14,9664,9664,,3.04
2017/4/17,9587,9587,,3.07
2017/4/18,9728,9728,,3.12
2017/4/19,9637,9637,,3.09
2017/4/20,9662,9662,,3.25
2017/4/21,9746,9746,,3.3
2017/4/24,9805,9805,,3.39
2017/4/25,9943,9943,,3.51
2017/4/26,10135,10135,,3.66
2017/4/27,10132,10132,,3.71
2017/4/28,10119,10119,,3.89
2017/5/1,10128,10128,,3.91
2017/5/2,10181,10181,,3.95
2017/5/8,10352,10352,,4.02
2017/5/9,10390,10390,,4.35
2017/5/10,10435,10435,,4.45
2017/5/11,10484,10484,,4.48
2017/5/12,10431,10431,,4.57
2017/5/15,10397,10397,,4.74
2017/5/16,10487,10487,,4.82
2017/5/17,10404,10404,,4.79
2017/5/18,10116,10116,,4.73
2017/5/19,10142,10142,,4.81
2017/5/22,10242,10242,,5.07
2017/5/23,10260,10260,,5.22
2017/5/24,10326,10326,,5.37
2017/5/25,10342,10342,,5.42
2017/5/26,10374,10374,,5.48
2017/5/29,10323,10323,,5.48
2017/5/30,10290,10290,,5.55
2017/5/31,10272,10272,,5.54
2017/6/1,10283,10283,,5.63
2017/6/2,10409,10409,,5.79
2017/6/5,10353,10353,,5.86
2017/6/6,10308,10308,,5.86
2017/6/7,10214,10214,,5.76
2017/6/8,10258,10258,,5.83
2017/6/9,10247,10247,,6.08
2017/6/12,10279,10279,,6.16
2017/6/13,10230,10230,,6.15
2017/6/14,10292,10292,,6.33
2017/6/15,10247,10247,,6.32
2017/6/16,10328,10328,,6.42
2017/6/19,10353,10353,,6.56
2017/6/20,10496,10496,,6.7
2017/6/21,10383,10383,,6.91
2017/6/22,10349,10349,,6.94
2017/6/23,10376,10376,,6.97
2017/6/26,10386,10386,,7.05
2017/6/27,10460,10460,,7.15
2017/6/28,10433,10433,,7.34
2017/6/29,10540,10540,,7.45
2017/6/30,10431,10431,,7.37
2017/7/3,10438,10438,,7.41
2017/7/4,10563,10563,,7.65
2017/7/5,10540,10540,,7.75
2017/7/6,10543,10543,,7.76
2017/7/7,10500,10500,,7.82
2017/7/10,10620,10620,,7.95
2017/7/11,10645,10645,,8.01
2017/7/12,10597,10597,,8.12
2017/7/13,10642,10642,,8.32
2017/7/14,10691,10691,,8.4
2017/7/18,10646,10646,,8.43
2017/7/19,10600,10600,,8.46
2017/7/20,10651,10651,,8.85
2017/7/21,10681,10681,,9.04
2017/7/24,10547,10547,,9.12
2017/7/25,10569,10569,,9.22
2017/7/26,10662,10662,,9.46
2017/7/27,10605,10605,,9.58
2017/7/28,10598,10598,,9.64
2017/7/31,10508,10508,,9.66
2017/8/1,10509,10509,,9.78
2017/8/2,10558,10558,,9.96
2017/8/3,10589,10589,,10.13
2017/8/4,10512,10512,,10.67
2017/8/7,10590,10590,,10.82
2017/8/8,10610,10610,,10.85
2017/8/9,10512,10512,,10.91
2017/8/10,10508,10508,,11
2017/8/14,10296,10296,,10.83
2017/8/15,10461,10461,,11.65
2017/8/16,10497,10497,,11.94
2017/8/17,10476,10476,,12.11
2017/8/18,10296,10296,,11.98
2017/8/21,10257,10257,,12.05
2017/8/22,10249,10249,,12.19
2017/8/23,10381,10381,,12.68
2017/8/24,10309,10309,,12.69
2017/8/25,10362,10362,,12.9
2017/8/28,10333,10333,,12.89
2017/8/29,10303,10303,,12.94
2017/8/30,10385,10385,,13.04
2017/8/31,10467,10467,,14.03
2017/9/1,10520,10520,,14.63
2017/9/4,10514,10514,,14.77
2017/9/5,10482,10482,,15.26
2017/9/6,10340,10340,,15.05
2017/9/7,10415,10415,,15.63
2017/9/8,10378,10378,,15.62
2017/9/11,10369,10369,,15.76
2017/9/12,10566,10566,,16.11
2017/9/13,10671,10671,,16.28
2017/9/14,10704,10704,,16.43
2017/9/15,10666,10666,,16.46
2017/9/19,10823,10823,,16.68
2017/9/20,10856,10856,,16.86
2017/9/21,10926,10926,,17.17
2017/9/22,10892,10892,,17.01
2017/9/25,10931,10931,,17.1
2017/9/26,10801,10801,,16.53
2017/9/27,10862,10862,,16.87
2017/9/28,10948,10948,,16.59
2017/9/29,10951,10951,,16.67
2017/10/2,10998,10998,,16.68
2017/10/3,11045,11045,,16.57
2017/10/4,11043,11043,,16.74
2017/10/5,11059,11059,,16.73
2017/10/6,11102,11102,,16.79
2017/10/10,11076,11076,,16.95
2017/10/11,11070,11070,,17.1
2017/10/12,11113,11113,,17.56
2017/10/13,11087,11087,,17.6
2017/10/16,11074,11074,,17.68
2017/10/17,11091,11091,,17.79
2017/10/18,11089,11089,,18.1
2017/10/19,11192,11192,,18.24
2017/10/20,11162,11162,,18.29
2017/10/23,11294,11294,,18.67
2017/10/24,11215,11215,,18.81
2017/10/25,11266,11266,,19.09
2017/10/26,11189,11189,,19.28
2017/10/27,11243,11243,,19.59
2017/10/30,11273,11273,,19.79
2017/10/31,11203,11203,,19.76
2017/11/1,11289,11289,,20.28
2017/11/2,11331,11331,,20.48
2017/11/6,11381,11381,,20.69
2017/11/7,11338,11338,,20.83
2017/11/8,11322,11322,,21.15
2017/11/9,11363,11363,,21.43
2017/11/10,11261,11261,,21.36
2017/11/13,11262,11262,,21.51
2017/11/14,11262,11262,,21.66
2017/11/15,11231,11231,,21.73
2017/11/16,11133,11133,,21.61
2017/11/17,11207,11207,,21.91
2017/11/20,11102,11102,,21.91
2017/11/21,11170,11170,,22.2
2017/11/22,11211,11211,,22.49
2017/11/24,11137,11137,,22.62
2017/11/27,11190,11190,,22.89
2017/11/28,11102,11102,,22.87
2017/11/29,11243,11243,,23.59
2017/11/30,11278,11278,,23.78
2017/12/1,11384,11384,,24.12
2017/12/4,11376,11376,,24.35
2017/12/5,11358,11358,,24.37
2017/12/6,11310,11310,,24.35
2017/12/7,11294,11294,,24.34
2017/12/8,11398,11398,,25.01
2017/12/11,11500,11500,,25.52
2017/12/12,11520,11520,,25.7
2017/12/13,11530,11530,,26.02
2017/12/14,11485,11485,,26.13
2017/12/15,11388,11388,,26.1
2017/12/18,11476,11476,,26.65
2017/12/19,11550,11550,,26.81
2017/12/20,11564,11564,,27.72
2017/12/21,11570,11570,,28
2017/12/22,11628,11628,,28.58
2017/12/25,11599,11599,,28.72
2017/12/26,11620,11620,,28.86
2017/12/27,11616,11616,,28.85
2017/12/28,11645,11645,,28.92
2017/12/29,11625,11625,,30
2018/1/4,11702,11702,,30.36
2018/1/5,11796,11796,,31.14
2018/1/9,11909,11909,,33.74
2018/1/10,11848,11848,,34.6
2018/1/11,11728,11728,,35.75
2018/1/12,11776,11776,,37.03
2018/1/15,11836,11836,,38.19
2018/1/16,11850,11850,,38.88
2018/1/17,11780,11780,,38.66
2018/1/18,11925,11925,,40.69
2018/1/19,11907,11907,,41.31
2018/1/22,11922,11922,,42.03
2018/1/23,12029,12029,,42.96
2018/1/24,11986,11986,,44.07
2018/1/25,11913,11913,,44.7
2018/1/26,11925,11925,,45.47
2018/1/29,11927,11927,,46.55
2018/1/30,11887,11887,,46.93
2018/1/31,11755,11755,,47.6
2018/2/1,11802,11802,,47.79
2018/2/2,11825,11825,,48.66
2018/2/5,11638,11638,,49.01
2018/2/6,11158,11158,,47.63
2018/2/7,11232,11232,,48.87
2018/2/8,11220,11220,,49.76
2018/2/9,10836,10836,,49.19
2018/2/13,11027,11027,,51.42
2018/2/14,10959,10959,,51.54
2018/2/15,11019,11019,,53.69
2018/2/16,11089,11089,,54.8
2018/2/19,11104,11104,,56.88
2018/2/20,11133,11133,,58.2
2018/2/21,11165,11165,,58.36
2018/2/22,11110,11110,,60.9
2018/2/23,11075,11075,,61.31
2018/2/26,11189,11189,,62.69
2018/2/27,11297,11297,,64.01
2018/2/28,11224,11224,,64.69
2018/3/1,11030,11030,,64.26
2018/3/2,10874,10874,,64.44
2018/3/5,10790,10790,,65.03
2018/3/6,10965,10965,,67.24
2018/3/7,10951,10951,,68.46
2018/3/8,11005,11005,,69.47
2018/3/9,11115,11115,,70.87
2018/3/12,11286,11286,,72.57
2018/3/13,11235,11235,,72.95
2018/3/14,11203,11203,,74.51
2018/3/15,11087,11087,,74.38
2018/3/16,11097,11097,,74.6
2018/3/19,11074,11074,,75.32
2018/3/20,10972,10972,,75.42
2018/3/22,10944,10944,,76.35
2018/3/23,10634,10634,,74.92
2018/3/26,10465,10465,,74.57
2018/3/27,10708,10708,,77.26
2018/3/28,10601,10601,,77.67
2018/3/29,10700,10700,,79.11
2018/3/30,10748,10748,,80.47
2018/4/2,10760,10760,,80.98
2018/4/3,10547,10547,,79.38
2018/4/4,10689,10689,,80.44
2018/4/5,10789,10789,,83.91
2018/4/6,10943,10943,,85.89
2018/4/9,10748,10748,,85.28
2018/4/10,10783,10783,,86.22
2018/4/11,10980,10980,,88.92
2018/4/12,10912,10912,,89.43
2018/4/13,11027,11027,,91.09
2018/4/16,11020,11020,,91.81
2018/4/17,11038,11038,,92.49
2018/4/18,11147,11147,,94.84
2018/4/19,11201,11201,,95.93
2018/4/20,11146,11146,,96.24
2018/4/23,11105,11105,,96.7
2018/4/24,11192,11192,,98.82
2018/4/25,11117,11117,0,100.14
2018/4/26,11151,11151,,101.15
2018/4/27,11229,11229,,103.77
2018/5/1,11197,11197,,104.08
2018/5/2,11244,11244,,105.39
2018/5/7,11188,11188,,106.65
2018/5/8,11226,11226,,107.61
2018/5/9,11251,11251,,107.85
2018/5/10,11411,11411,,111.51
2018/5/11,11458,11458,,112.84
2018/5/14,11474,11474,,113.81
2018/5/15,11527,11527,,115.45
2018/5/16,11510,11510,,117.39
2018/5/17,11545,11545,,118.86
2018/5/18,11620,11620,,120.67
2018/5/21,11597,11597,,121.39
2018/5/22,11670,11670,,123.36
2018/5/23,11638,11638,,125.34
2018/5/24,11480,11480,,124.61
2018/5/25,11440,11440,,125.14
2018/5/28,11406,11406,,125.63
2018/5/29,11354,11354,,125.84
2018/5/30,11119,11119,,123.24
2018/5/31,11284,11284,,127.04
2018/6/1,11250,11250,,127.17
2018/6/4,11433,11433,,130.33
2018/6/5,11514,11514,,132.57
2018/6/6,11509,11509,,133.78
2018/6/7,11632,11632,,135.92
2018/6/8,11597,11597,,136.44
2018/6/11,11557,11557,,136.73
2018/6/12,11682,11682,,138.73
2018/6/13,11704,11704,,140.29
2018/6/14,11666,11666,,140.67
2018/6/15,11697,11697,,141.54
2018/6/18,11656,11656,,142.17
2018/6/19,11585,11585,,142.51
2018/6/20,11502,11502,,142.87
2018/6/21,11568,11568,,144.22
2018/6/22,11461,11461,,144.2
2018/6/25,11483,11483,,145.46
2018/6/26,11306,11306,,143.99
2018/6/27,11348,11348,,146.5
2018/6/28,11291,11291,,146.69
2018/6/29,11375,11375,,148.78
2018/7/2,11469,11469,,151.03
2018/7/3,11461,11461,,151.58
2018/7/4,11402,11402,,152.89
2018/7/5,11404,11404,,154.02
2018/7/6,11525,11525,,155.65
2018/7/9,11599,11599,,158.09
2018/7/10,11754,11754,,160.82
2018/7/11,11767,11767,,162
2018/7/12,11781,11781,,163.29
2018/7/13,11943,11943,,165.75
2018/7/17,11915,11915,,166.38
2018/7/18,11994,11994,,168.09
2018/7/19,12004,12004,,169.37
2018/7/20,11947,11947,,168.28
2018/7/23,11792,11792,,166.87
2018/7/24,11812,11812,,167.78
2018/7/25,11882,11882,,170.13
2018/7/26,11898,11898,,171.4
2018/7/27,11913,11913,,172.8
2018/7/30,11877,11877,,173.55
2018/7/31,11822,11822,,173.5
2018/8/1,11960,11960,,177.23
2018/8/2,11914,11914,,177.67
2018/8/3,11915,11915,,180.87
2018/8/6,11904,11904,,181.77
2018/8/7,11939,11939,,183.34
2018/8/8,11999,11999,,186.16
2018/8/9,11938,11938,,186
2018/8/10,11922,11922,,186.54
2018/8/13,11751,11751,,184.6
2018/8/14,11731,11731,,185.87
2018/8/15,11837,11837,,189.18
2018/8/16,11645,11645,,188.32
2018/8/17,11766,11766,,192.07
2018/8/20,11776,11776,,193.36
2018/8/21,11767,11767,,194.07
2018/8/22,11835,11835,,196.92
2018/8/23,11893,11893,,196.6
2018/8/24,11938,11938,,198.36
2018/8/27,11986,11986,,199.88
2018/8/28,12090,12090,,202.77
2018/8/29,12093,12093,,202.82
2018/8/30,12214,12214,,205.61
2018/8/31,12076,12076,,204.09
2018/9/3,12015,12015,,203.68
2018/9/4,12029,12029,,204.8
2018/9/5,12032,12032,,204.85
2018/9/6,11949,11949,,206.57
2018/9/7,11818,11818,,205.21
2018/9/10,11828,11828,,206.15
2018/9/11,11917,11917,,208.52
2018/9/12,11965,11965,,211.45
2018/9/13,11979,11979,,212.92
2018/9/14,12110,12110,,216.19
2018/9/18,12048,12048,,216.51
2018/9/19,12156,12156,,218.91
2018/9/20,12188,12188,,221.19
2018/9/21,12329,12329,,224.55
2018/9/25,12331,12331,,225.56
2018/9/26,12329,12329,,226.1
2018/9/27,12301,12301,,227.45
2018/9/28,12381,12381,,229.74
2018/10/1,12388,12388,,231.61
2018/10/2,12425,12425,,233.22
2018/10/3,12345,12345,,234.21
2018/10/4,12435,12435,,236.42
2018/10/5,12306,12306,,234.52
2018/10/9,12055,12055,,230.53
2018/10/10,12064,12064,,231.67
2018/10/11,11665,11665,,225.98
2018/10/12,11428,11428,,222.88
2018/10/15,11509,11509,,226.29
2018/10/16,11464,11464,,229.48
2018/10/17,11729,11729,,238.51
2018/10/18,11726,11726,,240.53
2018/10/19,11546,11546,,238.37
2018/10/22,11564,11564,,239.73
2018/10/23,11539,11539,,240.32
2018/10/24,11417,11417,,239.5
2018/10/25,11094,11094,,233.49
2018/10/26,11277,11277,,238.35
2018/10/29,11075,11075,,235.41
2018/10/30,11097,11097,,237
2018/10/31,11291,11291,,241.43
2018/11/1,11383,11383,,244.34
2018/11/2,11519,11519,,248
2018/11/5,11516,11516,,248.61
2018/11/6,11553,11553,,250.32
2018/11/7,11605,11605,,253.81
2018/11/8,11847,11847,,259.29
2018/11/9,11859,11859,,260.65
2018/11/12,11742,11742,,258.86
2018/11/13,11506,11506,,254.2
2018/11/14,11558,11558,,258.09
2018/11/15,11455,11455,,256.6
2018/11/16,11524,11524,,259.53
2018/11/19,11465,11465,,259.55
2018/11/20,11312,11312,,257.11
2018/11/21,11131,11131,,254.19
2018/11/22,11223,11223,,257.55
2018/11/26,11147,11147,,256.76
2018/11/27,11346,11346,,261.35
2018/11/28,11377,11377,,265.36
2018/11/29,11567,11567,,270.93
2018/11/30,11551,11551,,271.57
2018/12/3,11613,11613,,273.64
2018/12/4,11746,11746,,277.79
2018/12/5,11378,11378,,272.3
2018/12/6,11346,11346,,272.17
2018/12/7,11234,11234,,269.49
2018/12/10,11048,11048,,266.63
2018/12/11,11051,11051,,267.96
2018/12/12,11119,11119,,271.89
2018/12/13,11211,11211,,276.03
2018/12/14,11226,11226,,277.97
2018/12/17,11029,11029,,274.77
2018/12/18,10783,10783,,269.55
2018/12/19,10736,10736,,270.7
2018/12/20,10637,10637,,269.97
2018/12/21,10376,10376,,264.81
2018/12/25,9889,9889,,253.87
2018/12/26,9946,9946,,256.02
2018/12/27,10310,10310,,265.41
2018/12/28,10346,10346,,266.32
2019/1/4,9957,9957,,262.24
2019/1/7,10358,10358,,273.82
2019/1/8,10452,10452,,281.05
2019/1/9,10538,10538,,285.51
2019/1/10,10570,10570,,288.1
2019/1/11,10632,10632,,291.18
2019/1/15,10567,10567,,290.95
2019/1/16,10656,10656,,294.78
2019/1/17,10733,10733,,299.48
2019/1/18,10836,10836,,303.55
2019/1/21,11002,11002,,309.05
2019/1/22,11001,11001,,310.05
2019/1/23,10854,10854,,305.9
2019/1/24,10878,10878,,310.78
2019/1/25,10908,10908,,312.36
2019/1/28,10980,10980,,315.06
2019/1/29,10880,10880,,313.69
2019/1/30,10911,10911,,316.27
2019/1/31,11016,11016,,319.76
2019/2/1,11079,11079,,321.95
2019/2/4,11156,11156,,325.86
2019/2/5,11256,11256,,332.83
2019/2/6,11320,11320,,336.49
2019/2/7,11296,11296,,336.72
2019/2/8,11172,11172,,333.73
2019/2/12,11248,11248,,336.98
2019/2/13,11377,11377,,339.93
2019/2/14,11447,11447,,344.44
2019/2/15,11375,11375,,343.89
2019/2/18,11517,11517,,349.88
2019/2/19,11522,11522,,352.09
2019/2/20,11571,11571,,353.61
2019/2/21,11603,11603,,356.85
2019/2/22,11573,11573,,356.93
2019/2/25,11643,11643,,359.77
2019/2/26,11691,11691,,362.33
2019/2/27,11652,11652,,362.4
2019/2/28,11675,11675,,364.23
2019/3/1,11720,11720,,366.73
2019/3/4,11837,11837,,371.8
2019/3/5,11790,11790,,374.57
2019/3/6,11758,11758,,374.17
2019/3/7,11698,11698,,373.42
2019/3/8,11586,11586,,368.88
2019/3/11,11481,11481,,366.21
2019/3/12,11690,11690,,372.67
2019/3/13,11698,11698,,374.53
2019/3/14,11787,11787,,378.36
2019/3/15,11861,11861,,381.13
2019/3/18,11892,11892,,382.75
2019/3/19,11916,11916,,385.51
2019/3/20,11961,11961,,388.51
2019/3/22,11910,11910,,387.36
2019/3/25,11604,11604,,378.47
2019/3/26,11622,11622,,380.01
2019/3/27,11725,11725,,384.48
2019/3/28,11662,11662,,383.42
2019/3/29,11755,11755,,387.08
2019/4/1,11843,11843,,390.8
2019/4/2,12010,12010,,396.82
2019/4/3,12040,12040,,402.38
2019/4/4,12098,12098,,404.7
2019/4/5,12127,12127,,405.75
2019/4/8,12132,12132,,405.87
2019/4/9,12148,12148,,406.21
2019/4/10,12061,12061,,404.81
2019/4/11,12094,12094,,406.33
2019/4/12,12168,12168,,410.19
2019/4/15,12268,12268,,414.41
2019/4/16,12266,12266,,416.27
2019/4/17,12291,12291,,418.7
2019/4/18,12266,12266,,419.51
2019/4/19,12268,12268,,420.35
2019/4/22,12266,12266,,420.63
2019/4/23,12259,12259,,420.39
2019/4/24,12350,12350,,423.5
2019/4/25,12344,12344,0,425.43
2019/4/26,12279,12279,,423.89
2019/5/7,12172,12172,,421.25
2019/5/8,11938,11938,,414.12
2019/5/9,11908,11908,,421
2019/5/10,11829,11829,,419.63
2019/5/13,11862,11862,,422.29
2019/5/14,11589,11589,,413.96
2019/5/15,11695,11695,,419.97
2019/5/16,11750,11750,,423.42
2019/5/17,11909,11909,,431.27
2019/5/20,11869,11869,,431.15
2019/5/21,11795,11795,,429.9
2019/5/22,11917,11917,,436.27
2019/5/23,11860,11860,,435.09
2019/5/24,11663,11663,,429.56
2019/5/27,11680,11680,,432.54
2019/5/28,11692,11692,,434
2019/5/29,11583,11583,,429.97
2019/5/30,11510,11510,,430.42
2019/5/31,11505,11505,,430.88
2019/6/3,11288,11288,,423.69
2019/6/4,11246,11246,,423.15
2019/6/5,11459,11459,,436.61
2019/6/6,11557,11557,,441.39
2019/6/7,11635,11635,,445.78
2019/6/10,11763,11763,,451.02
2019/6/11,11811,11811,,454.06
2019/6/12,11843,11843,,457.48
2019/6/13,11794,11794,,456.63
2019/6/14,11821,11821,,458.92
2019/6/17,11803,11803,,460.31
2019/6/18,11802,11802,,460.88
2019/6/19,11928,11928,,468.16
2019/6/20,11904,11904,,467.9
2019/6/21,11967,11967,,471.1
2019/6/24,11963,11963,,472.16
2019/6/25,11931,11931,,471.45
2019/6/26,11840,11840,,470.5
2019/6/27,11868,11868,,472.9
2019/6/28,11918,11918,,476.05
2019/7/1,12032,12032,,481.41
2019/7/2,12125,12125,,486.29
2019/7/3,12082,12082,,492.79
2019/7/4,12189,12189,,498.05
2019/7/5,12203,12203,,499.89
2019/7/8,12224,12224,,500.74
2019/7/9,12204,12204,,501.45
2019/7/10,12217,12217,,503.81
2019/7/11,12178,12178,,503.28
2019/7/12,12231,12231,,507.52
2019/7/16,12218,12218,,507.66
2019/7/17,12223,12223,,510.15
2019/7/18,12114,12114,,508.26
2019/7/19,12116,12116,,509.34
2019/7/22,12104,12104,,509.32
2019/7/23,12132,12132,,511.15
2019/7/24,12223,12223,,517.01
2019/7/25,12266,12266,,520.2
2019/7/26,12260,12260,,520.03
2019/7/29,12292,12292,,522.48
2019/7/30,12327,12327,,524.67
2019/7/31,12241,12241,,522.67
2019/8/1,12187,12187,,520.95
2019/8/2,11897,11897,,509.38
2019/8/5,11681,11681,,507.09
2019/8/6,11331,11331,,492.62
2019/8/7,11438,11438,,501.09
2019/8/8,11449,11449,,503.92
2019/8/9,11649,11649,,516.16
2019/8/13,11398,11398,,507.34
2019/8/14,11625,11625,,519.01
2019/8/15,11291,11291,,508.12
2019/8/16,11299,11299,,510.01
2019/8/19,11483,11483,,523.04
2019/8/20,11639,11639,,532.2
2019/8/21,11533,11533,,529.24
2019/8/22,11658,11658,,536.6
2019/8/23,11643,11643,,536.87
2019/8/26,11250,11250,,519.47
2019/8/27,11406,11406,,527.23
2019/8/28,11382,11382,,526.13
2019/8/29,11462,11462,,533.17
2019/8/30,11635,11635,,542.25
2019/9/2,11613,11613,,541.82
2019/9/3,11631,11631,,543.22
2019/9/4,11532,11532,,538.57
2019/9/5,11727,11727,,556.13
2019/9/6,11930,11930,,566.39
2019/9/9,11934,11934,,567.27
2019/9/10,11987,11987,,570.37
2019/9/11,12017,12017,,572.32
2019/9/12,12145,12145,,579
2019/9/13,12206,12206,,581.71
2019/9/17,12155,12155,,581.88
2019/9/18,12192,12192,,583.36
2019/9/19,12202,12202,,585.48
2019/9/20,12188,12188,,586.69
2019/9/24,12074,12074,,581.27
2019/9/25,11939,11939,,575.75
2019/9/26,12022,12022,,579.64
2019/9/27,12024,12024,,581.23
2019/9/30,12007,12007,,581.25
2019/10/1,12075,12075,,585.28
2019/10/2,11896,11896,,577.64
2019/10/3,11597,11597,,571.37
2019/10/4,11638,11638,,573.94
2019/10/7,11766,11766,,581.39
2019/10/8,11816,11816,,585.17
2019/10/9,11622,11622,,577.53
2019/10/10,11739,11739,,584.4
2019/10/11,11912,11912,,595.35
2019/10/15,12083,12083,,605.7
2019/10/16,12231,12231,,614.03
2019/10/17,12230,12230,,616.65
2019/10/18,12263,12263,,618.65
2019/10/21,12204,12204,,615.42
2019/10/23,12233,12233,,617.25
2019/10/24,12291,12291,,621.97
2019/10/25,12331,12331,,625.7
2019/10/28,12378,12378,,628.14
2019/10/29,12462,12462,,632.93
2019/10/30,12437,12437,,632.11
2019/10/31,12483,12483,,634.74
2019/11/1,12342,12342,,627.48
2019/11/5,12596,12596,,641.19
2019/11/6,12612,12612,,650.19
2019/11/7,12605,12605,,652.21
2019/11/8,12698,12698,,657.15
2019/11/11,12679,12679,,656.48
2019/11/12,12668,12668,,656.33
2019/11/13,12660,12660,,657.58
2019/11/14,12636,12636,,657.41
2019/11/15,12618,12618,,657.28
2019/11/18,12738,12738,,664.04
2019/11/19,12713,12713,,666.63
2019/11/20,12720,12720,,668.72
2019/11/21,12648,12648,,666.2
2019/11/22,12649,12649,,667.61
2019/11/25,12687,12687,,670.07
2019/11/26,12813,12813,,677.58
2019/11/27,12851,12851,,680.99
2019/11/28,12929,12929,,685.94
2019/11/29,12946,12946,,686.8
2019/12/2,12907,12907,,684.76
2019/12/3,12739,12739,,677.29
2019/12/4,12586,12586,,679.05
2019/12/5,12707,12707,,687.08
2019/12/6,12715,12715,,688.75
2019/12/9,12798,12798,,694.64
2019/12/10,12771,12771,,694.24
2019/12/11,12771,12771,,697.45
2019/12/12,12793,12793,,700.82
2019/12/13,13027,13027,,716.77
2019/12/16,13025,13025,,717.86
2019/12/17,13152,13152,,728.71
2019/12/18,13137,13137,,730.56
2019/12/19,13149,13149,,732.78
2019/12/20,13159,13159,,733.63
2019/12/23,13213,13213,,737.92
2019/12/24,13233,13233,,740.97
2019/12/25,13221,13221,,742.43
2019/12/26,13251,13251,,745.6
2019/12/27,13319,13319,,749.4
2019/12/30,13335,13335,,750.31
2020/1/6,13137,13137,,742.23
2020/1/7,13207,13207,,747.57
2020/1/8,13109,13109,,753.86
2020/1/9,13319,13319,,767.95
2020/1/10,13436,13436,,776.95
2020/1/14,13557,13557,,786.18
2020/1/15,13528,13528,,786.46
2020/1/16,13558,13558,,793.35
2020/1/17,13691,13691,,803.52
2020/1/20,13725,13725,,807.53
2020/1/21,13729,13729,,809.01
2020/1/22,13649,13649,,804.3
2020/1/23,13632,13632,,812.17
2020/1/24,13595,13595,,812.63
2020/1/27,13460,13460,,806.09
2020/1/28,13210,13210,,792.54
2020/1/29,13354,13354,,803.77
2020/1/30,13343,13343,,804.36
2020/1/31,13350,13350,,805.63
2020/2/3,13092,13092,,791.33
2020/2/4,13167,13167,,797.09
2020/2/5,13470,13470,,826.05
2020/2/6,13643,13643,,838.38
2020/2/7,13703,13703,,843.92
2020/2/10,13596,13596,,838.62
2020/2/12,13737,13737,,848.55
2020/2/13,13822,13822,,856.53
2020/2/14,13800,13800,,856.9
2020/2/17,13807,13807,,859.13
2020/2/18,13820,13820,,863.56
2020/2/19,13780,13780,,861.07
2020/2/20,14029,14029,,880.92
2020/2/21,14067,14067,,883.81
2020/2/25,13349,13349,,840.49
2020/2/26,12931,12931,,815.52
2020/2/27,12883,12883,,816.58
2020/2/28,12301,12301,,783.42
2020/3/2,11920,11920,,760.47
2020/3/3,12397,12397,,791.39
2020/3/4,12104,12104,,786.17
2020/3/5,12510,12510,,818.14
2020/3/6,12051,12051,,791.69
2020/3/9,11337,11337,,747.88
2020/3/10,10600,10600,,701.67
2020/3/11,11106,11106,,736.62
2020/3/12,10630,10630,,707.4
2020/3/13,9597,9597,,641.37
2020/3/16,10449,10449,,701.64
2020/3/17,9349,9349,,630.4
2020/3/18,9839,9839,,676.38
2020/3/19,9433,9433,,652.32
2020/3/23,9404,9404,,655.11
2020/3/24,9110,9110,,637.43
2020/3/25,9988,9988,,704.82
2020/3/26,10176,10176,,722.68
2020/3/27,10547,10547,,755.05
2020/3/30,10083,10083,,724.71
2020/3/31,10452,10452,,753.94
2020/4/1,10278,10278,,743.65
2020/4/2,9846,9846,,714.26
2020/4/3,10054,10054,,741.64
2020/4/6,9985,9985,,738.19
2020/4/7,10612,10612,,785.89
2020/4/8,10626,10626,,789.26
2020/4/9,10935,10935,,814.76
2020/4/10,11073,11073,,827.02
2020/4/13,11037,11037,,826.89
2020/4/14,10904,10904,,816.9
2020/4/15,11131,11131,,833.93
2020/4/16,10893,10893,,827.39
2020/4/17,10972,10972,,835.95
2020/4/20,11259,11259,,859.88
2020/4/21,11110,11110,,849.99
2020/4/22,10764,10764,,826.38
2020/4/23,10983,10983,,844.8
2020/4/24,10987,10987,,846.15
2020/4/27,11075,11075,0,854.4
2020/4/28,11234,11234,,867.71
2020/4/30,11475,11475,,890.18
2020/5/1,11393,11393,,886.1
2020/5/7,11038,11038,,860.98
2020/5/8,11197,11197,,886.55
2020/5/11,11424,11424,,909.71
2020/5/12,11468,11468,,913.21
2020/5/13,11270,11270,,903.04
2020/5/14,11038,11038,,886.5
2020/5/15,11130,11130,,895.59
2020/5/18,11150,11150,,898.82
2020/5/19,11549,11549,,933.89
2020/5/20,11543,11543,,935.99
2020/5/21,11691,11691,,950.01
2020/5/22,11598,11598,,947.73
2020/5/25,11585,11585,,948.21
2020/5/26,11645,11645,,954.64
2020/5/27,11783,11783,,965.88
2020/5/28,11975,11975,,987.19
2020/5/29,11969,11969,,988.89
2020/6/1,12002,12002,,993.63
2020/6/2,12076,12076,,1001.03
2020/6/3,12345,12345,,1037.62
2020/6/4,12563,12563,,1057.86
2020/6/5,12566,12566,,1059.1
2020/6/8,12912,12912,,1088.34
2020/6/9,12860,12860,,1085.04
2020/6/10,12733,12733,,1075.92
2020/6/11,12599,12599,,1064.6
2020/6/12,11868,11868,,1004.07
2020/6/15,12033,12033,,1018.12
2020/6/16,12138,12138,,1029.6
2020/6/17,12377,12377,,1053.2
2020/6/18,12302,12302,,1048.83
2020/6/19,12298,12298,,1049.95
2020/6/22,12238,12238,,1046.05
2020/6/23,12335,12335,,1055.14
2020/6/24,12369,12369,,1060.84
2020/6/25,12102,12102,,1038.83
2020/6/26,12212,12212,,1049.21
2020/6/29,12005,12005,,1033.06
2020/6/30,12199,12199,,1050.38
2020/7/1,12394,12394,,1068.29
2020/7/2,12380,12380,,1068.26
2020/7/3,12491,12491,,1091.54
2020/7/6,12491,12491,,1091.95
2020/7/7,12662,12662,,1106.92
2020/7/8,12576,12576,,1100.9
2020/7/9,12609,12609,,1104.36
2020/7/10,12504,12504,,1096.32
2020/7/13,12596,12596,,1105.09
2020/7/14,12584,12584,,1105.94
2020/7/15,12713,12713,,1119.19
2020/7/16,12819,12819,,1129.18
2020/7/17,12795,12795,,1131.87
2020/7/20,12871,12871,,1139.07
2020/7/21,12959,12959,,1147.1
2020/7/22,12964,12964,,1149.66
2020/7/27,12654,12654,,1122.75
2020/7/28,12694,12694,,1126.91
2020/7/29,12602,12602,,1122.23
2020/7/30,12733,12733,,1135.63
2020/7/31,12604,12604,,1125.01
2020/8/3,12793,12793,,1142.99
2020/8/4,12919,12919,,1153.5
2020/8/5,12915,12915,,1166.82
2020/8/6,12998,12998,,1174.71
2020/8/7,13042,13042,,1179.6
2020/8/11,13113,13113,,1186.2
2020/8/12,13136,13136,,1188.89
2020/8/13,13350,13350,,1210.46
2020/8/14,13356,13356,,1212.29
2020/8/17,13273,13273,,1205.95
2020/8/18,13250,13250,,1207.52
2020/8/19,13197,13197,,1205.39
2020/8/20,13258,13258,,1211.17
2020/8/21,13224,13224,,1209.02
2020/8/24,13242,13242,,1211.97
2020/8/25,13409,13409,,1228.34
2020/8/26,13506,13506,,1238.98
2020/8/27,13573,13573,,1246.5
2020/8/28,13658,13658,,1254.15
2020/8/31,13569,13569,,1246.79
2020/9/1,13617,13617,,1251.98
2020/9/2,13700,13700,,1259.56
2020/9/3,13901,13901,,1294.31
2020/9/4,13481,13481,,1255.85
2020/9/7,13368,13368,,1245.27
2020/9/8,13400,13400,,1249.03
2020/9/9,13029,13029,,1214.39
2020/9/10,13317,13317,,1244.55
2020/9/11,13129,13129,,1227.4
2020/9/14,13138,13138,,1230.75
2020/9/15,13234,13234,,1240.9
2020/9/16,13266,13266,,1249.63
2020/9/17,13178,13178,,1243.62
2020/9/18,13064,13064,,1234.1
2020/9/23,12843,12843,,1214.18
2020/9/24,12660,12660,,1197.79
2020/9/25,12669,12669,,1201.71
2020/9/28,12798,12798,,1215.25
2020/9/29,13023,13023,,1239.17
2020/9/30,13035,13035,,1242.59
2020/10/1,13063,13063,,1246.05
2020/10/2,13143,13143,,1255
2020/10/5,13054,13054,,1261.73
2020/10/6,13291,13291,,1285.29
2020/10/7,13141,13141,,1272.54
2020/10/8,13377,13377,,1295.84
2020/10/9,13473,13473,,1306.32
2020/10/12,13552,13552,,1314.42
2020/10/13,13687,13687,,1328
2020/10/14,13614,13614,,1322.88
2020/10/15,13525,13525,,1313.98
2020/10/16,13450,13450,,1306.78
2020/10/19,13491,13491,,1315.92
2020/10/20,13361,13361,,1304.97
2020/10/21,13385,13385,,1308.7
2020/10/22,13228,13228,,1294.59
2020/10/23,13274,13274,,1299.26
2020/10/26,13337,13337,,1306.06
2020/10/27,13112,13112,,1284.62
2020/10/28,13001,13001,,1276.43
2020/10/29,12563,12563,,1234.5
2020/10/30,12671,12671,,1246.47
2020/11/2,12549,12549,,1236.06
2020/11/4,12954,12954,,1277.68
2020/11/5,13195,13195,,1319.75
2020/11/6,13387,13387,,1340.77
2020/11/9,13360,13360,,1336.51
2020/11/10,13793,13793,,1379.14
2020/11/11,13805,13805,,1380.65
2020/11/12,13959,13959,,1394.49
2020/11/13,13775,13775,,1374.6
2020/11/16,13880,13880,,1383.94
2020/11/17,14019,14019,,1400.75
2020/11/18,13930,13930,,1393.36
2020/11/19,13809,13809,,1381.47
2020/11/20,13847,13847,,1383.76
2020/11/24,13951,13951,,1393.91
2020/11/25,14156,14156,,1415.63
2020/11/26,14140,14140,,1415.88
2020/11/27,14105,14105,,1412.53
2020/11/30,14130,14130,,1414.99
2020/12/1,14087,14087,,1410.7
2020/12/2,14266,14266,,1429.74
2020/12/3,14311,14311,,1451.13
2020/12/4,14243,14243,,1445.36
2020/12/7,14391,14391,,1459.87
2020/12/8,14375,14375,,1458.29
2020/12/9,14429,14429,,1465.83
2020/12/10,14346,14346,,1458.79
2020/12/11,14325,14325,,1456.78
2020/12/14,14285,14285,,1454.87
2020/12/15,14281,14281,,1455.61
2020/12/16,14367,14367,,1466.91
2020/12/17,14384,14384,,1474.28
2020/12/18,14463,14463,,1483.27
2020/12/21,14430,14430,,1480.56
2020/12/22,14317,14317,,1470.11
2020/12/23,14364,14364,,1477.33
2020/12/24,14408,14408,,1482.73
2020/12/25,14421,14421,,1484.81
2020/12/28,14444,14444,,1488.91
2020/12/29,14576,14576,,1502.56
2020/12/30,14536,14536,,1498.42
2021/1/4,14526,14526,,1500.73
2021/1/5,14416,14416,,1489.89
2021/1/6,14451,14451,,1510.82
2021/1/7,14594,14594,,1527.07
2021/1/8,14894,14894,,1559.43
2021/1/12,14910,14910,,1562.09
2021/1/13,14864,14864,,1558.02
2021/1/14,14914,14914,,1563.76
2021/1/15,14882,14882,,1561.32
2021/1/18,14745,14745,,1547.63
2021/1/19,14740,14740,,1548.9
2021/1/20,14873,14873,,1562.85
2021/1/21,14999,14999,,1583.38
2021/1/22,15003,15003,,1585.51
2021/1/25,14992,14992,,1585.27
2021/1/26,14987,14987,,1585.8
2021/1/27,14966,14966,,1586.24
2021/1/28,14683,14683,,1557.11
2021/1/29,14834,14834,,1574.03
2021/2/1,14596,14596,,1549.66
2021/2/2,14832,14832,,1575.03
2021/2/3,15057,15057,,1615.99
2021/2/4,15073,15073,,1619.52
2021/2/5,15273,15273,,1641.46
2021/2/8,15353,15353,,1650.41
2021/2/9,15410,15410,,1657.28
2021/2/10,15338,15338,,1650.29
2021/2/12,15397,15397,,1656.56
2021/2/15,15531,15531,,1672.69
2021/2/16,15639,15639,,1685.89
2021/2/17,15711,15711,,1693.66
2021/2/18,15603,15603,,1688.96
2021/2/19,15535,15535,,1682.62
2021/2/22,15523,15523,,1682.45
2021/2/24,15394,15394,,1669.69
2021/2/25,15621,15621,,1696.34
2021/2/26,15337,15337,,1666.96
2021/3/1,15244,15244,,1658.31
2021/3/2,15625,15625,,1700.87
2021/3/3,15535,15535,,1709.24
2021/3/4,15387,15387,,1693.72
2021/3/5,15314,15314,,1686.2
2021/3/8,15559,15559,,1713.7
2021/3/9,15625,15625,,1721.98
2021/3/10,15780,15780,,1740.61
2021/3/11,15856,15856,,1750.28
2021/3/12,16059,16059,,1775.21
2021/3/15,16119,16119,,1783.2
2021/3/16,16229,16229,,1796.42
2021/3/17,16211,16211,,1797.34
2021/3/18,16239,16239,,1801.92
2021/3/19,16047,16047,,1786
2021/3/22,15983,15983,,1780.5
2021/3/23,16080,16080,,1792.51
2021/3/24,15911,15911,,1777.1
2021/3/25,15857,15857,,1772.27
2021/3/26,15970,15970,,1786.26
2021/3/29,16240,16240,,1818.45
2021/3/30,16257,16257,,1821.5
2021/3/31,16363,16363,,1835.3
2021/4/1,16431,16431,,1843.45
2021/4/2,16596,16596,,1863.65
2021/4/5,16589,16589,,1882.38
2021/4/6,16721,16721,,1897.35
2021/4/7,16687,16687,,1893.47
2021/4/8,16696,16696,,1899.83
2021/4/9,16733,16733,,1906.11
2021/4/12,16884,16884,,1924.83
2021/4/13,16839,16839,,1920.63
2021/4/14,16801,16801,,1920.26
2021/4/15,16782,16782,,1920.63
2021/4/16,16909,16909,,1941.29
2021/4/19,16971,16971,,1951.62
2021/4/20,16847,16847,,1939.63
2021/4/21,16666,16666,,1921.33
2021/4/22,16805,16805,,1940.27
2021/4/23,16702,16702,,1930.26
2021/4/26,16856,16856,0,1949.2
2021/4/27,16938,16938,,1959.41
2021/4/28,17048,17048,,1975.61
2021/4/30,17129,17129,,1986.96
2021/5/6,17013,17013,,1975.37
2021/5/7,17094,17094,,1987.39
2021/5/10,17208,17208,,2023.27
2021/5/11,17100,17100,,2012.64
2021/5/12,16897,16897,,1993.62
2021/5/13,16738,16738,,1977.22
2021/5/14,16867,16867,,1994.67
2021/5/17,17103,17103,,2023.44
2021/5/18,17047,17047,,2018.04
2021/5/19,16951,16951,,2011.34
2021/5/20,16875,16875,,2003.78
2021/5/21,17037,17037,,2028.73
2021/5/24,17042,17042,,2032.39
2021/5/25,17169,17169,,2048.51
2021/5/26,17143,17143,,2047.69
2021/5/27,17219,17219,,2059.36
2021/5/28,17376,17376,,2079.69
2021/5/31,17380,17380,,2081.87
2021/6/1,17315,17315,,2075.74
2021/6/2,17380,17380,,2083.51
2021/6/3,17401,17401,,2110.48
2021/6/4,17419,17419,,2114.3
2021/6/7,17457,17457,,2120.48
2021/6/8,17454,17454,,2121.79
2021/6/9,17459,17459,,2126.5
2021/6/10,17463,17463,,2129.07
2021/6/11,17511,17511,,2137
2021/6/14,17593,17593,,2150.35
2021/6/15,17689,17689,,2164.44
2021/6/16,17672,17672,,2170.73
2021/6/17,17666,17666,,2173.81
2021/6/18,17568,17568,,2164.43
2021/6/21,17317,17317,,2135.53
2021/6/22,17523,17523,,2163.4
2021/6/23,17698,17698,,2188.45
2021/6/24,17717,17717,,2193.53
2021/6/25,17816,17816,,2206.95
2021/6/28,17819,17819,,2208.45
2021/6/29,17793,17793,,2207.67
2021/6/30,17812,17812,,2215.65
2021/7/1,17854,17854,,2222.77
2021/7/2,18023,18023,,2246.45
2021/7/5,18062,18062,,2275.49
2021/7/6,18034,18034,,2273.83
2021/7/7,17905,17905,,2257.63
2021/7/8,17985,17985,,2274.01
2021/7/9,17706,17706,,2241.09
2021/7/12,17961,17961,,2276.21
2021/7/13,18062,18062,,2292.14
2021/7/14,18028,18028,,2292.95
2021/7/15,17919,17919,,2280.48
2021/7/16,17831,17831,,2270.61
2021/7/19,17712,17712,,2263.35
2021/7/20,17369,17369,,2221.03
2021/7/21,17653,17653,,2259.22
2021/7/26,18153,18153,,2326.27
2021/7/27,18140,18140,,2325.16
2021/7/28,17984,17984,,2309.63
2021/7/29,18009,18009,,2312.73
2021/7/30,18065,18065,,2321.52
2021/8/2,17988,17988,,2312.57
2021/8/3,17949,17949,,2308.56
2021/8/4,18010,18010,,2342.44
2021/8/5,18071,18071,,2351.6
2021/8/6,18207,18207,,2370.82
2021/8/10,18267,18267,,2380.14
2021/8/11,18335,18335,,2390.62
2021/8/12,18337,18337,,2395.02
2021/8/13,18396,18396,,2404.54
2021/8/16,18289,18289,,2392.33
2021/8/17,18232,18232,,2390.86
2021/8/18,18164,18164,,2386.12
2021/8/19,18089,18089,,2378.15
2021/8/20,18009,18009,,2369.34
2021/8/23,18133,18133,,2387.1
2021/8/24,18291,18291,,2410.4
2021/8/25,18344,18344,,2418.99
2021/8/26,18422,18422,,2430.46
2021/8/27,18298,18298,,2415.72
2021/8/30,18422,18422,,2432.77
2021/8/31,18510,18510,,2445.89
2021/9/1,18517,18517,,2446.84
2021/9/2,18536,18536,,2453.12
2021/9/3,18598,18598,,2486.6
2021/9/6,18561,18561,,2482.54
2021/9/7,18587,18587,,2487.33
2021/9/8,18585,18585,,2487.04
2021/9/9,18497,18497,,2481.09
2021/9/10,18356,18356,,2465.16
2021/9/13,18272,18272,,2454.86
2021/9/14,18318,18318,,2463.91
2021/9/15,18169,18169,,2446.93
2021/9/16,18220,18220,,2461.47
2021/9/17,18262,18262,,2470.47
2021/9/21,17736,17736,,2400.73
2021/9/22,17719,17719,,2399.98
2021/9/24,18296,18296,,2479.81
2021/9/27,18319,18319,,2484.87
2021/9/28,18310,18310,,2487
2021/9/29,18027,18027,,2451.33
2021/9/30,18078,18078,,2459.13
2021/10/1,17854,17854,,2429.78
2021/10/4,17922,17922,,2440.97
2021/10/5,17720,17720,,2439.15
2021/10/6,18016,18016,,2481.75
2021/10/7,17988,17988,,2478.68
2021/10/8,18233,18233,,2513.69
2021/10/11,18301,18301,,2524.49
2021/10/12,18396,18396,,2540.73
2021/10/13,18368,18368,,2539.97
2021/10/14,18463,18463,,2554.83
2021/10/15,18827,18827,,2605.57
2021/10/18,19024,19024,,2638.66
2021/10/19,19061,19061,,2646.55
2021/10/20,19272,19272,,2678.12
2021/10/21,19287,19287,,2681.13
2021/10/22,19272,19272,,2680.64
2021/10/25,19220,19220,,2674.41
2021/10/26,19298,19298,,2686.19
2021/10/27,19392,19392,,2703.34
2021/10/28,19242,19242,,2684.19
2021/10/29,19399,19399,,2707.75
2021/11/1,19440,19440,,2715.4
2021/11/2,19525,19525,,2728.53
2021/11/4,19693,19693,,2779.69
2021/11/5,19683,19683,,2780.04
2021/11/8,19711,19711,,2786.58
2021/11/9,19684,19684,,2785.44
2021/11/10,19565,19565,,2774.9
2021/11/11,19583,19583,,2779.36
2021/11/12,19642,19642,,2790.87
2021/11/15,19739,19739,,2807.22
2021/11/16,19771,19771,,2814.03
2021/11/17,19927,19927,,2846.86
2021/11/18,19760,19760,,2825.32
2021/11/19,19831,19831,,2837.5
2021/11/22,19710,19710,,2822.15
2021/11/24,19780,19780,,2834.44
2021/11/25,19839,19839,,2847.3
2021/11/26,19785,19785,,2843.08
2021/11/29,19123,19123,,2747.96
2021/11/30,19322,19322,,2780.81
2021/12/1,18918,18918,,2726.26
2021/12/2,18730,18730,,2702.4
2021/12/3,18918,18918,,2758.31
2021/12/6,18745,18745,,2735.87
2021/12/7,19032,19032,,2779.99
2021/12/8,19457,19457,,2846.27
2021/12/9,19567,19567,,2865.82
2021/12/10,19357,19357,,2840.75
2021/12/13,19484,19484,,2861.91
2021/12/14,19330,19330,,2842.41
2021/12/15,19201,19201,,2827.04
2021/12/16,19525,19525,,2876.45
2021/12/17,19384,19384,,2864.34
2021/12/20,19161,19161,,2833.59
2021/12/21,18948,18948,,2804.05
2021/12/22,19374,19374,,2871.48
2021/12/23,19589,19589,,2905.05
2021/12/24,19772,19772,,2933.87
2021/12/27,19752,19752,,2931.81
2021/12/28,20071,20071,,2979.16
2021/12/29,20052,20052,,2976.31
2021/12/30,20110,20110,,2985.04
2022/1/4,20185,20185,,3000.81
2022/1/5,20331,20331,,3023.94
2022/1/6,19988,19988,,2999.82
2022/1/7,19899,19899,,2989.28
2022/1/11,19670,19670,,2956.67
2022/1/12,19873,19873,,2990.39
2022/1/13,19853,19853,,2996.44
2022/1/14,19539,19539,,2952.13
2022/1/17,19531,19531,,2954.08
2022/1/18,19607,19607,,2968
2022/1/19,19286,19286,,2919.43
2022/1/20,19093,19093,,2902.5
2022/1/21,18863,18863,,2868.82
2022/1/24,18517,18517,,2818.94
2022/1/25,18432,18432,,2806.71
2022/1/26,18231,18231,,2777.49
2022/1/27,18363,18363,,2797.94
2022/1/28,18397,18397,,2804.63
2022/1/31,18703,18703,,2853.04
2022/2/1,19010,19010,,2900.97
2022/2/2,19114,19114,,2920.61
2022/2/3,19213,19213,,2961.43
2022/2/4,18922,18922,,2918.64
2022/2/7,19024,19024,,2935.89
2022/2/8,19014,19014,,2935.77
2022/2/9,19176,19176,,2963.71
2022/2/10,19484,19484,,3016.12
2022/2/14,18872,18872,,2922.94
2022/2/15,18732,18732,,2904.14
2022/2/16,19077,19077,,2960.63
2022/2/17,19060,19060,,2966.06
2022/2/18,18630,18630,,2901.07
2022/2/21,18491,18491,,2881.13
2022/2/22,18396,18396,,2867.86
2022/2/24,17998,17998,,2805.74
2022/2/25,18148,18148,,2833.59
2022/2/28,18577,18577,,2900.51
2022/3/1,18525,18525,,2894.72
2022/3/2,18152,18152,,2841.84
2022/3/3,18534,18534,,2927.93
2022/3/4,18315,18315,,2895.83
2022/3/7,17970,17970,,2843.05
2022/3/8,17569,17569,,2780.77
2022/3/9,17525,17525,,2776.15
2022/3/10,18106,18106,,2874.29
2022/3/11,18038,18038,,2864.11
2022/3/14,18046,18046,,2868.22
2022/3/15,18062,18062,,2872.12
2022/3/16,18360,18360,,2922.38
2022/3/17,18945,18945,,3018.68
2022/3/18,19151,19151,,3053.38
2022/3/22,19541,19541,,3124.08
2022/3/23,19961,19961,,3193.17
2022/3/24,19724,19724,,3159.76
2022/3/25,20103,20103,,3221.41
2022/3/28,20181,20181,,3234.94
2022/3/29,20628,20628,,3309.14
2022/3/30,20655,20655,,3314.84
2022/3/31,20551,20551,,3297.96
2022/4/1,20207,20207,,3241.58
2022/4/4,20310,20310,,3259.33
2022/4/5,20490,20490,,3313.22
2022/4/6,20498,20498,,3316.06
2022/4/7,20213,20213,,3272.13
2022/4/8,20273,20273,,3282.49
2022/4/11,20416,20416,,3306.88
2022/4/12,20283,20283,,3291.34
2022/4/13,20204,20204,,3280.63
2022/4/14,20414,20414,,3315.53
2022/4/15,20340,20340,,3304.29
2022/4/18,20384,20384,,3317.52
2022/4/19,20467,20467,,3330.97
2022/4/20,21053,21053,,3426.33
2022/4/21,20901,20901,,3407.29
2022/4/22,20700,20700,,3375.98
2022/4/25,20181,20181,0,3291.2
2022/4/26,19982,19982,,3259.52
2022/4/27,19472,19472,,3181.17
2022/4/28,19672,19672,,3215.58
2022/5/2,19743,19743,,3229.04
2022/5/6,19751,19751,,3232.59
2022/5/9,19588,19588,,3206.03
2022/5/10,18859,18859,,3117.69
2022/5/11,18947,18947,,3139.53
2022/5/12,18675,18675,,3098
2022/5/13,18465,18465,,3065.96
2022/5/16,19045,19045,,3164.32
2022/5/17,18949,18949,,3150.42
2022/5/18,19339,19339,,3221.45
2022/5/19,18553,18553,,3092.43
2022/5/20,18386,18386,,3066.5
2022/5/23,18428,18428,,3081.36
2022/5/24,18756,18756,,3139.44
2022/5/25,18471,18471,,3094.33
2022/5/26,18714,18714,,3137.81
2022/5/27,18966,18966,,3182.47
2022/5/30,19386,19386,,3255.04
2022/5/31,19617,19617,,3295.27
2022/6/1,19584,19584,,3289.89
2022/6/2,19592,19592,,3295.95
2022/6/3,19918,19918,,3377.05
2022/6/6,19787,19787,,3354.9
2022/6/7,20071,20071,,3403.04
2022/6/8,20300,20300,,3446.07
2022/6/9,20369,20369,,3458.97
2022/6/10,19857,19857,,3377.99
2022/6/13,19359,19359,,3293.81
2022/6/14,18534,18534,,3155.12
2022/6/15,18534,18534,,3158.54
2022/6/16,18724,18724,,3198.02
2022/6/17,18020,18020,,3083.26
2022/6/20,18305,18305,,3134.65
2022/6/21,18361,18361,,3146.46
2022/6/22,18882,18882,,3235.74
2022/6/23,18803,18803,,3228.13
2022/6/24,18755,18755,,3220.95
2022/6/27,19223,19223,,3302.24
2022/6/28,19357,19357,,3326.93
2022/6/29,19148,19148,,3294.69
2022/6/30,19155,19155,,3297.27
2022/7/1,18864,18864,,3247.27
2022/7/4,18857,18857,,3247.53
2022/7/5,19054,19054,,3306.97
2022/7/6,18883,18883,,3277.29
2022/7/7,18970,18970,,3294.76
2022/7/8,19310,19310,,3354.96
2022/7/11,19362,19362,,3365.53
2022/7/12,19216,19216,,3348.03
2022/7/13,19056,19056,,3323.24
2022/7/14,19095,19095,,3331.71
2022/7/15,19097,19097,,3333.9
2022/7/19,19321,19321,,3379.97
2022/7/20,19820,19820,,3470.05
2022/7/21,19956,19956,,3496.12
2022/7/22,19961,19961,,3498.73
2022/7/25,19697,19697,,3452.65
2022/7/26,19727,19727,,3457.5
2022/7/27,19587,19587,,3436.36
2022/7/28,19924,19924,,3496.39
2022/7/29,19907,19907,,3494.17
2022/8/1,19924,19924,,3498.09
2022/8/2,19605,19605,,3442.36
2022/8/3,19871,19871,,3514.86
2022/8/4,20130,20130,,3562.44
2022/8/5,20064,20064,,3552.26
2022/8/8,20340,20340,,3602.19
2022/8/9,20306,20306,,3597.4
2022/8/10,20262,20262,,3598.14
2022/8/12,20401,20401,,3623.01
2022/8/15,20615,20615,,3663.5
2022/8/16,20665,20665,,3674.42
2022/8/17,20890,20890,,3721.56
2022/8/18,20820,20820,,3710.02
2022/8/19,21044,21044,,3749.27
2022/8/22,20909,20909,,3725.88
2022/8/23,20516,20516,,3656.29
2022/8/24,20413,20413,,3640.09
2022/8/25,20490,20490,,3653.57
2022/8/26,20700,20700,,3693.03
2022/8/29,20314,20314,,3626.85
2022/8/30,20231,20231,,3613.47
2022/8/31,20042,20042,,3579.58
2022/9/1,19995,19995,,3574.66
2022/9/2,20010,20010,,3578.51
2022/9/5,19957,19957,,3593.55
2022/9/6,19947,19947,,3593.6
2022/9/7,20242,20242,,3646.82
2022/9/8,20733,20733,,3738.6
2022/9/9,20811,20811,,3755.1
2022/9/12,21014,21014,,3799.52
2022/9/13,21250,21250,,3842.07
2022/9/14,20698,20698,,3745.14
2022/9/15,20542,20542,,3716.51
2022/9/16,20312,20312,,3682.49
2022/9/20,20261,20261,,3676.81
2022/9/21,20081,20081,,3645.77
2022/9/22,19874,19874,,3612.25
2022/9/26,19155,19155,,3482.89
2022/9/27,19040,19040,,3463.47
2022/9/28,19011,19011,,3462.34
2022/9/29,19309,19309,,3519.94
2022/9/30,19059,19059,,3476.06
2022/10/3,18865,18865,,3442.64
2022/10/4,19275,19275,,3519.96
2022/10/5,19824,19824,,3647.77
2022/10/6,19850,19850,,3655.51
2022/10/7,19648,19648,,3619.81
2022/10/11,19105,19105,,3520.05
2022/10/12,19003,19003,,3502.94
2022/10/13,19052,19052,,3522.77
2022/10/14,19537,19537,,3614.4
2022/10/17,19331,19331,,3577.96
2022/10/18,19867,19867,,3684.83
2022/10/19,20131,20131,,3737.99
2022/10/20,20057,20057,,3725.22
2022/10/21,19986,19986,,3712.44
2022/10/24,20197,20197,,3753.21
2022/10/25,20426,20426,,3796.64
2022/10/26,20659,20659,,3843.01
2022/10/27,20341,20341,,3785.32
2022/10/28,20298,20298,,3777.55
2022/10/31,20881,20881,,3886.42
2022/11/1,20823,20823,,3875.71
2022/11/2,20646,20646,,3843.47
2022/11/4,20060,20060,,3757.47
2022/11/7,20251,20251,,3794.77
2022/11/8,20391,20391,,3822.8
2022/11/9,20420,20420,,3832.27
2022/11/10,20137,20137,,3787.52
2022/11/11,20538,20538,,3863.2
2022/11/14,20462,20462,,3852.29
2022/11/15,20438,20438,,3849.65
2022/11/16,20493,20493,,3861.13
2022/11/17,20329,20329,,3839.58
2022/11/18,20369,20369,,3848.28
2022/11/21,20462,20462,,3867.08
2022/11/22,20616,20616,,3896.96
2022/11/24,20631,20631,,3903.08
2022/11/25,20631,20631,,3904.03
2022/11/28,20616,20616,,3901.17
2022/11/29,20296,20296,,3844.31
2022/11/30,20265,20265,,3841.06
2022/12/1,20562,20562,,3898.23
2022/12/2,20400,20400,,3869.13
2022/12/5,20253,20253,,3868.89
2022/12/6,20201,20201,,3860.65
2022/12/7,20038,20038,,3831.92
2022/12/8,19886,19886,,3804.11
2022/12/9,20081,20081,,3843.58
2022/12/12,19960,19960,,3829.7
2022/12/13,20322,20322,,3900.59
2022/12/14,20181,20181,,3879.1
2022/12/15,20113,20113,,3867.62
2022/12/16,19908,19908,,3829.05
2022/12/19,19460,19460,,3752.95
2022/12/20,19089,19089,,3683.27
2022/12/21,18710,18710,,3611.82
2022/12/22,19058,19058,,3682.67
2022/12/23,18874,18874,,3649.86
2022/12/26,18898,18898,,3657.64
2022/12/27,19047,19047,,3688.47
2022/12/28,19092,19092,,3697.29
2022/12/29,18939,18939,,3667.65
2022/12/30,19021,19021,,3692.18
2023/1/4,18677,18677,,3626.63
2023/1/5,19058,19058,,3701.44
2023/1/6,19073,19073,,3729.96
2023/1/10,19291,19291,,3778.52
2023/1/11,19451,19451,,3811.72
2023/1/12,19608,19608,,3853.7
2023/1/13,19333,19333,,3801.67
2023/1/16,19218,19218,,3780.86
2023/1/17,19316,19316,,3801.3
2023/1/18,19684,19684,,3873.75
2023/1/19,19084,19084,,3768.57
2023/1/20,18967,18967,,3746.66
2023/1/23,19372,19372,,3827.91
2023/1/24,19742,19742,,3903.4
2023/1/25,19721,19721,,3901.86
2023/1/26,19556,19556,,3869.51
2023/1/27,19781,19781,,3916
2023/1/30,19910,19910,,3942.25
2023/1/31,19740,19740,,3909.67
2023/2/1,19872,19872,,3936.78
2023/2/2,19876,19876,,3938.39
2023/2/3,20128,20128,,4014.01
2023/2/6,20503,20503,,4090.22
2023/2/7,20374,20374,,4064.76
2023/2/8,20324,20324,,4055.87
2023/2/9,20268,20268,,4043.89
2023/2/10,20172,20172,,4031.03
2023/2/13,20152,20152,,4027.72
2023/2/14,20472,20472,,4094.05
2023/2/15,20559,20559,,4112.82
2023/2/16,20809,20809,,4170.24
2023/2/17,20629,20629,,4135.02
2023/2/20,20582,20582,,4125.97
2023/2/21,20573,20573,,4124.07
2023/2/22,20321,20321,,4073.49
2023/2/24,20228,20228,,4059.38
2023/2/27,20308,20308,,4077.44
2023/2/28,20432,20432,,4105.19
2023/3/1,20357,20357,,4093.17
2023/3/2,20279,20279,,4079.61
2023/3/3,20479,20479,,4145.8
2023/3/6,20663,20663,,4185.16
2023/3/7,20718,20718,,4196.46
2023/3/8,20566,20566,,4168.14
2023/3/9,20546,20546,,4165.16
2023/3/10,20111,20111,,4085.26
2023/3/13,19600,19600,,3982.4
2023/3/14,19334,19334,,3931.61
2023/3/15,19839,19839,,4036.73
2023/3/16,19357,19357,,3939.17
2023/3/17,19706,19706,,4014.61
2023/3/20,19404,19404,,3961.43
2023/3/22,19828,19828,,4049.62
2023/3/23,19394,19394,,3964
2023/3/24,19372,19372,,3961.59
2023/3/27,19366,19366,,3961.52
2023/3/28,19465,19465,,3984.45
2023/3/29,19554,19554,,4007.07
2023/3/30,20005,20005,,4101.72
2023/3/31,20329,20329,,4169.13
2023/4/3,20485,20485,,4202.3
2023/4/4,20508,20508,,4207.6
2023/4/5,20277,20277,,4184.55
2023/4/6,20138,20138,,4155.68
2023/4/7,20307,20307,,4191.5
2023/4/10,20431,20431,,4217.68
2023/4/11,20572,20572,,4246.87
2023/4/12,20678,20678,,4268.67
2023/4/13,20587,20587,,4260.38
2023/4/14,20730,20730,,4289.45
2023/4/17,20889,20889,,4328.09
2023/4/18,21013,21013,,4352.38
2023/4/19,21013,21013,,4354.67
2023/4/20,21113,21113,,4374.3
2023/4/21,20930,20930,,4335.11
2023/4/24,20926,20926,,4335.22
2023/4/25,21001,21001,0,4351.18
2023/4/26,20600,20600,,4269.55
2023/4/27,20518,20518,,4254
2023/4/28,20885,20885,,4330.56
2023/5/1,21454,21454,,4449.1
2023/5/2,21568,21568,,4473.67
2023/5/8,21082,21082,,4372.85
2023/5/9,21142,21142,,4410.69
2023/5/10,21022,21022,,4385.62
2023/5/11,20933,20933,,4376.03
2023/5/12,20939,20939,,4379.95
2023/5/15,21116,21116,,4418.22
2023/5/16,21214,21214,,4438.88
2023/5/17,21130,21130,,4424.62
2023/5/18,21475,21475,,4497.78
2023/5/19,21749,21749,,4555.36
2023/5/22,21668,21668,,4545.46
2023/5/23,21802,21802,,4573.05
2023/5/24,21588,21588,,4528.81
2023/5/25,21507,21507,,4512.23
2023/5/26,21640,21640,,4541.22
2023/5/29,22056,22056,,4630.37
2023/5/30,21977,21977,,4615.41
2023/5/31,21859,21859,,4590.8
2023/6/1,21596,21596,,4537.64
2023/6/2,21804,21804,,4582.55
2023/6/5,22291,22291,,4712.03
2023/6/6,22166,22166,,4687.82
2023/6/7,22210,22210,,4699.07
2023/6/8,22206,22206,,4698.33
2023/6/9,22210,22210,,4700.84
2023/6/12,22254,22254,,4717.75
2023/6/13,22469,22469,,4764.28
2023/6/14,22699,22699,,4817.12
2023/6/15,22799,22799,,4839.81
2023/6/16,23055,23055,,4901.99
2023/6/19,23285,23285,,4953.9
2023/6/20,23279,23279,,4953.78
2023/6/21,23066,23066,,4908.35
2023/6/22,23027,23027,,4903.59
2023/6/23,23239,23239,,4949.74
2023/6/26,23094,23094,,4919.86
2023/6/27,23040,23040,,4909.41
2023/6/28,23313,23313,,4971.97
2023/6/29,23403,23403,,4992.24
2023/6/30,23576,23576,,5030.88
2023/7/3,23787,23787,,5076.33
2023/7/4,23824,23824,,5085.41
2023/7/5,23825,23825,,5113.77
2023/7/6,23707,23707,,5088.34
2023/7/7,23390,23390,,5023.75
2023/7/10,23122,23122,,4967.68
2023/7/11,23021,23021,,4947.5
2023/7/12,22945,22945,,4942.26
2023/7/13,22995,22995,,4954.4
2023/7/14,23140,23140,,4988.87
2023/7/18,23307,23307,,5033.99
2023/7/19,23481,23481,,5072.97
2023/7/20,23654,23654,,5116.11
2023/7/21,23571,23571,,5099.83
2023/7/24,23878,23878,,5169.26
2023/7/25,23880,23880,,5170.82
2023/7/26,23873,23873,,5172.43
2023/7/27,23739,23739,,5145.95
2023/7/28,23497,23497,,5095.41
2023/7/31,23934,23934,,5191.74
2023/8/1,24225,24225,,5257.37
2023/8/2,24257,24257,,5266.55
2023/8/3,23914,23914,,5219.03
2023/8/4,23748,23748,,5184.72
2023/8/7,23495,23495,,5130.54
2023/8/8,23872,23872,,5214.36
2023/8/9,23822,23822,,5207.93
2023/8/10,23808,23808,,5214.57
2023/8/14,23959,23959,,5248.98
2023/8/15,24124,24124,,5289.41
2023/8/16,23865,23865,,5235.57
2023/8/17,23827,23827,,5238.02
2023/8/18,23525,23525,,5173.48
2023/8/21,23436,23436,,5155.92
2023/8/22,23713,23713,,5218.56
2023/8/23,23583,23583,,5191.69
2023/8/24,23685,23685,,5215.77
2023/8/25,23603,23603,,5198.79
2023/8/28,23774,23774,,5238.36
2023/8/29,23942,23942,,5277.96
2023/8/30,24220,24220,,5339.25
2023/8/31,24349,24349,,5372.11
2023/9/1,24210,24210,,5341.56
2023/9/4,24319,24319,,5365.48
2023/9/5,24375,24375,,5405.08
2023/9/6,24454,24454,,5422.53
2023/9/7,24307,24307,,5394.57
2023/9/8,24082,24082,,5346.16
2023/9/11,24111,24111,,5354.04
2023/9/12,24233,24233,,5391.26
2023/9/13,24229,24229,,5393.99
2023/9/14,24203,24203,,5389.88
2023/9/15,24472,24472,,5450.32
2023/9/19,24262,24262,,5412.07
2023/9/20,24225,24225,,5407.6
2023/9/21,24167,24167,,5396.76
2023/9/22,23663,23663,,5287.51
2023/9/25,23749,23749,,5308.1
2023/9/26,23837,23837,,5329.28
2023/9/27,23537,23537,,5268.43
2023/9/28,23609,23609,,5286.78
2023/9/29,23761,23761,,5323.05
2023/10/2,23768,23768,,5327
2023/10/3,23675,23675,,5308.02
2023/10/4,23260,23260,,5241.98
2023/10/5,23344,23344,,5261.65
2023/10/6,23338,23338,,5260.61
2023/10/10,23701,23701,,5344.6
2023/10/11,23929,23929,,5397.58
2023/10/12,24122,24122,,5453.74
2023/10/13,24064,24064,,5441.86
2023/10/16,23855,23855,,5396.68
2023/10/17,24084,24084,,5449.45
2023/10/18,24126,24126,,5469.64
2023/10/19,23806,23806,,5398.2
2023/10/20,23611,23611,,5353.68
2023/10/23,23305,23305,,5284.68
2023/10/24,23276,23276,,5280.9
2023/10/25,23429,23429,,5317.55
2023/10/26,23181,23181,,5263.23
2023/10/27,22967,22967,,5217.45
2023/10/30,22772,22772,,5174.73
2023/10/31,22960,22960,,5219.27
2023/11/1,23378,23378,,5315.21
2023/11/2,23492,23492,,5342.5
2023/11/6,24052,24052,,5497.89
2023/11/7,24133,24133,,5518.05
2023/11/8,24250,24250,,5545.61
2023/11/9,24343,24343,,5565.21
2023/11/10,24273,24273,,5557.9
2023/11/13,24561,24561,,5622.56
2023/11/14,24606,24606,,5633.91
2023/11/15,24952,24952,,5713.81
2023/11/16,25123,25123,,5751.5
2023/11/17,25012,25012,,5734.52
2023/11/20,24983,24983,,5726.91
2023/11/21,24864,24864,,5698.27
2023/11/22,24835,24835,,5691.16
2023/11/24,25149,25149,,5763.1
2023/11/27,25169,25169,,5767.82
2023/11/28,24897,24897,,5706.01
2023/11/29,24731,24731,,5669.22
2023/11/30,24759,24759,,5675.78
2023/12/1,24970,24970,,5724.61
2023/12/4,24892,24892,,5708.54
2023/12/5,24897,24897,,5736.33
2023/12/6,24886,24886,,5731.47
2023/12/7,24813,24813,,5715.62
2023/12/8,24301,24301,,5596.17
2023/12/11,24772,24772,,5705.1
2023/12/12,24939,24939,,5752.99
2023/12/13,24985,24985,,5766.4
2023/12/14,24774,24774,,5718.27
2023/12/15,24938,24938,,5753.94
2023/12/18,24850,24850,,5739.21
2023/12/19,25020,25020,,5780.95
2023/12/20,25430,25430,,5872.53
2023/12/21,25042,25042,,5781.97
2023/12/22,25064,25064,,5785.16
2023/12/25,25083,25083,,5785.2
2023/12/26,25104,25104,,5788.3
2023/12/27,25290,25290,,5831.18
2023/12/28,25216,25216,,5813.98
2023/12/29,25195,25195,,5808.17
2024/1/4,25010,25010,,5765.49
2024/1/5,25271,25271,,5826.48
2024/1/9,25406,25406,,5884.94
2024/1/10,25479,25479,,5905.02
2024/1/11,25761,25761,,5978.04
2024/1/12,25660,25660,,5957.15
2024/1/15,25671,25671,,5961.18
2024/1/16,25760,25760,,5981.98
2024/1/17,25901,25901,,6014.69
2024/1/18,25864,25864,,6013.24
2024/1/19,26053,26053,,6058.26
2024/1/22,26319,26319,,6129.94
2024/1/23,26391,26391,,6148.32
2024/1/24,26437,26437,,6162.95
2024/1/25,26454,26454,,6167.21
2024/1/26,26535,26535,,6187.93
2024/1/29,26682,26682,,6225.23
2024/1/30,26712,26712,,6233.77
2024/1/31,26733,26733,,6241.5
2024/2/1,26258,26258,,6131.36
2024/2/2,26454,26454,,6179.18
2024/2/5,27024,27024,,6340.6
2024/2/6,26910,26910,,6317.83
2024/2/7,26867,26867,,6311.46
2024/2/8,27080,27080,,6363.07
2024/2/9,27347,27347,,6428.77
2024/2/13,27458,27458,,6466.32
2024/2/14,27298,27298,,6429.32
2024/2/15,27524,27524,,6487.4
2024/2/16,27683,27683,,6526.92
2024/2/19,27592,27592,,6517.69
2024/2/20,27652,27652,,6534.01
2024/2/21,27492,27492,,6496.17
2024/2/22,27581,27581,,6523.85
2024/2/26,28063,28063,,6639.31
2024/2/27,28041,28041,,6634.59
2024/2/28,28060,28060,,6642.27
2024/2/29,28023,28023,,6632.52
2024/3/1,28064,28064,,6642.47
2024/3/4,28260,28260,,6689.55
2024/3/5,28299,28299,,6725.43
2024/3/6,27982,27982,,6651.81
2024/3/7,27968,27968,,6649.15
2024/3/8,28076,28076,,6674.77
2024/3/11,27738,27738,,6596.06
2024/3/12,27685,27685,,6595.23
2024/3/13,28101,28101,,6695.8
2024/3/14,28125,28125,,6702.25
2024/3/15,28175,28175,,6715.21
2024/3/18,28152,28152,,6717.39
2024/3/19,28257,28257,,6746.38
2024/3/21,28924,28924,,6907.54
2024/3/22,29177,29177,,6968.49
2024/3/25,29065,29065,,6943.08
2024/3/26,29008,29008,,6929.41
2024/3/27,28998,28998,,6930.33
2024/3/28,29183,29183,,6976.71
2024/3/29,29189,29189,,6979.86
2024/4/1,29200,29200,,6983.42
2024/4/2,29179,29179,,6978.41
2024/4/3,28962,28962,,6926.38
2024/4/4,29070,29070,,6985.72
2024/4/5,28670,28670,,6891.21
2024/4/8,29005,29005,,6973.71
2024/4/9,29085,29085,,6995.31
2024/4/10,29068,29068,,7007.34
2024/4/11,29010,29010,,6995.08
2024/4/12,29163,29163,,7035.15
2024/4/15,28848,28848,,6960.16
2024/4/16,28733,28733,,6941.01
2024/4/17,28658,28658,,6926.65
2024/4/18,28491,28491,,6887.05
2024/4/19,28505,28505,,6893.61
2024/4/22,28324,28324,,6850.03
2024/4/23,28583,28583,,6912.42
2024/4/24,28955,28955,,7005.51
2024/4/25,29058,29058,0,7032.1
2024/4/26,28991,28991,,7017.81
2024/4/30,29575,29575,,7161.88
2024/5/1,29330,29330,,7104.5
2024/5/2,28941,28941,,7013.15
2024/5/7,29402,29402,,7154.63
2024/5/8,29636,29636,,7214.62
2024/5/9,29781,29781,,7255.08
2024/5/10,29950,29950,,7309.92
2024/5/13,30082,30082,,7343.62
2024/5/14,30165,30165,,7367.23
2024/5/15,30338,30338,,7411.67
2024/5/16,30198,30198,,7379.18
2024/5/17,30452,30452,,7445.74
2024/5/20,30557,30557,,7473.69
2024/5/21,30708,30708,,7513.04
2024/5/22,30710,30710,,7525.03
2024/5/23,30711,30711,,7527.85
2024/5/24,30565,30565,,7494.05
2024/5/27,30678,30678,,7523.18
2024/5/28,30733,30733,,7538.81
2024/5/29,30772,30772,,7548.39
2024/5/30,30521,30521,,7495.78
2024/5/31,30274,30274,,7436.34
2024/6/3,30581,30581,,7512.07
2024/6/4,30507,30507,,7495.53
2024/6/5,30255,30255,,7465.93
2024/6/6,30691,30691,,7575.98
2024/6/7,30741,30741,,7590.71
2024/6/10,30861,30861,,7621.66
2024/6/11,30969,30969,,7649.91
2024/6/12,30929,30929,,7658.57
2024/6/13,31170,31170,,7720.58
2024/6/14,31186,31186,,7726.15
2024/6/17,31140,31140,,7724.31
2024/6/18,31387,31387,,7786.7
2024/6/19,31541,31541,,7832.14
2024/6/20,31573,31573,,7840.7
2024/6/21,31728,31728,,7879.14
2024/6/24,31799,31799,,7901.99
2024/6/25,31735,31735,,7887.87
2024/6/26,31857,31857,,7920.27
2024/6/27,32041,32041,,7969.79
2024/6/28,32119,32119,,7991.79
2024/7/1,32067,32067,,7981.12
2024/7/2,32232,32232,,8024.38
2024/7/3,32362,32362,,8090.18
2024/7/4,32550,32550,,8141.19
2024/7/5,32545,32545,,8142.44
2024/7/8,32582,32582,,8151.74
2024/7/9,32634,32634,,8168.93
2024/7/10,32719,32719,,8209.68
2024/7/11,33090,33090,,8304.95
2024/7/12,32414,32414,,8141.29
2024/7/16,32524,32524,,8170.6
2024/7/17,32702,32702,,8217.42
2024/7/18,31776,31776,,8000.26
2024/7/19,31861,31861,,8025.11
2024/7/22,31660,31660,,7975.32
2024/7/23,31807,31807,,8012.57
2024/7/24,31578,31578,,7957.02
2024/7/25,30454,30454,,7675.55
2024/7/26,30451,30451,,7675.74
2024/7/29,30706,30706,,7739.51
2024/7/30,30753,30753,,7750.1
2024/7/31,30330,30330,,7645.44
2024/8/1,30206,30206,,7614.65
2024/8/2,29743,29743,,7499.61
2024/8/5,28414,28414,,7189.62
2024/8/6,27574,27574,,6975.14
2024/8/7,28173,28173,,7110.01
2024/8/8,27924,27924,,7042.54
2024/8/9,28729,28729,,7248.51
2024/8/13,28821,28821,,7289.84
2024/8/14,29229,29229,,7394.01
2024/8/15,29407,29407,,7447.25
2024/8/16,30200,30200,,7648.35
2024/8/19,30068,30068,,7628.88
2024/8/20,30061,30061,,7629.15
2024/8/21,29837,29837,,7575.66
2024/8/22,29934,29934,,7603.21
2024/8/23,29904,29904,,7596.96
2024/8/26,29702,29702,,7546.07
2024/8/27,29885,29885,,7593.17
2024/8/28,29820,29820,,7576.72
2024/8/29,29718,29718,,7556.09
2024/8/30,29801,29801,,7578.73
2024/9/2,30329,30329,,7713.6
2024/9/3,30521,30521,,7762.52
2024/9/4,29583,29583,,7523.91
2024/9/5,29168,29168,,7449.68
2024/9/6,28989,28989,,7404.12
2024/9/9,28431,28431,,7263.94
2024/9/10,28859,28859,,7373.79
2024/9/11,28640,28640,,7334.66
2024/9/12,29027,29027,,7437.47
2024/9/13,29034,29034,,7441.17
2024/9/17,29096,29096,,7465.41
2024/9/18,29301,29301,,7518.42
2024/9/19,29602,29602,,7600.94
2024/9/20,29943,29943,,7689.86
2024/9/24,30103,30103,,7730.72
2024/9/25,30164,30164,,7748.89
2024/9/26,30345,30345,,7796.17
2024/9/27,30734,30734,,7898.59
2024/9/30,30147,30147,,7748.6
2024/10/1,30469,30469,,7831.53
2024/10/2,30165,30165,,7753.99
2024/10/3,30835,30835,,7955.58
2024/10/4,30655,30655,,7910.95
2024/10/7,31233,31233,,8061.91
2024/10/8,30906,30906,,7976.56
2024/10/9,31149,31149,,8042.32
2024/10/10,31582,31582,,8168
2024/10/11,31373,31373,,8113.57
2024/10/15,31987,31987,,8274.48
2024/10/16,31652,31652,,8187.5
2024/10/17,31823,31823,,8232.83
2024/10/18,31965,31965,,8277.86
2024/10/21,31950,31950,,8275.05
2024/10/22,32117,32117,,8317.65
2024/10/23,32201,32201,,8339.53
2024/10/24,32236,32236,,8348.97
2024/10/25,32182,32182,,8333.06
2024/10/28,32424,32424,,8394.43
2024/10/29,32420,32420,,8394.82
2024/10/30,32510,32510,,8417.82
2024/10/31,32433,32433,,8395.44
2024/11/1,31584,31584,,8174.37
2024/11/5,31750,31750,,8216.65
2024/11/6,32150,32150,,8346.59
2024/11/7,33081,33081,,8593.29
2024/11/8,33054,33054,,8587.52
2024/11/11,33084,33084,,8596.02
2024/11/12,33311,33311,,8666.37
2024/11/13,33354,33354,,8675.43
2024/11/14,33492,33492,,8710.95
2024/11/15,33589,33589,,8736.47
2024/11/18,32684,32684,,8499.64
2024/11/19,32860,32860,,8557.81
2024/11/20,33070,33070,,8614.15
2024/11/21,33092,33092,,8620.31
2024/11/22,33124,33124,,8631.56
2024/11/25,33241,33241,,8663.01
2024/11/26,33284,33284,,8673.5
2024/11/27,33121,33121,,8631.32
2024/11/28,32818,32818,,8552.67
2024/11/29,32629,32629,,8503.63
2024/12/2,32677,32677,,8516.08
2024/12/3,32693,32693,,8520.7
2024/12/4,32717,32717,,8553.98
2024/12/5,33040,33040,,8640.29
2024/12/6,32968,32968,,8620.12
2024/12/9,32983,32983,,8621.03
2024/12/10,33186,33186,,8673.82
2024/12/11,33113,33113,,8668.36
2024/12/12,33463,33463,,8761.25
2024/12/13,33411,33411,,8746.41
2024/12/16,33588,33588,,8791.57
