基準日,基準価額（円）,純資産額（億円）,分配金
2015/12/18,"10,000","0.01","-"
2015/12/21,"10,000","0.00","-"
2015/12/22,"10,029","1.29","-"
2015/12/24,"10,231","2.51","-"
2015/12/25,"10,170","2.96","-"
2015/12/28,"10,204","3.74","-"
2015/12/29,"10,172","3.73","-"
2015/12/30,"10,286","3.77","-"
2016/01/04,"10,104","4.48","-"
2016/01/05,"9,823","4.55","-"
2016/01/06,"9,804","5.43","-"
2016/01/07,"9,648","5.80","-"
2016/01/08,"9,389","6.56","-"
2016/01/12,"9,249","6.98","-"
2016/01/13,"9,323","7.65","-"
2016/01/14,"9,152","8.62","-"
2016/01/15,"9,260","9.49","-"
2016/01/18,"8,966","9.75","-"
2016/01/19,"8,988","10.38","-"
2016/01/20,"9,028","10.43","-"
2016/01/21,"8,851","10.72","-"
2016/01/22,"8,961","11.29","-"
2016/01/25,"9,225","12.14","-"
2016/01/26,"9,081","12.35","-"
2016/01/27,"9,210","13.12","-"
2016/01/28,"9,191","13.30","-"
2016/01/29,"9,374","13.91","-"
2016/02/01,"9,595","14.85","-"
2016/02/02,"9,580","15.02","-"
2016/02/03,"9,302","15.64","-"
2016/02/04,"9,190","15.68","-"
2016/02/05,"9,174","15.84","-"
2016/02/08,"9,023","15.89","-"
2016/02/09,"8,727","15.75","-"
2016/02/10,"8,643","16.25","-"
2016/02/12,"8,361","15.97","-"
2016/02/15,"8,594","16.94","-"
2016/02/16,"8,756","17.78","-"
2016/02/17,"8,815","17.90","-"
2016/02/18,"8,959","19.22","-"
2016/02/19,"8,855","19.25","-"
2016/02/22,"8,825","19.55","-"
2016/02/23,"8,927","20.05","-"
2016/02/24,"8,754","20.02","-"
2016/02/25,"8,739","20.08","-"
2016/02/26,"8,932","20.97","-"
2016/02/29,"8,982","21.37","-"
2016/03/01,"8,850","21.17","-"
2016/03/02,"9,157","22.22","-"
2016/03/03,"9,185","22.50","-"
2016/03/04,"9,225","22.86","-"
2016/03/07,"9,289","23.20","-"
2016/03/08,"9,248","23.16","-"
2016/03/09,"9,102","23.19","-"
2016/03/10,"9,216","23.65","-"
2016/03/11,"9,210","23.83","-"
2016/03/14,"9,436","24.60","-"
2016/03/15,"9,429","24.66","-"
2016/03/16,"9,331","24.58","-"
2016/03/17,"9,364","24.98","-"
2016/03/18,"9,303","25.00","-"
2016/03/22,"9,379","25.26","-"
2016/03/23,"9,392","25.37","-"
2016/03/24,"9,344","25.52","-"
2016/03/25,"9,372","25.76","-"
2016/03/28,"9,377","25.88","-"
2016/03/29,"9,384","25.89","-"
2016/03/30,"9,423","26.00","-"
2016/03/31,"9,500","26.89","-"
2016/04/01,"9,452","26.92","-"
2016/04/04,"9,379","26.85","-"
2016/04/05,"9,320","26.93","-"
2016/04/06,"9,153","26.68","-"
2016/04/07,"9,185","27.05","-"
2016/04/08,"9,020","26.67","-"
2016/04/11,"9,017","26.92","-"
2016/04/12,"9,014","27.16","-"
2016/04/13,"9,142","28.24","-"
2016/04/14,"9,309","28.96","-"
2016/04/15,"9,353","29.34","-"
2016/04/18,"9,198","28.97","-"
2016/04/19,"9,356","29.66","-"
2016/04/20,"9,439","30.13","-"
2016/04/21,"9,489","30.37","-"
2016/04/22,"9,430","30.27","-"
2016/04/25,"9,577","30.75","-"
2016/04/26,"9,518","30.76","-"
2016/04/27,"9,576","31.33","-"
2016/04/28,"9,457","31.01","-"
2016/05/02,"9,076","29.79","-"
2016/05/06,"9,016","29.65","-"
2016/05/09,"9,026","29.68","-"
2016/05/10,"9,124","30.91","-"
2016/05/11,"9,288","31.79","-"
2016/05/12,"9,169","31.69","-"
2016/05/13,"9,191","31.94","-"
2016/05/16,"9,123","31.99","-"
2016/05/17,"9,207","32.47","-"
2016/05/18,"9,145","32.75","-"
2016/05/19,"9,247","33.18","-"
2016/05/20,"9,183","33.02","-"
2016/05/23,"9,237","33.33","-"
2016/05/24,"9,164","33.22","-"
2016/05/25,"9,360","33.99","-"
2016/05/26,"9,397","34.24","-"
2016/05/27,"9,430","34.50","-"
2016/05/30,"9,526","35.09","-"
2016/05/31,"9,560","35.30","-"
2016/06/01,"9,498","35.07","-"
2016/06/02,"9,387","35.03","-"
2016/06/03,"9,364","35.15","-"
2016/06/06,"9,171","34.62","-"
2016/06/07,"9,301","35.21","-"
2016/06/08,"9,323","35.55","-"
2016/06/09,"9,307","35.84","-"
2016/06/10,"9,280","35.81","-"
2016/06/13,"9,083","35.11","-"
2016/06/14,"8,970","34.96","-"
2016/06/15,"8,891","34.94","-"
2016/06/16,"8,877","34.98","-"
2016/06/17,"8,797","34.97","-"
2016/06/20,"8,835","35.25","-"
2016/06/21,"8,877","35.57","-"
2016/06/22,"8,958","36.41","-"
2016/06/23,"8,999","36.86","-"
2016/06/24,"8,670","35.73","-"
2016/06/27,"8,421","34.88","-"
2016/06/28,"8,190","34.11","-"
2016/06/29,"8,418","35.95","-"
2016/06/30,"8,643","37.36","-"
2016/07/01,"8,758","38.16","-"
2016/07/04,"8,758","38.58","-"
2016/07/05,"8,740","38.72","-"
2016/07/06,"8,527","37.78","-"
2016/07/07,"8,524","38.25","-"
2016/07/08,"8,534","38.39","-"
2016/07/11,"8,636","38.99","-"
2016/07/12,"8,863","40.15","-"
2016/07/13,"9,116","41.53","-"
2016/07/14,"9,072","41.52","-"
2016/07/15,"9,270","42.72","-"
2016/07/19,"9,296","42.77","-"
2016/07/20,"9,265","42.83","-"
2016/07/21,"9,433","43.72","-"
2016/07/22,"9,279","43.26","-"
2016/07/25,"9,362","43.71","-"
2016/07/26,"9,211","42.64","-"
2016/07/27,"9,237","42.89","-"
2016/07/28,"9,219","42.79","-"
2016/07/29,"9,189","42.73","-"
2016/08/01,"9,058","42.14","-"
2016/08/02,"9,032","42.08","-"
2016/08/03,"8,863","41.60","-"
2016/08/04,"8,877","41.74","-"
2016/08/05,"8,896","42.00","-"
2016/08/08,"9,033","42.76","-"
2016/08/09,"9,061","43.05","-"
2016/08/10,"9,037","43.20","-"
2016/08/12,"9,119","43.63","-"
2016/08/15,"9,046","43.47","-"
2016/08/16,"9,046","43.65","-"
2016/08/17,"8,975","43.51","-"
2016/08/18,"8,888","43.21","-"
2016/08/19,"8,983","43.72","-"
2016/08/22,"8,961","43.71","-"
2016/08/23,"8,927","43.69","-"
2016/08/24,"8,980","44.43","-"
2016/08/25,"8,958","44.43","-"
2016/08/26,"8,936","44.42","-"
2016/08/29,"9,030","44.99","-"
2016/08/30,"9,064","45.21","-"
2016/08/31,"9,159","45.69","-"
2016/09/01,"9,138","45.66","-"
2016/09/02,"9,162","45.97","-"
2016/09/05,"9,290","46.84","-"
2016/09/06,"9,267","46.75","-"
2016/09/07,"9,102","45.92","-"
2016/09/08,"9,136","46.28","-"
2016/09/09,"9,173","46.66","-"
2016/09/12,"9,011","45.86","-"
2016/09/13,"8,972","45.69","-"
2016/09/14,"8,955","45.94","-"
2016/09/15,"8,932","45.81","-"
2016/09/16,"8,965","46.00","-"
2016/09/20,"8,934","46.06","-"
2016/09/21,"8,925","46.14","-"
2016/09/23,"9,033","47.07","-"
2016/09/26,"8,958","46.77","-"
2016/09/27,"8,831","46.27","-"
2016/09/28,"8,884","46.87","-"
2016/09/29,"9,001","47.62","-"
2016/09/30,"8,940","47.40","-"
2016/10/03,"9,011","47.75","-"
2016/10/04,"9,056","48.10","-"
2016/10/05,"9,098","48.54","-"
2016/10/06,"9,181","49.17","-"
2016/10/07,"9,170","49.21","-"
2016/10/11,"9,202","49.42","-"
2016/10/12,"9,067","48.64","0"
2016/10/13,"9,129","49.18","-"
2016/10/14,"9,041","48.81","-"
2016/10/17,"9,088","49.24","-"
2016/10/18,"9,026","48.94","-"
2016/10/19,"9,090","49.49","-"
2016/10/20,"9,105","49.25","-"
2016/10/21,"9,133","49.54","-"
2016/10/24,"9,096","49.50","-"
2016/10/25,"9,179","50.00","-"
2016/10/26,"9,125","49.65","-"
2016/10/27,"9,132","49.62","-"
2016/10/28,"9,169","49.79","-"
2016/10/31,"9,124","49.62","-"
2016/11/01,"9,107","49.43","-"
2016/11/02,"9,008","48.83","-"
2016/11/04,"8,818","47.88","-"
2016/11/07,"8,864","48.17","-"
2016/11/08,"9,076","49.34","-"
2016/11/09,"8,905","49.08","-"
2016/11/10,"9,276","51.07","-"
2016/11/11,"9,372","51.35","-"
2016/11/14,"9,385","51.64","-"
2016/11/15,"9,432","51.90","-"
2016/11/16,"9,585","52.48","-"
2016/11/17,"9,535","52.22","-"
2016/11/18,"9,690","53.20","-"
2016/11/21,"9,732","53.33","-"
2016/11/22,"9,767","53.51","-"
2016/11/24,"9,943","54.79","-"
2016/11/25,"10,074","55.51","-"
2016/11/28,"9,988","55.04","-"
2016/11/29,"9,899","54.84","-"
2016/11/30,"9,968","55.21","-"
2016/12/01,"10,127","56.25","-"
2016/12/02,"10,045","55.89","-"
2016/12/05,"10,034","55.90","-"
2016/12/06,"10,104","56.59","-"
2016/12/07,"10,198","57.42","-"
2016/12/08,"10,297","58.11","-"
2016/12/09,"10,360","58.34","-"
2016/12/12,"10,513","59.15","-"
2016/12/13,"10,477","59.10","-"
2016/12/14,"10,565","60.10","-"
2016/12/15,"10,679","61.02","-"
2016/12/16,"10,745","61.57","-"
2016/12/19,"10,699","61.40","-"
2016/12/20,"10,656","60.65","-"
2016/12/21,"10,761","61.36","-"
2016/12/22,"10,727","61.20","-"
2016/12/26,"10,658","60.50","-"
2016/12/27,"10,696","60.69","-"
2016/12/28,"10,739","60.94","-"
2016/12/29,"10,633","60.34","-"
2016/12/30,"10,597","60.11","-"
2017/01/04,"10,765","60.99","-"
2017/01/05,"10,727","60.78","-"
2017/01/06,"10,672","61.31","-"
2017/01/10,"10,680","61.62","-"
2017/01/11,"10,683","61.94","-"
2017/01/12,"10,653","62.17","-"
2017/01/13,"10,610","62.05","-"
2017/01/16,"10,584","62.09","-"
2017/01/17,"10,545","62.13","-"
2017/01/18,"10,424","61.42","-"
2017/01/19,"10,607","63.16","-"
2017/01/20,"10,612","63.31","-"
2017/01/23,"10,544","62.95","-"
2017/01/24,"10,415","62.43","-"
2017/01/25,"10,558","63.79","-"
2017/01/26,"10,606","64.90","-"
2017/01/27,"10,717","65.77","-"
2017/01/30,"10,729","66.12","-"
2017/01/31,"10,561","65.47","-"
2017/02/01,"10,492","65.34","-"
2017/02/02,"10,519","65.90","-"
2017/02/03,"10,504","66.11","-"
2017/02/06,"10,516","66.57","-"
2017/02/07,"10,413","66.15","-"
2017/02/08,"10,474","66.93","-"
2017/02/09,"10,457","66.98","-"
2017/02/10,"10,672","68.46","-"
2017/02/13,"10,722","68.98","-"
2017/02/14,"10,756","69.46","-"
2017/02/15,"10,853","70.51","-"
2017/02/16,"10,883","71.04","-"
2017/02/17,"10,821","71.01","-"
2017/02/20,"10,764","70.78","-"
2017/02/21,"10,816","71.38","-"
2017/02/22,"10,889","71.86","-"
2017/02/23,"10,852","72.28","-"
2017/02/24,"10,813","72.15","-"
2017/02/27,"10,720","71.80","-"
2017/02/28,"10,764","72.43","-"
2017/03/01,"10,798","73.16","-"
2017/03/02,"11,013","74.91","-"
2017/03/03,"10,988","75.06","-"
2017/03/06,"10,966","75.14","-"
2017/03/07,"10,943","75.19","-"
2017/03/08,"10,910","75.45","-"
2017/03/09,"10,946","75.89","-"
2017/03/10,"11,021","76.67","-"
2017/03/13,"11,036","77.06","-"
2017/03/14,"11,054","77.57","-"
2017/03/15,"11,007","77.11","-"
2017/03/16,"10,972","77.02","-"
2017/03/17,"11,012","77.81","-"
2017/03/21,"10,888","77.68","-"
2017/03/22,"10,719","76.81","-"
2017/03/23,"10,690","77.34","-"
2017/03/24,"10,688","77.85","-"
2017/03/27,"10,615","77.55","-"
2017/03/28,"10,635","77.88","-"
2017/03/29,"10,720","79.03","-"
2017/03/30,"10,770","79.71","-"
2017/03/31,"10,867","80.62","-"
2017/04/03,"10,763","79.96","-"
2017/04/04,"10,664","79.86","-"
2017/04/05,"10,692","80.85","-"
2017/04/06,"10,650","80.64","-"
2017/04/07,"10,700","81.46","-"
2017/04/10,"10,731","82.02","-"
2017/04/11,"10,689","81.94","-"
2017/04/12,"10,564","81.00","-"
2017/04/13,"10,485","80.69","-"
2017/04/14,"10,449","80.75","-"
2017/04/17,"10,365","80.98","-"
2017/04/18,"10,517","82.17","-"
2017/04/19,"10,419","81.41","-"
2017/04/20,"10,445","82.74","-"
2017/04/21,"10,536","83.67","-"
2017/04/24,"10,600","84.45","-"
2017/04/25,"10,750","85.94","-"
2017/04/26,"10,957","88.06","-"
2017/04/27,"10,954","88.27","-"
2017/04/28,"10,941","88.16","-"
2017/05/01,"10,951","88.31","-"
2017/05/02,"11,008","88.63","-"
2017/05/08,"11,193","90.12","-"
2017/05/09,"11,233","91.14","-"
2017/05/10,"11,282","91.99","-"
2017/05/11,"11,335","92.33","-"
2017/05/12,"11,277","92.32","-"
2017/05/15,"11,240","92.27","-"
2017/05/16,"11,338","93.39","-"
2017/05/17,"11,247","92.70","-"
2017/05/18,"10,936","90.34","-"
2017/05/19,"10,965","90.62","-"
2017/05/22,"11,072","93.38","-"
2017/05/23,"11,092","93.84","-"
2017/05/24,"11,163","95.10","-"
2017/05/25,"11,180","95.44","-"
2017/05/26,"11,215","95.82","-"
2017/05/29,"11,160","95.25","-"
2017/05/30,"11,124","95.11","-"
2017/05/31,"11,106","94.96","-"
2017/06/01,"11,116","95.83","-"
2017/06/02,"11,254","97.25","-"
2017/06/05,"11,192","96.52","-"
2017/06/06,"11,144","96.36","-"
2017/06/07,"11,043","96.18","-"
2017/06/08,"11,091","97.15","-"
2017/06/09,"11,079","97.88","-"
2017/06/12,"11,114","98.48","-"
2017/06/13,"11,061","98.33","-"
2017/06/14,"11,127","99.60","-"
2017/06/15,"11,079","99.40","-"
2017/06/16,"11,166","102.00","-"
2017/06/19,"11,193","102.78","-"
2017/06/20,"11,348","104.52","-"
2017/06/21,"11,224","103.85","-"
2017/06/22,"11,190","103.87","-"
2017/06/23,"11,218","104.53","-"
2017/06/26,"11,229","104.81","-"
2017/06/27,"11,309","105.90","-"
2017/06/28,"11,280","106.30","-"
2017/06/29,"11,396","107.64","-"
2017/06/30,"11,278","106.66","-"
2017/07/03,"11,286","106.90","-"
2017/07/04,"11,421","108.82","-"
2017/07/05,"11,396","108.93","-"
2017/07/06,"11,399","108.96","-"
2017/07/07,"11,352","109.19","-"
2017/07/10,"11,483","110.87","-"
2017/07/11,"11,509","111.32","-"
2017/07/12,"11,458","111.24","-"
2017/07/13,"11,506","112.10","-"
2017/07/14,"11,560","113.18","-"
2017/07/18,"11,512","114.73","-"
2017/07/19,"11,462","114.37","-"
2017/07/20,"11,516","116.34","-"
2017/07/21,"11,550","117.10","-"
2017/07/24,"11,405","116.35","-"
2017/07/25,"11,428","117.24","-"
2017/07/26,"11,528","119.17","-"
2017/07/27,"11,467","119.30","-"
2017/07/28,"11,459","119.67","-"
2017/07/31,"11,362","118.94","-"
2017/08/01,"11,363","119.26","-"
2017/08/02,"11,416","120.16","-"
2017/08/03,"11,449","120.90","-"
2017/08/04,"11,366","120.25","-"
2017/08/07,"11,451","121.33","-"
2017/08/08,"11,473","121.78","-"
2017/08/09,"11,366","121.21","-"
2017/08/10,"11,362","121.49","-"
2017/08/14,"11,133","119.36","-"
2017/08/15,"11,311","121.90","-"
2017/08/16,"11,350","123.12","-"
2017/08/17,"11,328","125.33","-"
2017/08/18,"11,132","123.45","-"
2017/08/21,"11,091","123.15","-"
2017/08/22,"11,081","123.58","-"
2017/08/23,"11,224","125.96","-"
2017/08/24,"11,146","125.63","-"
2017/08/25,"11,203","126.80","-"
2017/08/28,"11,172","126.87","-"
2017/08/29,"11,140","126.81","-"
2017/08/30,"11,228","127.82","-"
2017/08/31,"11,316","129.41","-"
2017/09/01,"11,374","130.07","-"
2017/09/04,"11,367","130.45","-"
2017/09/05,"11,333","130.39","-"
2017/09/06,"11,179","128.62","-"
2017/09/07,"11,260","130.04","-"
2017/09/08,"11,220","130.01","-"
2017/09/11,"11,211","130.29","-"
2017/09/12,"11,424","133.04","-"
2017/09/13,"11,538","134.91","-"
2017/09/14,"11,572","135.85","-"
2017/09/15,"11,532","134.82","-"
2017/09/19,"11,702","138.46","-"
2017/09/20,"11,737","140.09","-"
2017/09/21,"11,813","141.21","-"
2017/09/22,"11,776","141.47","-"
2017/09/25,"11,818","141.80","-"
2017/09/26,"11,678","140.29","-"
2017/09/27,"11,744","142.55","-"
2017/09/28,"11,837","144.23","-"
2017/09/29,"11,840","144.82","-"
2017/10/02,"11,891","145.73","-"
2017/10/03,"11,942","146.62","-"
2017/10/04,"11,939","147.25","-"
2017/10/05,"11,957","148.08","-"
2017/10/06,"12,003","148.73","-"
2017/10/10,"11,976","148.68","-"
2017/10/11,"11,969","148.97","-"
2017/10/12,"12,015","150.10","0"
2017/10/13,"11,988","150.55","-"
2017/10/16,"11,973","151.87","-"
2017/10/17,"11,991","152.38","-"
2017/10/18,"11,989","155.07","-"
2017/10/19,"12,100","157.84","-"
2017/10/20,"12,067","157.68","-"
2017/10/23,"12,210","160.28","-"
2017/10/24,"12,126","159.98","-"
2017/10/25,"12,180","161.36","-"
2017/10/26,"12,097","160.76","-"
2017/10/27,"12,156","162.27","-"
2017/10/30,"12,187","163.15","-"
2017/10/31,"12,112","162.63","-"
2017/11/01,"12,204","164.54","-"
2017/11/02,"12,250","165.55","-"
2017/11/06,"12,303","166.52","-"
2017/11/07,"12,258","165.97","-"
2017/11/08,"12,240","165.61","-"
2017/11/09,"12,284","166.05","-"
2017/11/10,"12,173","165.08","-"
2017/11/13,"12,175","165.35","-"
2017/11/14,"12,174","165.61","-"
2017/11/15,"12,142","165.66","-"
2017/11/16,"12,036","164.32","-"
2017/11/17,"12,115","168.00","-"
2017/11/20,"12,002","166.53","-"
2017/11/21,"12,075","167.72","-"
2017/11/22,"12,120","168.94","-"
2017/11/24,"12,040","168.57","-"
2017/11/27,"12,096","169.68","-"
2017/11/28,"12,002","168.88","-"
2017/11/29,"12,156","171.60","-"
2017/11/30,"12,192","172.51","-"
2017/12/01,"12,307","174.15","-"
2017/12/04,"12,298","174.44","-"
2017/12/05,"12,280","174.52","-"
2017/12/06,"12,227","174.35","-"
2017/12/07,"12,210","174.53","-"
2017/12/08,"12,323","176.51","-"
2017/12/11,"12,433","178.37","-"
2017/12/12,"12,455","178.99","-"
2017/12/13,"12,466","179.93","-"
2017/12/14,"12,417","179.67","-"
2017/12/15,"12,312","178.45","-"
2017/12/18,"12,407","182.51","-"
2017/12/19,"12,487","184.46","-"
2017/12/20,"12,502","185.50","-"
2017/12/21,"12,509","186.01","-"
2017/12/22,"12,571","187.81","-"
2017/12/25,"12,540","187.84","-"
2017/12/26,"12,562","188.69","-"
2017/12/27,"12,558","188.63","-"
2017/12/28,"12,590","189.11","-"
2017/12/29,"12,568","190.11","-"
2018/01/04,"12,651","191.65","-"
2018/01/05,"12,753","193.62","-"
2018/01/09,"12,874","196.13","-"
2018/01/10,"12,809","195.80","-"
2018/01/11,"12,678","194.99","-"
2018/01/12,"12,731","196.46","-"
2018/01/15,"12,796","197.97","-"
2018/01/16,"12,811","198.49","-"
2018/01/17,"12,735","197.32","-"
2018/01/18,"12,892","200.80","-"
2018/01/19,"12,872","200.75","-"
2018/01/22,"12,889","203.52","-"
2018/01/23,"13,004","205.84","-"
2018/01/24,"12,957","205.88","-"
2018/01/25,"12,878","204.76","-"
2018/01/26,"12,891","205.22","-"
2018/01/29,"12,894","205.55","-"
2018/01/30,"12,850","205.45","-"
2018/01/31,"12,707","203.55","-"
2018/02/01,"12,758","204.36","-"
2018/02/02,"12,782","204.78","-"
2018/02/05,"12,579","201.83","-"
2018/02/06,"12,060","193.74","-"
2018/02/07,"12,141","194.93","-"
2018/02/08,"12,129","193.83","-"
2018/02/09,"11,713","187.58","-"
2018/02/13,"11,919","191.11","-"
2018/02/14,"11,846","190.17","-"
2018/02/15,"11,911","191.50","-"
2018/02/16,"11,986","193.06","-"
2018/02/19,"12,003","196.32","-"
2018/02/20,"12,034","197.19","-"
2018/02/21,"12,068","197.74","-"
2018/02/22,"12,010","198.00","-"
2018/02/23,"11,971","197.74","-"
2018/02/26,"12,094","200.04","-"
2018/02/27,"12,211","202.28","-"
2018/02/28,"12,132","201.41","-"
2018/03/01,"11,922","198.27","-"
2018/03/02,"11,753","195.85","-"
2018/03/05,"11,662","194.80","-"
2018/03/06,"11,851","198.08","-"
2018/03/07,"11,836","198.02","-"
2018/03/08,"11,894","199.40","-"
2018/03/09,"12,013","201.73","-"
2018/03/12,"12,197","204.79","-"
2018/03/13,"12,143","204.06","-"
2018/03/14,"12,108","203.63","-"
2018/03/15,"11,982","201.62","-"
2018/03/16,"11,993","202.00","-"
2018/03/19,"11,968","204.53","-"
2018/03/20,"11,857","202.71","-"
2018/03/22,"11,828","202.59","-"
2018/03/23,"11,491","196.97","-"
2018/03/26,"11,309","194.16","-"
2018/03/27,"11,571","198.31","-"
2018/03/28,"11,455","196.48","-"
2018/03/29,"11,563","198.73","-"
2018/03/30,"11,614","199.99","-"
2018/04/02,"11,627","200.61","-"
2018/04/03,"11,398","196.65","-"
2018/04/04,"11,551","199.30","-"
2018/04/05,"11,659","201.86","-"
2018/04/06,"11,824","204.74","-"
2018/04/09,"11,614","201.39","-"
2018/04/10,"11,652","202.07","-"
2018/04/11,"11,864","206.07","-"
2018/04/12,"11,791","205.07","-"
2018/04/13,"11,916","207.41","-"
2018/04/16,"11,908","210.29","-"
2018/04/17,"11,927","210.73","-"
2018/04/18,"12,046","213.41","-"
2018/04/19,"12,104","214.60","-"
2018/04/20,"12,045","213.97","-"
2018/04/23,"12,001","213.52","-"
2018/04/24,"12,094","215.53","-"
2018/04/25,"12,013","214.53","-"
2018/04/26,"12,049","215.51","-"
2018/04/27,"12,133","217.30","-"
2018/05/01,"12,098","216.87","-"
2018/05/02,"12,149","217.99","-"
2018/05/07,"12,088","217.08","-"
2018/05/08,"12,129","218.00","-"
2018/05/09,"12,157","218.50","-"
2018/05/10,"12,329","222.46","-"
2018/05/11,"12,381","223.62","-"
2018/05/14,"12,398","224.25","-"
2018/05/15,"12,456","225.42","-"
2018/05/16,"12,437","225.55","-"
2018/05/17,"12,475","226.53","-"
2018/05/18,"12,556","228.09","-"
2018/05/21,"12,530","227.98","-"
2018/05/22,"12,610","232.45","-"
2018/05/23,"12,575","232.27","-"
2018/05/24,"12,405","229.25","-"
2018/05/25,"12,361","228.28","-"
2018/05/28,"12,324","227.79","-"
2018/05/29,"12,267","227.15","-"
2018/05/30,"12,014","222.45","-"
2018/05/31,"12,192","226.73","-"
2018/06/01,"12,155","225.85","-"
2018/06/04,"12,352","229.65","-"
2018/06/05,"12,440","231.45","-"
2018/06/06,"12,435","231.49","-"
2018/06/07,"12,568","234.18","-"
2018/06/08,"12,530","233.73","-"
2018/06/11,"12,487","233.12","-"
2018/06/12,"12,622","235.79","-"
2018/06/13,"12,646","236.60","-"
2018/06/14,"12,605","235.34","-"
2018/06/15,"12,638","236.07","-"
2018/06/18,"12,594","238.21","-"
2018/06/19,"12,516","237.25","-"
2018/06/20,"12,426","236.00","-"
2018/06/21,"12,497","237.69","-"
2018/06/22,"12,381","235.74","-"
2018/06/25,"12,405","236.51","-"
2018/06/26,"12,214","233.12","-"
2018/06/27,"12,259","234.64","-"
2018/06/28,"12,197","233.77","-"
2018/06/29,"12,287","235.90","-"
2018/07/02,"12,389","238.02","-"
2018/07/03,"12,380","238.05","-"
2018/07/04,"12,316","237.33","-"
2018/07/05,"12,319","237.70","-"
2018/07/06,"12,449","240.22","-"
2018/07/09,"12,529","242.09","-"
2018/07/10,"12,697","245.74","-"
2018/07/11,"12,711","246.43","-"
2018/07/12,"12,726","247.21","-"
2018/07/13,"12,902","250.85","-"
2018/07/17,"12,871","250.45","-"
2018/07/18,"12,957","254.96","-"
2018/07/19,"12,967","255.41","-"
2018/07/20,"12,907","254.26","-"
2018/07/23,"12,739","251.04","-"
2018/07/24,"12,761","251.82","-"
2018/07/25,"12,837","253.40","-"
2018/07/26,"12,854","254.17","-"
2018/07/27,"12,871","254.97","-"
2018/07/30,"12,831","254.67","-"
2018/07/31,"12,772","253.63","-"
2018/08/01,"12,919","256.68","-"
2018/08/02,"12,870","256.10","-"
2018/08/03,"12,872","256.48","-"
2018/08/06,"12,859","256.33","-"
2018/08/07,"12,898","256.96","-"
2018/08/08,"12,963","258.60","-"
2018/08/09,"12,897","257.77","-"
2018/08/10,"12,879","257.69","-"
2018/08/13,"12,695","254.26","-"
2018/08/14,"12,672","254.68","-"
2018/08/15,"12,787","257.28","-"
2018/08/16,"12,580","257.44","-"
2018/08/17,"12,710","260.61","-"
2018/08/20,"12,721","261.18","-"
2018/08/21,"12,711","261.19","-"
2018/08/22,"12,785","263.00","-"
2018/08/23,"12,848","264.51","-"
2018/08/24,"12,896","265.58","-"
2018/08/27,"12,947","266.79","-"
2018/08/28,"13,060","269.30","-"
2018/08/29,"13,063","269.35","-"
2018/08/30,"13,194","273.18","-"
2018/08/31,"13,046","270.98","-"
2018/09/03,"12,980","269.61","-"
2018/09/04,"12,995","270.11","-"
2018/09/05,"12,999","270.18","-"
2018/09/06,"12,909","269.33","-"
2018/09/07,"12,767","266.78","-"
2018/09/10,"12,778","267.17","-"
2018/09/11,"12,873","269.49","-"
2018/09/12,"12,925","271.21","-"
2018/09/13,"12,940","272.00","-"
2018/09/14,"13,082","275.23","-"
2018/09/18,"13,014","276.56","-"
2018/09/19,"13,131","279.21","-"
2018/09/20,"13,165","280.66","-"
2018/09/21,"13,318","284.03","-"
2018/09/25,"13,321","284.05","-"
2018/09/26,"13,318","284.16","-"
2018/09/27,"13,288","283.99","-"
2018/09/28,"13,374","286.33","-"
2018/10/01,"13,382","286.82","-"
2018/10/02,"13,422","288.07","-"
2018/10/03,"13,335","286.72","-"
2018/10/04,"13,432","288.83","-"
2018/10/05,"13,293","286.13","-"
2018/10/09,"13,022","280.58","-"
2018/10/10,"13,032","280.99","-"
2018/10/11,"12,600","271.81","-"
2018/10/12,"12,346","266.70","0"
2018/10/15,"12,432","268.47","-"
2018/10/16,"12,383","267.98","-"
2018/10/17,"12,670","274.69","-"
2018/10/18,"12,666","278.31","-"
2018/10/19,"12,469","274.90","-"
2018/10/22,"12,489","275.60","-"
2018/10/23,"12,461","275.33","-"
2018/10/24,"12,331","273.07","-"
2018/10/25,"11,981","265.86","-"
2018/10/26,"12,178","270.62","-"
2018/10/29,"11,962","266.22","-"
2018/10/30,"11,986","267.13","-"
2018/10/31,"12,195","271.94","-"
2018/11/01,"12,294","274.48","-"
2018/11/02,"12,439","278.35","-"
2018/11/05,"12,436","278.52","-"
2018/11/06,"12,477","279.60","-"
2018/11/07,"12,533","281.51","-"
2018/11/08,"12,795","287.63","-"
2018/11/09,"12,807","288.54","-"
2018/11/12,"12,681","285.91","-"
2018/11/13,"12,425","280.29","-"
2018/11/14,"12,483","281.58","-"
2018/11/15,"12,370","279.91","-"
2018/11/16,"12,444","285.24","-"
2018/11/19,"12,381","284.27","-"
2018/11/20,"12,215","280.57","-"
2018/11/21,"12,019","275.63","-"
2018/11/22,"12,119","278.31","-"
2018/11/26,"12,038","276.67","-"
2018/11/27,"12,254","281.63","-"
2018/11/28,"12,285","282.92","-"
2018/11/29,"12,492","288.24","-"
2018/11/30,"12,474","288.08","-"
2018/12/03,"12,542","290.07","-"
2018/12/04,"12,685","293.31","-"
2018/12/05,"12,287","284.47","-"
2018/12/06,"12,252","283.84","-"
2018/12/07,"12,132","281.06","-"
2018/12/10,"11,930","276.94","-"
2018/12/11,"11,933","277.08","-"
2018/12/12,"12,006","279.08","-"
2018/12/13,"12,106","281.79","-"
2018/12/14,"12,123","282.52","-"
2018/12/17,"11,910","281.11","-"
2018/12/18,"11,643","274.96","-"
2018/12/19,"11,593","274.25","-"
2018/12/20,"11,487","271.85","-"
2018/12/21,"11,204","265.25","-"
2018/12/25,"10,679","252.64","-"
2018/12/26,"10,740","253.89","-"
2018/12/27,"11,135","263.21","-"
2018/12/28,"11,173","264.12","-"
2019/01/04,"10,752","254.69","-"
2019/01/07,"11,186","265.26","-"
2019/01/08,"11,287","268.08","-"
2019/01/09,"11,380","268.43","-"
2019/01/10,"11,414","269.48","-"
2019/01/11,"11,481","271.23","-"
2019/01/15,"11,412","269.65","-"
2019/01/16,"11,508","272.01","-"
2019/01/17,"11,591","274.43","-"
2019/01/18,"11,702","277.22","-"
2019/01/21,"11,882","281.47","-"
2019/01/22,"11,881","281.55","-"
2019/01/23,"11,721","277.78","-"
2019/01/24,"11,747","282.46","-"
2019/01/25,"11,779","283.24","-"
2019/01/28,"11,857","285.23","-"
2019/01/29,"11,749","282.88","-"
2019/01/30,"11,783","284.34","-"
2019/01/31,"11,896","287.18","-"
2019/02/01,"11,964","289.13","-"
2019/02/04,"12,048","291.34","-"
2019/02/05,"12,156","294.26","-"
2019/02/06,"12,225","295.52","-"
2019/02/07,"12,199","295.33","-"
2019/02/08,"12,065","292.07","-"
2019/02/12,"12,147","294.40","-"
2019/02/13,"12,286","297.86","-"
2019/02/14,"12,362","299.79","-"
2019/02/15,"12,284","297.82","-"
2019/02/18,"12,437","301.51","-"
2019/02/19,"12,442","305.57","-"
2019/02/20,"12,496","306.89","-"
2019/02/21,"12,529","307.59","-"
2019/02/22,"12,497","306.98","-"
2019/02/25,"12,573","309.11","-"
2019/02/26,"12,625","310.44","-"
2019/02/27,"12,583","309.50","-"
2019/02/28,"12,607","310.46","-"
2019/03/01,"12,656","311.97","-"
2019/03/04,"12,783","315.29","-"
2019/03/05,"12,731","314.58","-"
2019/03/06,"12,697","313.65","-"
2019/03/07,"12,632","312.42","-"
2019/03/08,"12,510","309.51","-"
2019/03/11,"12,397","306.86","-"
2019/03/12,"12,623","312.35","-"
2019/03/13,"12,632","312.70","-"
2019/03/14,"12,727","315.22","-"
2019/03/15,"12,807","317.23","-"
2019/03/18,"12,840","318.15","-"
2019/03/19,"12,866","322.69","-"
2019/03/20,"12,915","323.72","-"
2019/03/22,"12,860","322.18","-"
2019/03/25,"12,530","313.47","-"
2019/03/26,"12,549","313.85","-"
2019/03/27,"12,661","316.85","-"
2019/03/28,"12,592","315.59","-"
2019/03/29,"12,693","318.45","-"
2019/04/01,"12,788","321.03","-"
2019/04/02,"12,969","325.91","-"
2019/04/03,"13,001","326.83","-"
2019/04/04,"13,063","330.47","-"
2019/04/05,"13,096","331.52","-"
2019/04/08,"13,101","331.66","-"
2019/04/09,"13,119","332.08","-"
2019/04/10,"13,024","330.01","-"
2019/04/11,"13,060","331.35","-"
2019/04/12,"13,141","333.62","-"
2019/04/15,"13,249","336.57","-"
2019/04/16,"13,247","340.59","-"
2019/04/17,"13,274","341.50","-"
2019/04/18,"13,246","340.62","-"
2019/04/19,"13,249","340.61","-"
2019/04/22,"13,247","340.41","-"
2019/04/23,"13,239","340.22","-"
2019/04/24,"13,337","342.74","-"
2019/04/25,"13,330","343.04","-"
2019/04/26,"13,260","341.35","-"
2019/05/07,"13,145","338.56","-"
2019/05/08,"12,891","332.36","-"
2019/05/09,"12,857","332.68","-"
2019/05/10,"12,774","330.61","-"
2019/05/13,"12,808","332.23","-"
2019/05/14,"12,514","324.94","-"
2019/05/15,"12,628","328.22","-"
2019/05/16,"12,687","329.94","-"
2019/05/17,"12,859","334.97","-"
2019/05/20,"12,815","334.18","-"
2019/05/21,"12,735","332.36","-"
2019/05/22,"12,867","336.09","-"
2019/05/23,"12,806","335.02","-"
2019/05/24,"12,593","329.70","-"
2019/05/27,"12,611","334.26","-"
2019/05/28,"12,623","334.83","-"
2019/05/29,"12,506","331.71","-"
2019/05/30,"12,427","329.95","-"
2019/05/31,"12,421","330.24","-"
2019/06/03,"12,187","324.28","-"
2019/06/04,"12,141","323.42","-"
2019/06/05,"12,371","329.91","-"
2019/06/06,"12,476","332.88","-"
2019/06/07,"12,560","335.53","-"
2019/06/10,"12,698","339.57","-"
2019/06/11,"12,750","341.26","-"
2019/06/12,"12,786","342.59","-"
2019/06/13,"12,732","341.45","-"
2019/06/14,"12,762","342.61","-"
2019/06/17,"12,741","346.15","-"
2019/06/18,"12,742","346.30","-"
2019/06/19,"12,877","351.04","-"
2019/06/20,"12,852","350.72","-"
2019/06/21,"12,919","353.03","-"
2019/06/24,"12,915","353.31","-"
2019/06/25,"12,880","352.73","-"
2019/06/26,"12,781","350.82","-"
2019/06/27,"12,812","352.03","-"
2019/06/28,"12,865","353.90","-"
2019/07/01,"12,988","357.57","-"
2019/07/02,"13,089","360.60","-"
2019/07/03,"13,042","360.38","-"
2019/07/04,"13,158","363.63","-"
2019/07/05,"13,174","364.29","-"
2019/07/08,"13,196","364.91","-"
2019/07/09,"13,174","364.31","-"
2019/07/10,"13,188","365.65","-"
2019/07/11,"13,147","364.89","-"
2019/07/12,"13,203","367.01","-"
2019/07/16,"13,189","366.65","-"
2019/07/17,"13,194","366.88","-"
2019/07/18,"13,077","366.77","-"
2019/07/19,"13,079","366.73","-"
2019/07/22,"13,066","366.53","-"
2019/07/23,"13,096","367.15","-"
2019/07/24,"13,194","370.26","-"
2019/07/25,"13,240","371.89","-"
2019/07/26,"13,233","371.98","-"
2019/07/29,"13,269","373.23","-"
2019/07/30,"13,306","374.66","-"
2019/07/31,"13,213","372.53","-"
2019/08/01,"13,155","371.16","-"
2019/08/02,"12,841","362.82","-"
2019/08/05,"12,608","357.01","-"
2019/08/06,"12,232","346.65","-"
2019/08/07,"12,346","350.15","-"
2019/08/08,"12,357","351.28","-"
2019/08/09,"12,573","358.20","-"
2019/08/13,"12,300","350.80","-"
2019/08/14,"12,544","358.13","-"
2019/08/15,"12,184","348.15","-"
2019/08/16,"12,192","348.65","-"
2019/08/19,"12,391","359.56","-"
2019/08/20,"12,560","364.80","-"
2019/08/21,"12,445","361.55","-"
2019/08/22,"12,579","365.84","-"
2019/08/23,"12,561","365.27","-"
2019/08/26,"12,137","353.23","-"
2019/08/27,"12,305","358.32","-"
2019/08/28,"12,280","357.59","-"
2019/08/29,"12,363","361.12","-"
2019/08/30,"12,551","366.95","-"
2019/09/02,"12,528","366.92","-"
2019/09/03,"12,546","367.62","-"
2019/09/04,"12,439","364.47","-"
2019/09/05,"12,650","371.71","-"
2019/09/06,"12,870","378.39","-"
2019/09/09,"12,873","378.65","-"
2019/09/10,"12,931","380.79","-"
2019/09/11,"12,963","382.31","-"
2019/09/12,"13,100","386.61","-"
2019/09/13,"13,166","388.60","-"
2019/09/17,"13,112","391.48","-"
2019/09/18,"13,151","392.49","-"
2019/09/19,"13,163","394.56","-"
2019/09/20,"13,149","394.04","-"
2019/09/24,"13,025","389.08","-"
2019/09/25,"12,879","384.97","-"
2019/09/26,"12,969","387.61","-"
2019/09/27,"12,971","388.17","-"
2019/09/30,"12,953","388.09","-"
2019/10/01,"13,026","390.64","-"
2019/10/02,"12,832","385.12","-"
2019/10/03,"12,509","376.46","-"
2019/10/04,"12,554","378.10","-"
2019/10/07,"12,692","382.58","-"
2019/10/08,"12,745","384.45","-"
2019/10/09,"12,537","378.54","-"
2019/10/10,"12,662","382.73","-"
2019/10/11,"12,849","389.07","-"
2019/10/15,"13,034","395.21","0"
2019/10/16,"13,194","400.32","-"
2019/10/17,"13,192","400.80","-"
2019/10/18,"13,228","406.53","-"
2019/10/21,"13,164","404.54","-"
2019/10/23,"13,196","405.25","-"
2019/10/24,"13,258","407.23","-"
2019/10/25,"13,303","409.33","-"
2019/10/28,"13,353","410.93","-"
2019/10/29,"13,443","414.11","-"
2019/10/30,"13,416","414.38","-"
2019/10/31,"13,466","414.66","-"
2019/11/01,"13,314","410.40","-"
2019/11/05,"13,588","418.82","-"
2019/11/06,"13,606","420.27","-"
2019/11/07,"13,597","420.32","-"
2019/11/08,"13,698","423.47","-"
2019/11/11,"13,677","423.42","-"
2019/11/12,"13,665","423.43","-"
2019/11/13,"13,657","423.18","-"
2019/11/14,"13,631","422.69","-"
2019/11/15,"13,611","422.56","-"
2019/11/18,"13,741","426.62","-"
2019/11/19,"13,714","431.31","-"
2019/11/20,"13,721","431.93","-"
2019/11/21,"13,644","429.98","-"
2019/11/22,"13,645","430.44","-"
2019/11/25,"13,686","432.36","-"
2019/11/26,"13,823","436.98","-"
2019/11/27,"13,862","438.55","-"
2019/11/28,"13,947","442.34","-"
2019/11/29,"13,966","443.42","-"
2019/12/02,"13,923","442.07","-"
2019/12/03,"13,742","437.55","-"
2019/12/04,"13,577","433.24","-"
2019/12/05,"13,708","437.67","-"
2019/12/06,"13,717","438.32","-"
2019/12/09,"13,807","441.99","-"
2019/12/10,"13,778","441.35","-"
2019/12/11,"13,777","442.22","-"
2019/12/12,"13,801","443.66","-"
2019/12/13,"14,053","452.10","-"
2019/12/16,"14,051","452.45","-"
2019/12/17,"14,188","462.20","-"
2019/12/18,"14,173","462.14","-"
2019/12/19,"14,185","462.23","-"
2019/12/20,"14,196","462.64","-"
2019/12/23,"14,255","464.88","-"
2019/12/24,"14,276","465.72","-"
2019/12/25,"14,263","466.08","-"
2019/12/26,"14,297","467.91","-"
2019/12/27,"14,369","470.27","-"
2019/12/30,"14,387","470.86","-"
2020/01/06,"14,174","465.25","-"
2020/01/07,"14,249","468.21","-"
2020/01/08,"14,144","466.89","-"
2020/01/09,"14,369","474.77","-"
2020/01/10,"14,495","479.78","-"
2020/01/14,"14,627","484.81","-"
2020/01/15,"14,596","484.60","-"
2020/01/16,"14,628","486.63","-"
2020/01/17,"14,772","492.36","-"
2020/01/20,"14,809","494.13","-"
2020/01/21,"14,813","494.96","-"
2020/01/22,"14,727","492.06","-"
2020/01/23,"14,709","499.46","-"
2020/01/24,"14,668","498.74","-"
2020/01/27,"14,523","494.15","-"
2020/01/28,"14,253","485.24","-"
2020/01/29,"14,408","491.79","-"
2020/01/30,"14,396","491.82","-"
2020/01/31,"14,404","493.50","-"
2020/02/03,"14,126","484.54","-"
2020/02/04,"14,206","487.77","-"
2020/02/05,"14,533","499.63","-"
2020/02/06,"14,720","506.71","-"
2020/02/07,"14,783","509.65","-"
2020/02/10,"14,668","506.74","-"
2020/02/12,"14,820","512.21","-"
2020/02/13,"14,911","516.29","-"
2020/02/14,"14,886","516.08","-"
2020/02/17,"14,896","516.75","-"
2020/02/18,"14,909","523.43","-"
2020/02/19,"14,867","521.94","-"
2020/02/20,"15,136","532.44","-"
2020/02/21,"15,177","534.34","-"
2020/02/25,"14,401","507.76","-"
2020/02/26,"13,951","492.62","-"
2020/02/27,"13,899","491.15","-"
2020/02/28,"13,271","470.04","-"
2020/03/02,"12,859","455.59","-"
2020/03/03,"13,372","473.50","-"
2020/03/04,"13,054","463.13","-"
2020/03/05,"13,493","479.74","-"
2020/03/06,"12,998","463.22","-"
2020/03/09,"12,228","436.82","-"
2020/03/10,"11,432","409.59","-"
2020/03/11,"11,977","429.28","-"
2020/03/12,"11,465","411.58","-"
2020/03/13,"10,349","372.74","-"
2020/03/16,"11,267","406.83","-"
2020/03/17,"10,079","363.24","-"
2020/03/18,"10,611","384.57","-"
2020/03/19,"10,169","368.90","-"
2020/03/23,"10,141","368.68","-"
2020/03/24,"9,825","357.95","-"
2020/03/25,"10,772","393.42","-"
2020/03/26,"10,976","402.00","-"
2020/03/27,"11,376","418.48","-"
2020/03/30,"10,875","401.67","-"
2020/03/31,"11,273","416.88","-"
2020/04/01,"11,085","411.57","-"
2020/04/02,"10,619","395.64","-"
2020/04/03,"10,843","405.95","-"
2020/04/06,"10,769","403.76","-"
2020/04/07,"11,446","429.63","-"
2020/04/08,"11,462","429.56","-"
2020/04/09,"11,797","443.04","-"
2020/04/10,"11,944","449.39","-"
2020/04/13,"11,906","448.93","-"
2020/04/14,"11,761","443.48","-"
2020/04/15,"12,007","452.74","-"
2020/04/16,"11,749","452.86","-"
2020/04/17,"11,834","457.13","-"
2020/04/20,"12,145","469.50","-"
2020/04/21,"11,985","463.93","-"
2020/04/22,"11,611","450.35","-"
2020/04/23,"11,847","460.84","-"
2020/04/24,"11,851","461.56","-"
2020/04/27,"11,946","465.72","-"
2020/04/28,"12,118","473.03","-"
2020/04/30,"12,378","485.09","-"
2020/05/01,"12,290","482.07","-"
2020/05/07,"11,906","467.93","-"
2020/05/08,"12,077","476.30","-"
2020/05/11,"12,322","486.66","-"
2020/05/12,"12,370","488.55","-"
2020/05/13,"12,158","482.59","-"
2020/05/14,"11,906","473.24","-"
2020/05/15,"12,006","478.15","-"
2020/05/18,"12,029","479.58","-"
2020/05/19,"12,456","497.74","-"
2020/05/20,"12,449","497.95","-"
2020/05/21,"12,608","504.68","-"
2020/05/22,"12,510","507.66","-"
2020/05/25,"12,495","507.70","-"
2020/05/26,"12,560","510.91","-"
2020/05/27,"12,708","516.92","-"
2020/05/28,"12,917","527.53","-"
2020/05/29,"12,908","527.63","-"
2020/06/01,"12,945","529.96","-"
2020/06/02,"13,024","534.15","-"
2020/06/03,"13,315","548.32","-"
2020/06/04,"13,550","558.32","-"
2020/06/05,"13,552","558.64","-"
2020/06/08,"13,926","573.98","-"
2020/06/09,"13,869","571.92","-"
2020/06/10,"13,733","566.37","-"
2020/06/11,"13,589","560.48","-"
2020/06/12,"12,800","528.58","-"
2020/06/15,"12,980","536.29","-"
2020/06/16,"13,091","547.71","-"
2020/06/17,"13,348","559.49","-"
2020/06/18,"13,267","556.71","-"
2020/06/19,"13,264","557.32","-"
2020/06/22,"13,201","555.12","-"
2020/06/23,"13,301","559.61","-"
2020/06/24,"13,339","562.66","-"
2020/06/25,"13,049","551.08","-"
2020/06/26,"13,170","556.63","-"
2020/06/29,"12,946","547.61","-"
2020/06/30,"13,155","557.38","-"
2020/07/01,"13,365","566.50","-"
2020/07/02,"13,351","566.23","-"
2020/07/03,"13,470","573.58","-"
2020/07/06,"13,470","573.86","-"
2020/07/07,"13,654","581.68","-"
2020/07/08,"13,560","578.63","-"
2020/07/09,"13,596","580.73","-"
2020/07/10,"13,483","576.47","-"
2020/07/13,"13,583","581.20","-"
2020/07/14,"13,570","581.34","-"
2020/07/15,"13,709","587.40","-"
2020/07/16,"13,823","592.70","-"
2020/07/17,"13,798","599.43","-"
2020/07/20,"13,880","603.30","-"
2020/07/21,"13,975","607.84","-"
2020/07/22,"13,981","608.85","-"
2020/07/27,"13,649","595.26","-"
2020/07/28,"13,691","597.68","-"
2020/07/29,"13,592","594.83","-"
2020/07/30,"13,734","601.38","-"
2020/07/31,"13,594","596.57","-"
2020/08/03,"13,798","606.11","-"
2020/08/04,"13,934","611.39","-"
2020/08/05,"13,929","612.45","-"
2020/08/06,"14,020","616.72","-"
2020/08/07,"14,067","621.08","-"
2020/08/11,"14,145","625.38","-"
2020/08/12,"14,169","627.41","-"
2020/08/13,"14,400","639.04","-"
2020/08/14,"14,407","639.85","-"
2020/08/17,"14,317","636.55","-"
2020/08/18,"14,292","642.69","-"
2020/08/19,"14,236","642.06","-"
2020/08/20,"14,301","645.40","-"
2020/08/21,"14,264","644.19","-"
2020/08/24,"14,284","645.69","-"
2020/08/25,"14,463","654.60","-"
2020/08/26,"14,568","659.70","-"
2020/08/27,"14,641","663.85","-"
2020/08/28,"14,733","668.79","-"
2020/08/31,"14,637","665.12","-"
2020/09/01,"14,687","667.80","-"
2020/09/02,"14,775","671.83","-"
2020/09/03,"14,991","685.26","-"
2020/09/04,"14,539","665.52","-"
2020/09/07,"14,417","660.44","-"
2020/09/08,"14,452","662.27","-"
2020/09/09,"14,050","643.87","-"
2020/09/10,"14,361","660.04","-"
2020/09/11,"14,158","651.64","-"
2020/09/14,"14,169","652.66","-"
2020/09/15,"14,272","658.09","-"
2020/09/16,"14,306","667.78","-"
2020/09/17,"14,212","663.94","-"
2020/09/18,"14,089","659.14","-"
2020/09/23,"13,850","648.52","-"
2020/09/24,"13,653","639.88","-"
2020/09/25,"13,663","642.07","-"
2020/09/28,"13,802","649.19","-"
2020/09/29,"14,044","661.38","-"
2020/09/30,"14,058","664.21","-"
2020/10/01,"14,089","666.31","-"
2020/10/02,"14,175","672.42","-"
2020/10/05,"14,079","669.94","-"
2020/10/06,"14,334","682.59","-"
2020/10/07,"14,173","675.50","-"
2020/10/08,"14,427","687.83","-"
2020/10/09,"14,531","693.79","-"
2020/10/12,"14,616","698.25","0"
2020/10/13,"14,762","705.93","-"
2020/10/14,"14,684","702.20","-"
2020/10/15,"14,587","697.50","-"
2020/10/16,"14,506","694.35","-"
2020/10/19,"14,550","705.28","-"
2020/10/20,"14,408","699.22","-"
2020/10/21,"14,435","701.52","-"
2020/10/22,"14,267","693.54","-"
2020/10/23,"14,316","696.69","-"
2020/10/26,"14,385","700.74","-"
2020/10/27,"14,141","689.07","-"
2020/10/28,"14,022","684.57","-"
2020/10/29,"13,549","662.22","-"
2020/10/30,"13,665","668.65","-"
2020/11/02,"13,534","663.31","-"
2020/11/04,"13,971","685.11","-"
2020/11/05,"14,231","699.82","-"
2020/11/06,"14,438","710.47","-"
2020/11/09,"14,408","709.22","-"
2020/11/10,"14,875","733.12","-"
2020/11/11,"14,889","734.05","-"
2020/11/12,"15,054","741.32","-"
2020/11/13,"14,857","731.61","-"
2020/11/16,"14,969","735.88","-"
2020/11/17,"15,120","750.30","-"
2020/11/18,"15,024","745.89","-"
2020/11/19,"14,894","739.47","-"
2020/11/20,"14,935","741.15","-"
2020/11/24,"15,048","747.16","-"
2020/11/25,"15,269","758.60","-"
2020/11/26,"15,252","758.14","-"
2020/11/27,"15,214","756.61","-"
2020/11/30,"15,241","757.93","-"
2020/12/01,"15,195","775.89","-"
2020/12/02,"15,388","786.34","-"
2020/12/03,"15,435","791.40","-"
2020/12/04,"15,363","787.93","-"
2020/12/07,"15,523","796.65","-"
2020/12/08,"15,505","796.11","-"
2020/12/09,"15,564","799.78","-"
2020/12/10,"15,474","795.44","-"
2020/12/11,"15,452","795.15","-"
2020/12/14,"15,409","793.84","-"
2020/12/15,"15,405","793.93","-"
2020/12/16,"15,498","799.10","-"
2020/12/17,"15,516","809.18","-"
2020/12/18,"15,601","813.94","-"
2020/12/21,"15,566","812.71","-"
2020/12/22,"15,445","806.99","-"
2020/12/23,"15,496","810.54","-"
2020/12/24,"15,543","813.13","-"
2020/12/25,"15,557","814.30","-"
2020/12/28,"15,581","816.19","-"
2020/12/29,"15,723","823.58","-"
2020/12/30,"15,679","821.33","-"
2021/01/04,"15,669","823.09","-"
2021/01/05,"15,550","817.91","-"
2021/01/06,"15,589","821.47","-"
2021/01/07,"15,743","830.25","-"
2021/01/08,"16,067","848.68","-"
2021/01/12,"16,085","850.40","-"
2021/01/13,"16,035","848.16","-"
2021/01/14,"16,089","851.63","-"
2021/01/15,"16,056","850.08","-"
2021/01/18,"15,907","842.95","-"
2021/01/19,"15,901","844.02","-"
2021/01/20,"16,045","851.65","-"
2021/01/21,"16,181","870.08","-"
2021/01/22,"16,185","870.92","-"
2021/01/25,"16,173","871.04","-"
2021/01/26,"16,167","870.98","-"
2021/01/27,"16,144","870.58","-"
2021/01/28,"15,839","855.78","-"
2021/01/29,"16,003","865.55","-"
2021/02/01,"15,745","852.37","-"
2021/02/02,"16,000","867.60","-"
2021/02/03,"16,243","882.82","-"
2021/02/04,"16,261","884.47","-"
2021/02/05,"16,476","897.19","-"
2021/02/08,"16,563","901.94","-"
2021/02/09,"16,625","905.97","-"
2021/02/10,"16,546","902.55","-"
2021/02/12,"16,610","906.64","-"
2021/02/15,"16,755","915.58","-"
2021/02/16,"16,871","922.47","-"
2021/02/17,"16,950","926.79","-"
2021/02/18,"16,833","931.11","-"
2021/02/19,"16,761","927.37","-"
2021/02/22,"16,748","926.66","-"
2021/02/24,"16,609","919.38","-"
2021/02/25,"16,854","933.53","-"
2021/02/26,"16,547","917.22","-"
2021/03/01,"16,447","912.53","-"
2021/03/02,"16,857","938.04","-"
2021/03/03,"16,760","934.84","-"
2021/03/04,"16,601","926.36","-"
2021/03/05,"16,522","923.77","-"
2021/03/08,"16,787","938.91","-"
2021/03/09,"16,860","943.37","-"
2021/03/10,"17,027","953.61","-"
2021/03/11,"17,109","959.74","-"
2021/03/12,"17,329","972.99","-"
2021/03/15,"17,393","976.93","-"
2021/03/16,"17,511","984.45","-"
2021/03/17,"17,493","984.52","-"
2021/03/18,"17,522","986.98","-"
2021/03/19,"17,314","984.67","-"
2021/03/22,"17,246","981.45","-"
2021/03/23,"17,350","988.23","-"
2021/03/24,"17,168","978.80","-"
2021/03/25,"17,109","976.35","-"
2021/03/26,"17,232","984.65","-"
2021/03/29,"17,523","1,002.44","-"
2021/03/30,"17,541","1,005.06","-"
2021/03/31,"17,655","1,013.17","-"
2021/04/01,"17,728","1,020.03","-"
2021/04/02,"17,907","1,032.03","-"
2021/04/05,"17,900","1,034.83","-"
2021/04/06,"18,042","1,043.04","-"
2021/04/07,"18,005","1,040.94","-"
2021/04/08,"18,015","1,043.70","-"
2021/04/09,"18,055","1,048.18","-"
2021/04/12,"18,217","1,058.86","-"
2021/04/13,"18,167","1,057.48","-"
2021/04/14,"18,128","1,059.06","-"
2021/04/15,"18,107","1,059.29","-"
2021/04/16,"18,244","1,077.93","-"
2021/04/19,"18,311","1,084.07","-"
2021/04/20,"18,178","1,077.81","-"
2021/04/21,"17,982","1,067.35","-"
2021/04/22,"18,132","1,077.71","-"
2021/04/23,"18,021","1,072.21","-"
2021/04/26,"18,187","1,083.59","-"
2021/04/27,"18,275","1,089.69","-"
2021/04/28,"18,394","1,099.27","-"
2021/04/30,"18,482","1,105.54","-"
2021/05/06,"18,357","1,099.32","-"
2021/05/07,"18,444","1,107.40","-"
2021/05/10,"18,566","1,118.22","-"
2021/05/11,"18,449","1,112.83","-"
2021/05/12,"18,230","1,102.65","-"
2021/05/13,"18,058","1,094.52","-"
2021/05/14,"18,197","1,104.68","-"
2021/05/17,"18,452","1,121.00","-"
2021/05/18,"18,391","1,117.74","-"
2021/05/19,"18,289","1,113.24","-"
2021/05/20,"18,206","1,108.84","-"
2021/05/21,"18,381","1,130.78","-"
2021/05/24,"18,386","1,132.30","-"
2021/05/25,"18,523","1,141.98","-"
2021/05/26,"18,495","1,142.04","-"
2021/05/27,"18,577","1,148.35","-"
2021/05/28,"18,745","1,161.82","-"
2021/05/31,"18,751","1,169.30","-"
2021/06/01,"18,680","1,170.44","-"
2021/06/02,"18,749","1,174.81","-"
2021/06/03,"18,772","1,183.20","-"
2021/06/04,"18,791","1,186.18","-"
2021/06/07,"18,832","1,189.89","-"
2021/06/08,"18,830","1,192.27","-"
2021/06/09,"18,836","1,193.78","-"
2021/06/10,"18,840","1,195.25","-"
2021/06/11,"18,892","1,201.73","-"
2021/06/14,"18,980","1,208.67","-"
2021/06/15,"19,083","1,216.21","-"
2021/06/16,"19,066","1,227.00","-"
2021/06/17,"19,060","1,229.22","-"
2021/06/18,"18,954","1,223.90","-"
2021/06/21,"18,684","1,206.83","-"
2021/06/22,"18,906","1,222.34","-"
2021/06/23,"19,094","1,236.42","-"
2021/06/24,"19,114","1,239.29","-"
2021/06/25,"19,222","1,248.38","-"
2021/06/28,"19,225","1,250.15","-"
2021/06/29,"19,197","1,249.56","-"
2021/06/30,"19,217","1,254.36","-"
2021/07/01,"19,261","1,258.20","-"
2021/07/02,"19,444","1,273.29","-"
2021/07/05,"19,486","1,280.21","-"
2021/07/06,"19,455","1,279.52","-"
2021/07/07,"19,318","1,270.48","-"
2021/07/08,"19,403","1,279.84","-"
2021/07/09,"19,102","1,261.90","-"
2021/07/12,"19,378","1,281.10","-"
2021/07/13,"19,486","1,289.74","-"
2021/07/14,"19,449","1,289.45","-"
2021/07/15,"19,330","1,282.65","-"
2021/07/16,"19,236","1,278.08","-"
2021/07/19,"19,108","1,282.30","-"
2021/07/20,"18,739","1,258.49","-"
2021/07/21,"19,045","1,280.50","-"
2021/07/26,"19,584","1,317.37","-"
2021/07/27,"19,570","1,317.20","-"
2021/07/28,"19,402","1,309.67","-"
2021/07/29,"19,426","1,311.98","-"
2021/07/30,"19,487","1,317.67","-"
2021/08/02,"19,403","1,314.59","-"
2021/08/03,"19,361","1,312.58","-"
2021/08/04,"19,426","1,321.38","-"
2021/08/05,"19,492","1,326.70","-"
2021/08/06,"19,638","1,337.98","-"
2021/08/10,"19,703","1,343.55","-"
2021/08/11,"19,777","1,350.02","-"
2021/08/12,"19,779","1,352.16","-"
2021/08/13,"19,843","1,356.86","-"
2021/08/16,"19,727","1,350.53","-"
2021/08/17,"19,665","1,357.92","-"
2021/08/18,"19,592","1,356.00","-"
2021/08/19,"19,511","1,351.77","-"
2021/08/20,"19,425","1,347.22","-"
2021/08/23,"19,558","1,357.61","-"
2021/08/24,"19,730","1,370.36","-"
2021/08/25,"19,786","1,375.66","-"
2021/08/26,"19,871","1,382.82","-"
2021/08/27,"19,736","1,374.02","-"
2021/08/30,"19,870","1,385.79","-"
2021/08/31,"19,965","1,393.28","-"
2021/09/01,"19,972","1,393.83","-"
2021/09/02,"19,993","1,398.88","-"
2021/09/03,"20,060","1,408.06","-"
2021/09/06,"20,021","1,405.76","-"
2021/09/07,"20,048","1,409.31","-"
2021/09/08,"20,046","1,409.13","-"
2021/09/09,"19,950","1,404.52","-"
2021/09/10,"19,800","1,396.10","-"
2021/09/13,"19,709","1,390.94","-"
2021/09/14,"19,758","1,396.11","-"
2021/09/15,"19,598","1,385.71","-"
2021/09/16,"19,653","1,402.22","-"
2021/09/17,"19,699","1,407.33","-"
2021/09/21,"19,130","1,367.98","-"
2021/09/22,"19,112","1,367.30","-"
2021/09/24,"19,735","1,412.80","-"
2021/09/27,"19,758","1,415.85","-"
2021/09/28,"19,748","1,415.88","-"
2021/09/29,"19,443","1,397.22","-"
2021/09/30,"19,498","1,402.12","-"
2021/10/01,"19,256","1,387.63","-"
2021/10/04,"19,329","1,394.49","-"
2021/10/05,"19,111","1,384.50","-"
2021/10/06,"19,430","1,405.40","-"
2021/10/07,"19,400","1,403.93","-"
2021/10/08,"19,666","1,424.55","-"
2021/10/11,"19,738","1,431.38","-"
2021/10/12,"19,841","1,439.71","0"
2021/10/13,"19,812","1,437.56","-"
2021/10/14,"19,915","1,446.46","-"
2021/10/15,"20,306","1,476.02","-"
2021/10/18,"20,517","1,503.22","-"
2021/10/19,"20,559","1,507.91","-"
2021/10/20,"20,786","1,525.79","-"
2021/10/21,"20,803","1,528.15","-"
2021/10/22,"20,787","1,528.03","-"
2021/10/25,"20,731","1,525.38","-"
2021/10/26,"20,815","1,532.83","-"
2021/10/27,"20,916","1,541.85","-"
2021/10/28,"20,755","1,533.20","-"
2021/10/29,"20,923","1,547.10","-"
2021/11/01,"20,968","1,551.56","-"
2021/11/02,"21,059","1,560.81","-"
2021/11/04,"21,241","1,578.80","-"
2021/11/05,"21,229","1,579.23","-"
2021/11/08,"21,260","1,583.65","-"
2021/11/09,"21,231","1,582.95","-"
2021/11/10,"21,103","1,575.55","-"
2021/11/11,"21,123","1,579.65","-"
2021/11/12,"21,187","1,586.99","-"
2021/11/15,"21,291","1,594.83","-"
2021/11/16,"21,326","1,601.48","-"
2021/11/17,"21,494","1,628.31","-"
2021/11/18,"21,314","1,616.22","-"
2021/11/19,"21,391","1,624.16","-"
2021/11/22,"21,260","1,615.22","-"
2021/11/24,"21,337","1,622.88","-"
2021/11/25,"21,401","1,629.53","-"
2021/11/26,"21,342","1,626.63","-"
2021/11/29,"20,627","1,572.15","-"
2021/11/30,"20,842","1,594.80","-"
2021/12/01,"20,405","1,562.34","-"
2021/12/02,"20,203","1,548.27","-"
2021/12/03,"20,406","1,569.77","-"
2021/12/06,"20,219","1,557.58","-"
2021/12/07,"20,528","1,583.42","-"
2021/12/08,"20,988","1,620.56","-"
2021/12/09,"21,106","1,631.11","-"
2021/12/10,"20,878","1,616.38","-"
2021/12/13,"21,015","1,627.55","-"
2021/12/14,"20,848","1,616.12","-"
2021/12/15,"20,710","1,606.58","-"
2021/12/16,"21,060","1,635.57","-"
2021/12/17,"20,906","1,638.10","-"
2021/12/20,"20,666","1,620.26","-"
2021/12/21,"20,436","1,603.94","-"
2021/12/22,"20,896","1,641.46","-"
2021/12/23,"21,128","1,662.10","-"
2021/12/24,"21,325","1,679.14","-"
2021/12/27,"21,303","1,678.21","-"
2021/12/28,"21,647","1,705.32","-"
2021/12/29,"21,626","1,703.66","-"
2021/12/30,"21,689","1,708.67","-"
2022/01/04,"21,770","1,721.35","-"
2022/01/05,"21,927","1,734.26","-"
2022/01/06,"21,555","1,707.86","-"
2022/01/07,"21,460","1,701.48","-"
2022/01/11,"21,212","1,683.59","-"
2022/01/12,"21,431","1,703.46","-"
2022/01/13,"21,410","1,703.10","-"
2022/01/14,"21,071","1,678.36","-"
2022/01/17,"21,063","1,680.35","-"
2022/01/18,"21,144","1,688.32","-"
2022/01/19,"20,797","1,660.62","-"
2022/01/20,"20,589","1,662.12","-"
2022/01/21,"20,340","1,643.72","-"
2022/01/24,"19,968","1,615.01","-"
2022/01/25,"19,876","1,608.59","-"
2022/01/26,"19,660","1,591.12","-"
2022/01/27,"19,802","1,603.08","-"
2022/01/28,"19,838","1,609.23","-"
2022/01/31,"20,168","1,636.94","-"
2022/02/01,"20,499","1,664.59","-"
2022/02/02,"20,611","1,677.11","-"
2022/02/03,"20,717","1,689.93","-"
2022/02/04,"20,405","1,666.74","-"
2022/02/07,"20,513","1,677.49","-"
2022/02/08,"20,503","1,677.59","-"
2022/02/09,"20,677","1,693.30","-"
2022/02/10,"21,009","1,722.06","-"
2022/02/14,"20,349","1,670.64","-"
2022/02/15,"20,197","1,659.71","-"
2022/02/16,"20,569","1,690.17","-"
2022/02/17,"20,552","1,704.38","-"
2022/02/18,"20,087","1,667.14","-"
2022/02/21,"19,938","1,656.79","-"
2022/02/22,"19,835","1,648.39","-"
2022/02/24,"19,405","1,612.61","-"
2022/02/25,"19,567","1,629.50","-"
2022/02/28,"20,030","1,668.51","-"
2022/03/01,"19,973","1,663.61","-"
2022/03/02,"19,571","1,634.88","-"
2022/03/03,"19,982","1,674.94","-"
2022/03/04,"19,745","1,659.21","-"
2022/03/07,"19,372","1,629.94","-"
2022/03/08,"18,940","1,594.17","-"
2022/03/09,"18,892","1,592.15","-"
2022/03/10,"19,520","1,645.40","-"
2022/03/11,"19,445","1,641.00","-"
2022/03/14,"19,453","1,642.99","-"
2022/03/15,"19,469","1,645.70","-"
2022/03/16,"19,791","1,674.43","-"
2022/03/17,"20,422","1,730.88","-"
2022/03/18,"20,645","1,750.97","-"
2022/03/22,"21,066","1,802.50","-"
2022/03/23,"21,518","1,842.11","-"
2022/03/24,"21,262","1,823.15","-"
2022/03/25,"21,670","1,858.17","-"
2022/03/28,"21,755","1,866.69","-"
2022/03/29,"22,238","1,909.35","-"
2022/03/30,"22,267","1,916.42","-"
2022/03/31,"22,155","1,907.22","-"
2022/04/01,"21,783","1,877.65","-"
2022/04/04,"21,894","1,888.25","-"
2022/04/05,"22,088","1,909.80","-"
2022/04/06,"22,080","1,910.02","-"
2022/04/07,"21,789","1,886.74","-"
2022/04/08,"21,854","1,893.80","-"
2022/04/11,"22,007","1,908.83","-"
2022/04/12,"21,863","1,897.83","-"
2022/04/13,"21,779","1,892.15","-"
2022/04/14,"22,005","1,912.96","-"
2022/04/15,"21,924","1,907.27","-"
2022/04/18,"21,972","1,925.47","-"
2022/04/19,"22,061","1,933.25","-"
2022/04/20,"22,692","1,988.62","-"
2022/04/21,"22,529","1,979.45","-"
2022/04/22,"22,311","1,960.90","-"
2022/04/25,"21,753","1,912.85","-"
2022/04/26,"21,538","1,896.08","-"
2022/04/27,"20,988","1,849.76","-"
2022/04/28,"21,204","1,873.32","-"
2022/05/02,"21,279","1,882.56","-"
2022/05/06,"21,288","1,884.97","-"
2022/05/09,"21,112","1,869.38","-"
2022/05/10,"20,326","1,808.41","-"
2022/05/11,"20,421","1,819.72","-"
2022/05/12,"20,127","1,796.33","-"
2022/05/13,"19,901","1,778.88","-"
2022/05/16,"20,527","1,838.12","-"
2022/05/17,"20,423","1,829.79","-"
2022/05/18,"20,843","1,871.54","-"
2022/05/19,"19,996","1,796.76","-"
2022/05/20,"19,818","1,783.07","-"
2022/05/23,"19,863","1,802.84","-"
2022/05/24,"20,215","1,836.40","-"
2022/05/25,"19,907","1,810.56","-"
2022/05/26,"20,168","1,836.87","-"
2022/05/27,"20,441","1,863.13","-"
2022/05/30,"20,894","1,923.97","-"
2022/05/31,"21,142","1,949.23","-"
2022/06/01,"21,108","1,946.08","-"
2022/06/02,"21,116","1,951.70","-"
2022/06/03,"21,468","1,988.63","-"
2022/06/06,"21,327","1,975.54","-"
2022/06/07,"21,632","2,003.88","-"
2022/06/08,"21,879","2,031.47","-"
2022/06/09,"21,954","2,039.31","-"
2022/06/10,"21,402","1,990.29","-"
2022/06/13,"20,865","1,940.58","-"
2022/06/14,"19,976","1,859.27","-"
2022/06/15,"19,976","1,860.65","-"
2022/06/16,"20,180","1,895.49","-"
2022/06/17,"19,421","1,828.34","-"
2022/06/20,"19,730","1,859.21","-"
2022/06/21,"19,791","1,867.29","-"
2022/06/22,"20,352","1,920.22","-"
2022/06/23,"20,265","1,917.68","-"
2022/06/24,"20,214","1,914.69","-"
2022/06/27,"20,718","1,963.55","-"
2022/06/28,"20,863","1,978.07","-"
2022/06/29,"20,638","1,973.34","-"
2022/06/30,"20,645","1,977.00","-"
2022/07/01,"20,330","1,951.00","-"
2022/07/04,"20,323","1,951.09","-"
2022/07/05,"20,535","1,975.42","-"
2022/07/06,"20,352","1,957.81","-"
2022/07/07,"20,444","1,970.46","-"
2022/07/08,"20,812","2,007.68","-"
2022/07/11,"20,869","2,015.57","-"
2022/07/12,"20,710","2,001.63","-"
2022/07/13,"20,538","1,986.87","-"
2022/07/14,"20,580","1,991.65","-"
2022/07/15,"20,582","1,994.15","-"
2022/07/19,"20,825","2,033.38","-"
2022/07/20,"21,362","2,088.63","-"
2022/07/21,"21,509","2,103.93","-"
2022/07/22,"21,514","2,106.61","-"
2022/07/25,"21,229","2,079.43","-"
2022/07/26,"21,261","2,084.37","-"
2022/07/27,"21,111","2,070.61","-"
2022/07/28,"21,474","2,112.19","-"
2022/07/29,"21,456","2,112.51","-"
2022/08/01,"21,475","2,115.49","-"
2022/08/02,"21,131","2,084.81","-"
2022/08/03,"21,417","2,116.49","-"
2022/08/04,"21,696","2,144.80","-"
2022/08/05,"21,625","2,139.92","-"
2022/08/08,"21,923","2,170.64","-"
2022/08/09,"21,886","2,168.67","-"
2022/08/10,"21,837","2,165.62","-"
2022/08/12,"21,988","2,183.72","-"
2022/08/15,"22,219","2,209.35","-"
2022/08/16,"22,273","2,216.56","-"
2022/08/17,"22,515","2,260.16","-"
2022/08/18,"22,439","2,252.29","-"
2022/08/19,"22,681","2,279.40","-"
2022/08/22,"22,535","2,264.59","-"
2022/08/23,"22,110","2,223.61","-"
2022/08/24,"22,001","2,213.85","-"
2022/08/25,"22,083","2,223.32","-"
2022/08/26,"22,310","2,248.58","-"
2022/08/29,"21,894","2,209.38","-"
2022/08/30,"21,805","2,205.17","-"
2022/08/31,"21,601","2,184.51","-"
2022/09/01,"21,549","2,183.09","-"
2022/09/02,"21,564","2,189.16","-"
2022/09/05,"21,507","2,189.02","-"
2022/09/06,"21,496","2,188.94","-"
2022/09/07,"21,814","2,221.31","-"
2022/09/08,"22,343","2,278.94","-"
2022/09/09,"22,428","2,290.71","-"
2022/09/12,"22,648","2,314.55","-"
2022/09/13,"22,902","2,341.50","-"
2022/09/14,"22,307","2,281.81","-"
2022/09/15,"22,139","2,264.81","-"
2022/09/16,"21,891","2,256.74","-"
2022/09/20,"21,835","2,254.53","-"
2022/09/21,"21,642","2,237.06","-"
2022/09/22,"21,418","2,217.04","-"
2022/09/26,"20,642","2,138.83","-"
2022/09/27,"20,519","2,129.43","-"
2022/09/28,"20,487","2,131.84","-"
2022/09/29,"20,808","2,167.16","-"
2022/09/30,"20,538","2,142.18","-"
2022/10/03,"20,329","2,125.53","-"
2022/10/04,"20,771","2,173.84","-"
2022/10/05,"21,364","2,239.44","-"
2022/10/06,"21,392","2,245.27","-"
2022/10/07,"21,175","2,226.75","-"
2022/10/11,"20,589","2,169.85","-"
2022/10/12,"20,480","2,165.96","0"
2022/10/13,"20,532","2,176.69","-"
2022/10/14,"21,055","2,236.28","-"
2022/10/17,"20,831","2,217.44","-"
2022/10/18,"21,410","2,299.40","-"
2022/10/19,"21,695","2,335.41","-"
2022/10/20,"21,615","2,329.10","-"
2022/10/21,"21,539","2,324.94","-"
2022/10/24,"21,767","2,352.72","-"
2022/10/25,"22,014","2,382.12","-"
2022/10/26,"22,265","2,412.30","-"
2022/10/27,"21,922","2,377.92","-"
2022/10/28,"21,876","2,377.63","-"
2022/10/31,"22,504","2,449.37","-"
2022/11/01,"22,442","2,444.35","-"
2022/11/02,"22,251","2,428.28","-"
2022/11/04,"21,620","2,363.35","-"
2022/11/07,"21,824","2,387.52","-"
2022/11/08,"21,975","2,407.14","-"
2022/11/09,"22,007","2,413.43","-"
2022/11/10,"21,701","2,383.59","-"
2022/11/11,"22,133","2,438.44","-"
2022/11/14,"22,051","2,434.02","-"
2022/11/15,"22,025","2,431.11","-"
2022/11/16,"22,085","2,443.71","-"
2022/11/17,"21,908","2,444.09","-"
2022/11/18,"21,950","2,451.21","-"
2022/11/21,"22,051","2,466.08","-"
2022/11/22,"22,216","2,486.08","-"
2022/11/24,"22,232","2,491.49","-"
2022/11/25,"22,233","2,493.24","-"
2022/11/28,"22,216","2,491.38","-"
2022/11/29,"21,871","2,457.53","-"
2022/11/30,"21,838","2,463.23","-"
2022/12/01,"22,161","2,502.04","-"
2022/12/02,"21,986","2,488.07","-"
2022/12/05,"21,827","2,476.42","-"
2022/12/06,"21,769","2,472.08","-"
2022/12/07,"21,593","2,454.40","-"
2022/12/08,"21,430","2,437.84","-"
2022/12/09,"21,640","2,465.03","-"
2022/12/12,"21,511","2,452.38","-"
2022/12/13,"21,900","2,499.02","-"
2022/12/14,"21,749","2,483.80","-"
2022/12/15,"21,675","2,477.08","-"
2022/12/16,"21,455","2,454.43","-"
2022/12/19,"20,973","2,418.79","-"
2022/12/20,"20,571","2,373.94","-"
2022/12/21,"20,162","2,329.02","-"
2022/12/22,"20,538","2,374.26","-"
2022/12/23,"20,339","2,354.26","-"
2022/12/26,"20,365","2,360.74","-"
2022/12/27,"20,525","2,381.14","-"
2022/12/28,"20,574","2,386.78","-"
2022/12/29,"20,409","2,367.70","-"
2022/12/30,"20,498","2,389.98","-"
2023/01/04,"20,128","2,351.45","-"
2023/01/05,"20,538","2,399.15","-"
2023/01/06,"20,552","2,412.95","-"
2023/01/10,"20,787","2,443.22","-"
2023/01/11,"20,960","2,466.13","-"
2023/01/12,"21,131","2,490.92","-"
2023/01/13,"20,834","2,457.66","-"
2023/01/16,"20,711","2,447.08","-"
2023/01/17,"20,817","2,461.05","-"
2023/01/18,"21,213","2,507.85","-"
2023/01/19,"20,566","2,454.60","-"
2023/01/20,"20,440","2,442.93","-"
2023/01/23,"20,877","2,497.07","-"
2023/01/24,"21,275","2,546.14","-"
2023/01/25,"21,253","2,547.11","-"
2023/01/26,"21,075","2,528.63","-"
2023/01/27,"21,318","2,559.16","-"
2023/01/30,"21,456","2,582.76","-"
2023/01/31,"21,273","2,562.45","-"
2023/02/01,"21,415","2,580.90","-"
2023/02/02,"21,419","2,585.82","-"
2023/02/03,"21,692","2,622.79","-"
2023/02/06,"22,094","2,672.83","-"
2023/02/07,"21,955","2,658.76","-"
2023/02/08,"21,901","2,653.13","-"
2023/02/09,"21,841","2,645.82","-"
2023/02/10,"21,738","2,636.74","-"
2023/02/13,"21,717","2,636.04","-"
2023/02/14,"22,060","2,679.52","-"
2023/02/15,"22,155","2,692.04","-"
2023/02/16,"22,424","2,744.91","-"
2023/02/17,"22,231","2,724.72","-"
2023/02/20,"22,179","2,719.38","-"
2023/02/21,"22,170","2,719.94","-"
2023/02/22,"21,898","2,686.56","-"
2023/02/24,"21,797","2,678.76","-"
2023/02/27,"21,884","2,692.41","-"
2023/02/28,"22,018","2,710.11","-"
2023/03/01,"21,938","2,706.21","-"
2023/03/02,"21,854","2,699.49","-"
2023/03/03,"22,070","2,735.55","-"
2023/03/06,"22,267","2,761.36","-"
2023/03/07,"22,326","2,770.84","-"
2023/03/08,"22,163","2,750.91","-"
2023/03/09,"22,141","2,749.34","-"
2023/03/10,"21,672","2,695.54","-"
2023/03/13,"21,121","2,629.12","-"
2023/03/14,"20,831","2,595.20","-"
2023/03/15,"21,379","2,663.94","-"
2023/03/16,"20,859","2,601.85","-"
2023/03/17,"21,234","2,653.66","-"
2023/03/20,"20,909","2,632.64","-"
2023/03/22,"21,366","2,694.52","-"
2023/03/23,"20,898","2,637.49","-"
2023/03/24,"20,876","2,637.80","-"
2023/03/27,"20,868","2,639.79","-"
2023/03/28,"20,975","2,654.90","-"
2023/03/29,"21,075","2,675.91","-"
2023/03/30,"21,562","2,741.43","-"
2023/03/31,"21,911","2,791.71","-"
2023/04/03,"22,080","2,814.43","-"
2023/04/04,"22,104","2,818.42","-"
2023/04/05,"21,855","2,790.45","-"
2023/04/06,"21,704","2,769.99","-"
2023/04/07,"21,886","2,795.02","-"
2023/04/10,"22,020","2,812.86","-"
2023/04/11,"22,172","2,832.30","-"
2023/04/12,"22,286","2,846.85","-"
2023/04/13,"22,188","2,842.58","-"
2023/04/14,"22,343","2,864.07","-"
2023/04/17,"22,515","2,904.13","-"
2023/04/18,"22,648","2,921.74","-"
2023/04/19,"22,649","2,925.14","-"
2023/04/20,"22,756","2,937.71","-"
2023/04/21,"22,559","2,915.46","-"
2023/04/24,"22,554","2,915.92","-"
2023/04/25,"22,635","2,928.22","-"
2023/04/26,"22,202","2,874.89","-"
2023/04/27,"22,114","2,865.07","-"
2023/04/28,"22,510","2,922.16","-"
2023/05/01,"23,122","3,003.37","-"
2023/05/02,"23,246","3,021.66","-"
2023/05/08,"22,722","2,953.50","-"
2023/05/09,"22,786","2,970.03","-"
2023/05/10,"22,657","2,953.13","-"
2023/05/11,"22,561","2,942.68","-"
2023/05/12,"22,568","2,949.07","-"
2023/05/15,"22,758","2,975.97","-"
2023/05/16,"22,863","2,992.62","-"
2023/05/17,"22,774","2,983.75","-"
2023/05/18,"23,145","3,032.47","-"
2023/05/19,"23,440","3,072.92","-"
2023/05/22,"23,353","3,079.51","-"
2023/05/23,"23,497","3,098.81","-"
2023/05/24,"23,266","3,068.95","-"
2023/05/25,"23,180","3,058.08","-"
2023/05/26,"23,322","3,078.50","-"
2023/05/29,"23,770","3,139.30","-"
2023/05/30,"23,685","3,136.73","-"
2023/05/31,"23,558","3,119.94","-"
2023/06/01,"23,274","3,086.32","-"
2023/06/02,"23,498","3,121.76","-"
2023/06/05,"24,023","3,196.61","-"
2023/06/06,"23,887","3,180.45","-"
2023/06/07,"23,934","3,192.72","-"
2023/06/08,"23,931","3,193.11","-"
2023/06/09,"23,936","3,197.73","-"
2023/06/12,"23,983","3,204.40","-"
2023/06/13,"24,215","3,238.29","-"
2023/06/14,"24,462","3,274.36","-"
2023/06/15,"24,571","3,291.27","-"
2023/06/16,"24,847","3,350.31","-"
2023/06/19,"25,094","3,386.43","-"
2023/06/20,"25,088","3,387.48","-"
2023/06/21,"24,858","3,356.36","-"
2023/06/22,"24,817","3,355.67","-"
2023/06/23,"25,045","3,389.95","-"
2023/06/26,"24,888","3,371.11","-"
2023/06/27,"24,830","3,364.72","-"
2023/06/28,"25,124","3,413.29","-"
2023/06/29,"25,221","3,428.93","-"
2023/06/30,"25,409","3,457.66","-"
2023/07/03,"25,635","3,494.50","-"
2023/07/04,"25,676","3,502.02","-"
2023/07/05,"25,677","3,507.04","-"
2023/07/06,"25,550","3,489.62","-"
2023/07/07,"25,207","3,449.38","-"
2023/07/10,"24,919","3,411.95","-"
2023/07/11,"24,810","3,400.26","-"
2023/07/12,"24,728","3,392.71","-"
2023/07/13,"24,782","3,402.90","-"
2023/07/14,"24,938","3,427.61","-"
2023/07/18,"25,118","3,474.02","-"
2023/07/19,"25,306","3,501.25","-"
2023/07/20,"25,492","3,532.06","-"
2023/07/21,"25,402","3,521.47","-"
2023/07/24,"25,733","3,572.99","-"
2023/07/25,"25,735","3,576.38","-"
2023/07/26,"25,728","3,578.15","-"
2023/07/27,"25,583","3,560.14","-"
2023/07/28,"25,321","3,532.33","-"
2023/07/31,"25,792","3,601.06","-"
2023/08/01,"26,106","3,647.90","-"
2023/08/02,"26,140","3,659.33","-"
2023/08/03,"25,770","3,613.09","-"
2023/08/04,"25,591","3,589.89","-"
2023/08/07,"25,319","3,553.28","-"
2023/08/08,"25,726","3,611.83","-"
2023/08/09,"25,672","3,605.94","-"
2023/08/10,"25,657","3,606.98","-"
2023/08/14,"25,820","3,635.08","-"
2023/08/15,"25,997","3,662.15","-"
2023/08/16,"25,718","3,623.99","-"
2023/08/17,"25,678","3,643.68","-"
2023/08/18,"25,352","3,599.31","-"
2023/08/21,"25,256","3,589.52","-"
2023/08/22,"25,554","3,632.58","-"
2023/08/23,"25,413","3,615.41","-"
2023/08/24,"25,523","3,634.47","-"
2023/08/25,"25,434","3,626.73","-"
2023/08/28,"25,624","3,655.94","-"
2023/08/29,"25,806","3,684.92","-"
2023/08/30,"26,105","3,727.63","-"
2023/08/31,"26,244","3,762.58","-"
2023/09/01,"26,094","3,747.34","-"
2023/09/04,"26,212","3,766.23","-"
2023/09/05,"26,272","3,781.93","-"
2023/09/06,"26,358","3,794.39","-"
2023/09/07,"26,199","3,778.03","-"
2023/09/08,"25,956","3,745.37","-"
2023/09/11,"25,988","3,753.81","-"
2023/09/12,"26,121","3,775.45","-"
2023/09/13,"26,115","3,779.88","-"
2023/09/14,"26,087","3,777.72","-"
2023/09/15,"26,377","3,823.44","-"
2023/09/19,"26,151","3,811.77","-"
2023/09/20,"26,110","3,810.20","-"
2023/09/21,"26,048","3,803.63","-"
2023/09/22,"25,505","3,729.05","-"
2023/09/25,"25,596","3,747.16","-"
2023/09/26,"25,691","3,765.72","-"
2023/09/27,"25,367","3,722.57","-"
2023/09/28,"25,445","3,742.34","-"
2023/09/29,"25,608","3,769.73","-"
2023/10/02,"25,615","3,774.34","-"
2023/10/03,"25,514","3,765.95","-"
2023/10/04,"25,066","3,706.37","-"
2023/10/05,"25,157","3,723.30","-"
2023/10/06,"25,151","3,725.07","-"
2023/10/10,"25,541","3,784.41","-"
2023/10/11,"25,787","3,823.93","-"
2023/10/12,"25,995","3,861.33","0"
2023/10/13,"25,932","3,854.03","-"
2023/10/16,"25,707","3,825.78","-"
2023/10/17,"25,955","3,864.08","-"
2023/10/18,"26,000","3,894.54","-"
2023/10/19,"25,656","3,843.89","-"
2023/10/20,"25,445","3,815.55","-"
2023/10/23,"25,115","3,767.74","-"
2023/10/24,"25,083","3,765.26","-"
2023/10/25,"25,246","3,792.23","-"
2023/10/26,"24,980","3,756.10","-"
2023/10/27,"24,749","3,724.49","-"
2023/10/30,"24,539","3,700.52","-"
2023/10/31,"24,742","3,734.04","-"
2023/11/01,"25,191","3,804.27","-"
2023/11/02,"25,314","3,829.87","-"
2023/11/06,"25,918","3,927.34","-"
2023/11/07,"26,004","3,942.39","-"
2023/11/08,"26,132","3,964.90","-"
2023/11/09,"26,231","3,980.20","-"
2023/11/10,"26,156","3,973.36","-"
2023/11/13,"26,468","4,022.52","-"
2023/11/14,"26,517","4,031.53","-"
2023/11/15,"26,890","4,088.75","-"
2023/11/16,"27,074","4,118.70","-"
2023/11/17,"26,955","4,123.65","-"
2023/11/20,"26,924","4,118.88","-"
2023/11/21,"26,796","4,101.87","-"
2023/11/22,"26,765","4,096.24","-"
2023/11/24,"27,103","4,151.64","-"
2023/11/27,"27,125","4,157.77","-"
2023/11/28,"26,831","4,114.22","-"
2023/11/29,"26,652","4,094.65","-"
2023/11/30,"26,683","4,102.29","-"
2023/12/01,"26,910","4,144.58","-"
2023/12/04,"26,827","4,134.48","-"
2023/12/05,"26,831","4,140.46","-"
2023/12/06,"26,818","4,138.07","-"
2023/12/07,"26,740","4,129.60","-"
2023/12/08,"26,189","4,046.30","-"
2023/12/11,"26,697","4,129.36","-"
2023/12/12,"26,876","4,159.51","-"
2023/12/13,"26,926","4,170.25","-"
2023/12/14,"26,699","4,135.85","-"
2023/12/15,"26,877","4,166.95","-"
2023/12/18,"26,783","4,173.39","-"
2023/12/19,"26,966","4,205.89","-"
2023/12/20,"27,409","4,274.47","-"
2023/12/21,"26,990","4,212.15","-"
2023/12/22,"27,015","4,218.87","-"
2023/12/25,"27,034","4,223.29","-"
2023/12/26,"27,056","4,230.14","-"
2023/12/27,"27,257","4,261.52","-"
2023/12/28,"27,176","4,248.97","-"
2023/12/29,"27,156","4,257.81","-"
2024/01/04,"26,955","4,228.08","-"
2024/01/05,"27,234","4,277.91","-"
2024/01/09,"27,382","4,310.31","-"
2024/01/10,"27,461","4,325.51","-"
2024/01/11,"27,765","4,377.51","-"
2024/01/12,"27,657","4,368.06","-"
2024/01/15,"27,669","4,372.19","-"
2024/01/16,"27,765","4,391.66","-"
2024/01/17,"27,917","4,415.77","-"
2024/01/18,"27,878","4,418.19","-"
2024/01/19,"28,082","4,455.09","-"
2024/01/22,"28,369","4,526.28","-"
2024/01/23,"28,446","4,543.58","-"
2024/01/24,"28,495","4,555.63","-"
2024/01/25,"28,513","4,559.74","-"
2024/01/26,"28,601","4,578.30","-"
2024/01/29,"28,758","4,607.87","-"
2024/01/30,"28,790","4,620.61","-"
2024/01/31,"28,813","4,620.21","-"
2024/02/01,"28,300","4,537.77","-"
2024/02/02,"28,511","4,579.63","-"
2024/02/05,"29,124","4,685.81","-"
2024/02/06,"29,000","4,666.56","-"
2024/02/07,"28,954","4,663.48","-"
2024/02/08,"29,185","4,703.37","-"
2024/02/09,"29,474","4,756.95","-"
2024/02/13,"29,592","4,780.50","-"
2024/02/14,"29,421","4,755.25","-"
2024/02/15,"29,665","4,797.39","-"
2024/02/16,"29,835","4,826.25","-"
2024/02/19,"29,738","4,841.48","-"
2024/02/20,"29,802","4,854.91","-"
2024/02/21,"29,629","4,826.76","-"
2024/02/22,"29,726","4,850.63","-"
2024/02/26,"30,245","4,940.90","-"
2024/02/27,"30,221","4,943.24","-"
2024/02/28,"30,241","4,955.48","-"
2024/02/29,"30,201","4,950.98","-"
2024/03/01,"30,246","4,964.77","-"
2024/03/04,"30,457","5,007.86","-"
2024/03/05,"30,499","5,021.82","-"
2024/03/06,"30,156","4,964.89","-"
2024/03/07,"30,141","4,966.34","-"
2024/03/08,"30,258","4,986.36","-"
2024/03/11,"29,894","4,931.73","-"
2024/03/12,"29,836","4,925.36","-"
2024/03/13,"30,284","5,004.07","-"
2024/03/14,"30,310","5,008.08","-"
2024/03/15,"30,365","5,020.67","-"
2024/03/18,"30,340","5,037.92","-"
2024/03/19,"30,453","5,062.84","-"
2024/03/21,"31,172","5,183.45","-"
2024/03/22,"31,445","5,232.59","-"
2024/03/25,"31,324","5,217.50","-"
2024/03/26,"31,263","5,210.26","-"
2024/03/27,"31,252","5,217.08","-"
2024/03/28,"31,452","5,261.25","-"
2024/03/29,"31,457","5,267.17","-"
2024/04/01,"31,470","5,273.12","-"
2024/04/02,"31,447","5,269.30","-"
2024/04/03,"31,212","5,229.95","-"
2024/04/04,"31,330","5,267.67","-"
2024/04/05,"30,898","5,199.35","-"
2024/04/08,"31,260","5,264.57","-"
2024/04/09,"31,347","5,285.61","-"
2024/04/10,"31,328","5,289.46","-"
2024/04/11,"31,266","5,285.48","-"
2024/04/12,"31,429","5,320.60","-"
2024/04/15,"31,090","5,266.09","-"
2024/04/16,"30,966","5,272.10","-"
2024/04/17,"30,885","5,264.35","-"
2024/04/18,"30,705","5,235.17","-"
2024/04/19,"30,721","5,241.17","-"
2024/04/22,"30,524","5,208.39","-"
2024/04/23,"30,803","5,258.96","-"
2024/04/24,"31,205","5,330.18","-"
2024/04/25,"31,316","5,351.74","-"
2024/04/26,"31,243","5,347.39","-"
2024/04/30,"31,872","5,462.51","-"
2024/05/01,"31,607","5,428.13","-"
2024/05/02,"31,188","5,362.99","-"
2024/05/07,"31,682","5,456.11","-"
2024/05/08,"31,935","5,507.41","-"
2024/05/09,"32,092","5,540.06","-"
2024/05/10,"32,274","5,575.45","-"
2024/05/13,"32,417","5,608.57","-"
2024/05/14,"32,505","5,629.71","-"
2024/05/15,"32,692","5,664.00","-"
2024/05/16,"32,541","5,641.83","-"
2024/05/17,"32,815","5,698.22","-"
2024/05/20,"32,929","5,722.14","-"
2024/05/21,"33,091","5,757.10","-"
2024/05/22,"33,094","5,784.33","-"
2024/05/23,"33,093","5,791.62","-"
2024/05/24,"32,936","5,771.32","-"
2024/05/27,"33,058","5,814.65","-"
2024/05/28,"33,117","5,835.46","-"
2024/05/29,"33,159","5,842.82","-"
2024/05/30,"32,888","5,822.52","-"
2024/05/31,"32,622","5,786.94","-"
2024/06/03,"32,952","5,847.80","-"
2024/06/04,"32,873","5,840.44","-"
2024/06/05,"32,599","5,803.14","-"
2024/06/06,"33,068","5,891.69","-"
2024/06/07,"33,123","5,909.30","-"
2024/06/10,"33,252","5,938.51","-"
2024/06/11,"33,367","5,965.43","-"
2024/06/12,"33,325","5,966.38","-"
2024/06/13,"33,584","6,015.49","-"
2024/06/14,"33,601","6,024.71","-"
2024/06/17,"33,550","6,038.66","-"
2024/06/18,"33,817","6,089.48","-"
2024/06/19,"33,984","6,128.79","-"
2024/06/20,"34,018","6,137.84","-"
2024/06/21,"34,184","6,167.83","-"
2024/06/24,"34,260","6,195.38","-"
2024/06/25,"34,193","6,189.20","-"
2024/06/26,"34,323","6,219.13","-"
2024/06/27,"34,522","6,260.97","-"
2024/06/28,"34,606","6,301.37","-"
2024/07/01,"34,550","6,298.09","-"
2024/07/02,"34,729","6,335.53","-"
2024/07/03,"34,868","6,380.39","-"
2024/07/04,"35,070","6,419.72","-"
2024/07/05,"35,065","6,425.72","-"
2024/07/08,"35,106","6,433.14","-"
2024/07/09,"35,161","6,449.36","-"
2024/07/10,"35,252","6,471.67","-"
2024/07/11,"35,653","6,551.79","-"
2024/07/12,"34,925","6,425.95","-"
2024/07/16,"35,044","6,449.79","-"
2024/07/17,"35,236","6,491.74","-"
2024/07/18,"34,237","6,338.93","-"
2024/07/19,"34,328","6,359.15","-"
2024/07/22,"34,112","6,326.21","-"
2024/07/23,"34,271","6,360.12","-"
2024/07/24,"34,025","6,319.48","-"
2024/07/25,"32,814","6,098.95","-"
2024/07/26,"32,810","6,105.50","-"
2024/07/29,"33,085","6,159.74","-"
2024/07/30,"33,136","6,180.44","-"
2024/07/31,"32,680","6,100.12","-"
2024/08/01,"32,547","6,078.78","-"
2024/08/02,"32,048","5,995.92","-"
2024/08/05,"30,617","5,736.28","-"
2024/08/06,"29,710","5,563.22","-"
2024/08/07,"30,346","5,668.88","-"
2024/08/08,"30,077","5,607.81","-"
2024/08/09,"30,943","5,776.25","-"
2024/08/13,"31,043","5,800.28","-"
2024/08/14,"31,482","5,886.84","-"
2024/08/15,"31,674","5,928.80","-"
2024/08/16,"32,529","6,090.73","-"
2024/08/19,"32,386","6,099.18","-"
2024/08/20,"32,378","6,101.68","-"
2024/08/21,"32,136","6,064.74","-"
2024/08/22,"32,242","6,091.63","-"
2024/08/23,"32,209","6,091.98","-"
2024/08/26,"31,992","6,059.90","-"
2024/08/27,"32,188","6,099.43","-"
2024/08/28,"32,118","6,086.18","-"
2024/08/29,"32,007","6,084.06","-"
2024/08/30,"32,097","6,106.59","-"
2024/09/02,"32,666","6,223.54","-"
2024/09/03,"32,874","6,264.58","-"
2024/09/04,"31,866","6,072.37","-"
2024/09/05,"31,420","6,001.15","-"
2024/09/06,"31,226","5,968.43","-"
2024/09/09,"30,625","5,855.22","-"
2024/09/10,"31,086","5,946.85","-"
2024/09/11,"30,850","5,910.06","-"
2024/09/12,"31,268","5,994.73","-"
2024/09/13,"31,276","5,999.59","-"
2024/09/17,"31,343","6,039.55","-"
2024/09/18,"31,564","6,083.48","-"
2024/09/19,"31,888","6,154.62","-"
2024/09/20,"32,255","6,227.21","-"
2024/09/24,"32,427","6,267.67","-"
2024/09/25,"32,493","6,285.87","-"
2024/09/26,"32,687","6,327.05","-"
2024/09/27,"33,107","6,417.84","-"
2024/09/30,"32,475","6,308.36","-"
2024/10/01,"32,820","6,380.69","-"
2024/10/02,"32,493","6,320.39","-"
2024/10/03,"33,214","6,475.92","-"
2024/10/04,"33,020","6,438.94","-"
2024/10/07,"33,643","6,566.33","-"
2024/10/08,"33,290","6,497.67","-"
2024/10/09,"33,552","6,549.77","-"
2024/10/10,"34,018","6,639.18","-"
2024/10/11,"33,794","6,603.01","-"
2024/10/15,"34,455","6,736.83","0"
2024/10/16,"34,095","6,667.64","-"
2024/10/17,"34,279","6,713.23","-"
2024/10/18,"34,432","6,765.95","-"
2024/10/21,"34,417","6,767.61","-"
2024/10/22,"34,596","6,803.68","-"
2024/10/23,"34,687","6,826.25","-"
2024/10/24,"34,724","6,834.56","-"
2024/10/25,"34,666","6,827.97","-"
2024/10/28,"34,926","6,880.46","-"
2024/10/29,"34,922","6,883.87","-"
2024/10/30,"35,019","6,918.17","-"
2024/10/31,"34,937","6,904.58","-"
2024/11/01,"34,023","6,729.97","-"
2024/11/05,"34,202","6,766.66","-"
2024/11/06,"34,631","6,859.89","-"
2024/11/07,"35,635","7,061.92","-"
2024/11/08,"35,606","7,061.59","-"
2024/11/11,"35,639","7,072.71","-"
2024/11/12,"35,884","7,122.28","-"
2024/11/13,"35,931","7,131.48","-"
2024/11/14,"36,080","7,167.31","-"
2024/11/15,"36,185","7,194.02","-"
2024/11/18,"35,210","7,001.99","-"
2024/11/19,"35,399","7,070.35","-"
2024/11/20,"35,623","7,116.72","-"
2024/11/21,"35,647","7,129.75","-"
2024/11/22,"35,681","7,143.19","-"
2024/11/25,"35,806","7,174.85","-"
2024/11/26,"35,850","7,189.69","-"
2024/11/27,"35,676","7,159.38","-"
2024/11/28,"35,349","7,107.31","-"
2024/11/29,"35,145","7,070.56","-"
2024/12/02,"35,197","7,081.13","-"
2024/12/03,"35,213","7,096.30","-"
2024/12/04,"35,238","7,111.18","-"
2024/12/05,"35,586","7,182.62","-"
2024/12/06,"35,508","7,169.90","-"
2024/12/09,"35,524","7,174.59","-"
2024/12/10,"35,742","7,221.06","-"
2024/12/11,"35,663","7,213.10","-"
2024/12/12,"36,040","7,294.09","-"
2024/12/13,"35,983","7,285.79","-"
2024/12/16,"36,174","7,329.52","-"
